{"level":"info","ts":"2026-04-25T15:05:43.847+0200","caller":"server/web_server.go:41","msg":"Setting up OAuth2 middleware","component":"WebServerProvisioner"}
{"level":"info","ts":"2026-04-25T15:05:43.851+0200","caller":"security/jwt.go:21","msg":"OAuth2 middleware set up with role: ROLE_USER","component":"Jwt"}
{"level":"info","ts":"2026-04-25T15:05:43.851+0200","caller":"dynamodb/repository.go:37","msg":"Using AWS DynamoDB service without local endpoint","component":"dynamodb.TagDynamoDBRepository"}
{"level":"info","ts":"2026-04-25T15:07:53.311+0200","caller":"security/jwt.go:69","msg":"authenticating user: valerio.vaudi@gmail.com\n","component":"Jwt"}
{"level":"info","ts":"2026-04-25T15:07:53.312+0200","caller":"security/jwt.go:72","msg":"user valerio.vaudi@gmail.com has those authority [ROLE_BUDGET ROLE_USER FACTOR_PASSWORD]\n","component":"Jwt"}
{"level":"info","ts":"2026-04-25T15:07:53.312+0200","caller":"security/jwt.go:80","msg":"user valerio.vaudi@gmail.com has required authority: ROLE_USER\nThe user has [ROLE_BUDGET ROLE_USER FACTOR_PASSWORD]","component":"Jwt"}
{"level":"info","ts":"2026-04-25T15:07:53.312+0200","caller":"security/jwt.go:89","msg":"authenticated user: valerio.vaudi@gmail.com\n","component":"Jwt"}
{"level":"info","ts":"2026-04-25T15:07:53.516+0200","caller":"security/jwt.go:69","msg":"authenticating user: valerio.vaudi@gmail.com\n","component":"Jwt"}
{"level":"info","ts":"2026-04-25T15:07:53.516+0200","caller":"security/jwt.go:72","msg":"user valerio.vaudi@gmail.com has those authority [ROLE_BUDGET ROLE_USER FACTOR_PASSWORD]\n","component":"Jwt"}
{"level":"info","ts":"2026-04-25T15:07:53.516+0200","caller":"security/jwt.go:80","msg":"user valerio.vaudi@gmail.com has required authority: ROLE_USER\nThe user has [ROLE_BUDGET ROLE_USER FACTOR_PASSWORD]","component":"Jwt"}
{"level":"info","ts":"2026-04-25T15:07:53.516+0200","caller":"security/jwt.go:89","msg":"authenticated user: valerio.vaudi@gmail.com\n","component":"Jwt"}
{"level":"info","ts":"2026-04-25T15:07:53.856+0200","caller":"security/jwt.go:69","msg":"authenticating user: valerio.vaudi@gmail.com\n","component":"Jwt"}
{"level":"info","ts":"2026-04-25T15:07:53.856+0200","caller":"security/jwt.go:72","msg":"user valerio.vaudi@gmail.com has those authority [ROLE_BUDGET ROLE_USER FACTOR_PASSWORD]\n","component":"Jwt"}
{"level":"info","ts":"2026-04-25T15:07:53.856+0200","caller":"security/jwt.go:80","msg":"user valerio.vaudi@gmail.com has required authority: ROLE_USER\nThe user has [ROLE_BUDGET ROLE_USER FACTOR_PASSWORD]","component":"Jwt"}
{"level":"info","ts":"2026-04-25T15:07:53.856+0200","caller":"security/jwt.go:89","msg":"authenticated user: valerio.vaudi@gmail.com\n","component":"Jwt"}
{"level":"info","ts":"2026-04-25T15:20:18.947+0200","caller":"security/jwt.go:69","msg":"authenticating user: valerio.vaudi@gmail.com\n","component":"Jwt"}
{"level":"info","ts":"2026-04-25T15:20:18.947+0200","caller":"security/jwt.go:72","msg":"user valerio.vaudi@gmail.com has those authority [ROLE_BUDGET ROLE_USER FACTOR_PASSWORD]\n","component":"Jwt"}
{"level":"info","ts":"2026-04-25T15:20:18.947+0200","caller":"security/jwt.go:80","msg":"user valerio.vaudi@gmail.com has required authority: ROLE_USER\nThe user has [ROLE_BUDGET ROLE_USER FACTOR_PASSWORD]","component":"Jwt"}
{"level":"info","ts":"2026-04-25T15:20:18.947+0200","caller":"security/jwt.go:89","msg":"authenticated user: valerio.vaudi@gmail.com\n","component":"Jwt"}
{"level":"info","ts":"2026-04-25T15:20:19.101+0200","caller":"security/jwt.go:69","msg":"authenticating user: valerio.vaudi@gmail.com\n","component":"Jwt"}
{"level":"info","ts":"2026-04-25T15:20:19.102+0200","caller":"security/jwt.go:72","msg":"user valerio.vaudi@gmail.com has those authority [ROLE_BUDGET ROLE_USER FACTOR_PASSWORD]\n","component":"Jwt"}
{"level":"info","ts":"2026-04-25T15:20:19.102+0200","caller":"security/jwt.go:80","msg":"user valerio.vaudi@gmail.com has required authority: ROLE_USER\nThe user has [ROLE_BUDGET ROLE_USER FACTOR_PASSWORD]","component":"Jwt"}
{"level":"info","ts":"2026-04-25T15:20:19.102+0200","caller":"security/jwt.go:89","msg":"authenticated user: valerio.vaudi@gmail.com\n","component":"Jwt"}
{"level":"info","ts":"2026-04-25T15:20:19.450+0200","caller":"security/jwt.go:69","msg":"authenticating user: valerio.vaudi@gmail.com\n","component":"Jwt"}
{"level":"info","ts":"2026-04-25T15:20:19.451+0200","caller":"security/jwt.go:72","msg":"user valerio.vaudi@gmail.com has those authority [ROLE_BUDGET ROLE_USER FACTOR_PASSWORD]\n","component":"Jwt"}
{"level":"info","ts":"2026-04-25T15:20:19.451+0200","caller":"security/jwt.go:80","msg":"user valerio.vaudi@gmail.com has required authority: ROLE_USER\nThe user has [ROLE_BUDGET ROLE_USER FACTOR_PASSWORD]","component":"Jwt"}
{"level":"info","ts":"2026-04-25T15:20:19.451+0200","caller":"security/jwt.go:89","msg":"authenticated user: valerio.vaudi@gmail.com\n","component":"Jwt"}
{"level":"info","ts":"2026-04-25T15:21:10.782+0200","caller":"security/jwt.go:69","msg":"authenticating user: valerio.vaudi@gmail.com\n","component":"Jwt"}
{"level":"info","ts":"2026-04-25T15:21:10.783+0200","caller":"security/jwt.go:72","msg":"user valerio.vaudi@gmail.com has those authority [ROLE_BUDGET ROLE_USER FACTOR_PASSWORD]\n","component":"Jwt"}
{"level":"info","ts":"2026-04-25T15:21:10.783+0200","caller":"security/jwt.go:80","msg":"user valerio.vaudi@gmail.com has required authority: ROLE_USER\nThe user has [ROLE_BUDGET ROLE_USER FACTOR_PASSWORD]","component":"Jwt"}
{"level":"info","ts":"2026-04-25T15:21:10.785+0200","caller":"security/jwt.go:89","msg":"authenticated user: valerio.vaudi@gmail.com\n","component":"Jwt"}
{"level":"error","ts":"2026-04-25T15:21:17.182+0200","caller":"security/jwt.go:47","msg":"failed to parse jwt token: jwt.Parse: failed to parse token: unknown payload type (payload is not JWT?)\n","component":"Jwt"}
{"level":"info","ts":"2026-04-25T15:21:23.775+0200","caller":"security/jwt.go:69","msg":"authenticating user: valerio.vaudi@gmail.com\n","component":"Jwt"}
{"level":"info","ts":"2026-04-25T15:21:23.775+0200","caller":"security/jwt.go:72","msg":"user valerio.vaudi@gmail.com has those authority [ROLE_BUDGET ROLE_USER FACTOR_PASSWORD]\n","component":"Jwt"}
{"level":"info","ts":"2026-04-25T15:21:23.775+0200","caller":"security/jwt.go:80","msg":"user valerio.vaudi@gmail.com has required authority: ROLE_USER\nThe user has [ROLE_BUDGET ROLE_USER FACTOR_PASSWORD]","component":"Jwt"}
{"level":"info","ts":"2026-04-25T15:21:23.775+0200","caller":"security/jwt.go:89","msg":"authenticated user: valerio.vaudi@gmail.com\n","component":"Jwt"}
{"level":"info","ts":"2026-04-25T15:21:23.831+0200","caller":"security/jwt.go:69","msg":"authenticating user: valerio.vaudi@gmail.com\n","component":"Jwt"}
{"level":"info","ts":"2026-04-25T15:21:23.831+0200","caller":"security/jwt.go:72","msg":"user valerio.vaudi@gmail.com has those authority [ROLE_BUDGET ROLE_USER FACTOR_PASSWORD]\n","component":"Jwt"}
{"level":"info","ts":"2026-04-25T15:21:23.831+0200","caller":"security/jwt.go:80","msg":"user valerio.vaudi@gmail.com has required authority: ROLE_USER\nThe user has [ROLE_BUDGET ROLE_USER FACTOR_PASSWORD]","component":"Jwt"}
{"level":"info","ts":"2026-04-25T15:21:23.831+0200","caller":"security/jwt.go:89","msg":"authenticated user: valerio.vaudi@gmail.com\n","component":"Jwt"}
{"level":"info","ts":"2026-04-25T15:21:24.167+0200","caller":"security/jwt.go:69","msg":"authenticating user: valerio.vaudi@gmail.com\n","component":"Jwt"}
{"level":"info","ts":"2026-04-25T15:21:24.167+0200","caller":"security/jwt.go:72","msg":"user valerio.vaudi@gmail.com has those authority [ROLE_BUDGET ROLE_USER FACTOR_PASSWORD]\n","component":"Jwt"}
{"level":"info","ts":"2026-04-25T15:21:24.167+0200","caller":"security/jwt.go:80","msg":"user valerio.vaudi@gmail.com has required authority: ROLE_USER\nThe user has [ROLE_BUDGET ROLE_USER FACTOR_PASSWORD]","component":"Jwt"}
{"level":"info","ts":"2026-04-25T15:21:24.167+0200","caller":"security/jwt.go:89","msg":"authenticated user: valerio.vaudi@gmail.com\n","component":"Jwt"}
{"level":"error","ts":"2026-04-25T15:22:07.971+0200","caller":"security/jwt.go:47","msg":"failed to parse jwt token: jwt.Parse: failed to parse token: unknown payload type (payload is not JWT?)\n","component":"Jwt"}
{"level":"info","ts":"2026-04-25T15:22:23.830+0200","caller":"security/jwt.go:69","msg":"authenticating user: valerio.vaudi@gmail.com\n","component":"Jwt"}
{"level":"info","ts":"2026-04-25T15:22:23.830+0200","caller":"security/jwt.go:72","msg":"user valerio.vaudi@gmail.com has those authority [ROLE_BUDGET ROLE_USER FACTOR_PASSWORD]\n","component":"Jwt"}
{"level":"info","ts":"2026-04-25T15:22:23.830+0200","caller":"security/jwt.go:80","msg":"user valerio.vaudi@gmail.com has required authority: ROLE_USER\nThe user has [ROLE_BUDGET ROLE_USER FACTOR_PASSWORD]","component":"Jwt"}
{"level":"info","ts":"2026-04-25T15:22:23.830+0200","caller":"security/jwt.go:89","msg":"authenticated user: valerio.vaudi@gmail.com\n","component":"Jwt"}
{"level":"info","ts":"2026-04-25T15:22:23.886+0200","caller":"security/jwt.go:69","msg":"authenticating user: valerio.vaudi@gmail.com\n","component":"Jwt"}
{"level":"info","ts":"2026-04-25T15:22:23.886+0200","caller":"security/jwt.go:72","msg":"user valerio.vaudi@gmail.com has those authority [ROLE_BUDGET ROLE_USER FACTOR_PASSWORD]\n","component":"Jwt"}
{"level":"info","ts":"2026-04-25T15:22:23.886+0200","caller":"security/jwt.go:80","msg":"user valerio.vaudi@gmail.com has required authority: ROLE_USER\nThe user has [ROLE_BUDGET ROLE_USER FACTOR_PASSWORD]","component":"Jwt"}
{"level":"info","ts":"2026-04-25T15:22:23.886+0200","caller":"security/jwt.go:89","msg":"authenticated user: valerio.vaudi@gmail.com\n","component":"Jwt"}
{"level":"info","ts":"2026-04-25T15:22:24.217+0200","caller":"security/jwt.go:69","msg":"authenticating user: valerio.vaudi@gmail.com\n","component":"Jwt"}
{"level":"info","ts":"2026-04-25T15:22:24.217+0200","caller":"security/jwt.go:72","msg":"user valerio.vaudi@gmail.com has those authority [ROLE_BUDGET ROLE_USER FACTOR_PASSWORD]\n","component":"Jwt"}
{"level":"info","ts":"2026-04-25T15:22:24.217+0200","caller":"security/jwt.go:80","msg":"user valerio.vaudi@gmail.com has required authority: ROLE_USER\nThe user has [ROLE_BUDGET ROLE_USER FACTOR_PASSWORD]","component":"Jwt"}
{"level":"info","ts":"2026-04-25T15:22:24.217+0200","caller":"security/jwt.go:89","msg":"authenticated user: valerio.vaudi@gmail.com\n","component":"Jwt"}
{"level":"error","ts":"2026-04-25T15:24:23.488+0200","caller":"security/jwt.go:47","msg":"failed to parse jwt token: jwt.Parse: failed to parse token: unknown payload type (payload is not JWT?)\n","component":"Jwt"}
{"level":"info","ts":"2026-04-25T15:24:30.035+0200","caller":"security/jwt.go:69","msg":"authenticating user: valerio.vaudi@gmail.com\n","component":"Jwt"}
{"level":"info","ts":"2026-04-25T15:24:30.035+0200","caller":"security/jwt.go:72","msg":"user valerio.vaudi@gmail.com has those authority [ROLE_BUDGET ROLE_USER FACTOR_PASSWORD]\n","component":"Jwt"}
{"level":"info","ts":"2026-04-25T15:24:30.035+0200","caller":"security/jwt.go:80","msg":"user valerio.vaudi@gmail.com has required authority: ROLE_USER\nThe user has [ROLE_BUDGET ROLE_USER FACTOR_PASSWORD]","component":"Jwt"}
{"level":"info","ts":"2026-04-25T15:24:30.035+0200","caller":"security/jwt.go:89","msg":"authenticated user: valerio.vaudi@gmail.com\n","component":"Jwt"}
{"level":"info","ts":"2026-04-25T15:24:30.198+0200","caller":"security/jwt.go:69","msg":"authenticating user: valerio.vaudi@gmail.com\n","component":"Jwt"}
{"level":"info","ts":"2026-04-25T15:24:30.198+0200","caller":"security/jwt.go:72","msg":"user valerio.vaudi@gmail.com has those authority [ROLE_BUDGET ROLE_USER FACTOR_PASSWORD]\n","component":"Jwt"}
{"level":"info","ts":"2026-04-25T15:24:30.198+0200","caller":"security/jwt.go:80","msg":"user valerio.vaudi@gmail.com has required authority: ROLE_USER\nThe user has [ROLE_BUDGET ROLE_USER FACTOR_PASSWORD]","component":"Jwt"}
{"level":"info","ts":"2026-04-25T15:24:30.198+0200","caller":"security/jwt.go:89","msg":"authenticated user: valerio.vaudi@gmail.com\n","component":"Jwt"}
{"level":"info","ts":"2026-04-25T15:24:30.440+0200","caller":"security/jwt.go:69","msg":"authenticating user: valerio.vaudi@gmail.com\n","component":"Jwt"}
{"level":"info","ts":"2026-04-25T15:24:30.440+0200","caller":"security/jwt.go:72","msg":"user valerio.vaudi@gmail.com has those authority [ROLE_BUDGET ROLE_USER FACTOR_PASSWORD]\n","component":"Jwt"}
{"level":"info","ts":"2026-04-25T15:24:30.440+0200","caller":"security/jwt.go:80","msg":"user valerio.vaudi@gmail.com has required authority: ROLE_USER\nThe user has [ROLE_BUDGET ROLE_USER FACTOR_PASSWORD]","component":"Jwt"}
{"level":"info","ts":"2026-04-25T15:24:30.440+0200","caller":"security/jwt.go:89","msg":"authenticated user: valerio.vaudi@gmail.com\n","component":"Jwt"}
{"level":"info","ts":"2026-04-26T08:50:13.443+0200","caller":"security/jwt.go:69","msg":"authenticating user: valerio.vaudi@gmail.com\n","component":"Jwt"}
{"level":"info","ts":"2026-04-26T08:50:13.443+0200","caller":"security/jwt.go:72","msg":"user valerio.vaudi@gmail.com has those authority [ROLE_BUDGET ROLE_USER FACTOR_PASSWORD]\n","component":"Jwt"}
{"level":"info","ts":"2026-04-26T08:50:13.443+0200","caller":"security/jwt.go:80","msg":"user valerio.vaudi@gmail.com has required authority: ROLE_USER\nThe user has [ROLE_BUDGET ROLE_USER FACTOR_PASSWORD]","component":"Jwt"}
{"level":"info","ts":"2026-04-26T08:50:13.443+0200","caller":"security/jwt.go:89","msg":"authenticated user: valerio.vaudi@gmail.com\n","component":"Jwt"}
{"level":"info","ts":"2026-04-26T08:50:13.641+0200","caller":"security/jwt.go:69","msg":"authenticating user: valerio.vaudi@gmail.com\n","component":"Jwt"}
{"level":"info","ts":"2026-04-26T08:50:13.641+0200","caller":"security/jwt.go:72","msg":"user valerio.vaudi@gmail.com has those authority [ROLE_BUDGET ROLE_USER FACTOR_PASSWORD]\n","component":"Jwt"}
{"level":"info","ts":"2026-04-26T08:50:13.641+0200","caller":"security/jwt.go:80","msg":"user valerio.vaudi@gmail.com has required authority: ROLE_USER\nThe user has [ROLE_BUDGET ROLE_USER FACTOR_PASSWORD]","component":"Jwt"}
{"level":"info","ts":"2026-04-26T08:50:13.641+0200","caller":"security/jwt.go:89","msg":"authenticated user: valerio.vaudi@gmail.com\n","component":"Jwt"}
{"level":"info","ts":"2026-04-26T08:50:14.006+0200","caller":"security/jwt.go:69","msg":"authenticating user: valerio.vaudi@gmail.com\n","component":"Jwt"}
{"level":"info","ts":"2026-04-26T08:50:14.006+0200","caller":"security/jwt.go:72","msg":"user valerio.vaudi@gmail.com has those authority [ROLE_BUDGET ROLE_USER FACTOR_PASSWORD]\n","component":"Jwt"}
{"level":"info","ts":"2026-04-26T08:50:14.006+0200","caller":"security/jwt.go:80","msg":"user valerio.vaudi@gmail.com has required authority: ROLE_USER\nThe user has [ROLE_BUDGET ROLE_USER FACTOR_PASSWORD]","component":"Jwt"}
{"level":"info","ts":"2026-04-26T08:50:14.006+0200","caller":"security/jwt.go:89","msg":"authenticated user: valerio.vaudi@gmail.com\n","component":"Jwt"}
{"level":"error","ts":"2026-04-26T09:17:46.507+0200","caller":"security/jwt.go:47","msg":"failed to parse jwt token: jwt.Parse: failed to parse token: unknown payload type (payload is not JWT?)\n","component":"Jwt"}
{"level":"info","ts":"2026-04-26T09:17:54.561+0200","caller":"security/jwt.go:69","msg":"authenticating user: valerio.vaudi@gmail.com\n","component":"Jwt"}
{"level":"info","ts":"2026-04-26T09:17:54.561+0200","caller":"security/jwt.go:72","msg":"user valerio.vaudi@gmail.com has those authority [ROLE_BUDGET ROLE_USER FACTOR_PASSWORD]\n","component":"Jwt"}
{"level":"info","ts":"2026-04-26T09:17:54.561+0200","caller":"security/jwt.go:80","msg":"user valerio.vaudi@gmail.com has required authority: ROLE_USER\nThe user has [ROLE_BUDGET ROLE_USER FACTOR_PASSWORD]","component":"Jwt"}
{"level":"info","ts":"2026-04-26T09:17:54.561+0200","caller":"security/jwt.go:89","msg":"authenticated user: valerio.vaudi@gmail.com\n","component":"Jwt"}
{"level":"info","ts":"2026-04-26T09:17:54.706+0200","caller":"security/jwt.go:69","msg":"authenticating user: valerio.vaudi@gmail.com\n","component":"Jwt"}
{"level":"info","ts":"2026-04-26T09:17:54.706+0200","caller":"security/jwt.go:72","msg":"user valerio.vaudi@gmail.com has those authority [ROLE_BUDGET ROLE_USER FACTOR_PASSWORD]\n","component":"Jwt"}
{"level":"info","ts":"2026-04-26T09:17:54.706+0200","caller":"security/jwt.go:80","msg":"user valerio.vaudi@gmail.com has required authority: ROLE_USER\nThe user has [ROLE_BUDGET ROLE_USER FACTOR_PASSWORD]","component":"Jwt"}
{"level":"info","ts":"2026-04-26T09:17:54.706+0200","caller":"security/jwt.go:89","msg":"authenticated user: valerio.vaudi@gmail.com\n","component":"Jwt"}
{"level":"info","ts":"2026-04-26T09:17:54.950+0200","caller":"security/jwt.go:69","msg":"authenticating user: valerio.vaudi@gmail.com\n","component":"Jwt"}
{"level":"info","ts":"2026-04-26T09:17:54.950+0200","caller":"security/jwt.go:72","msg":"user valerio.vaudi@gmail.com has those authority [ROLE_BUDGET ROLE_USER FACTOR_PASSWORD]\n","component":"Jwt"}
{"level":"info","ts":"2026-04-26T09:17:54.950+0200","caller":"security/jwt.go:80","msg":"user valerio.vaudi@gmail.com has required authority: ROLE_USER\nThe user has [ROLE_BUDGET ROLE_USER FACTOR_PASSWORD]","component":"Jwt"}
{"level":"info","ts":"2026-04-26T09:17:54.950+0200","caller":"security/jwt.go:89","msg":"authenticated user: valerio.vaudi@gmail.com\n","component":"Jwt"}
{"level":"info","ts":"2026-04-26T10:14:28.780+0200","caller":"security/jwt.go:69","msg":"authenticating user: valerio.vaudi@gmail.com\n","component":"Jwt"}
{"level":"info","ts":"2026-04-26T10:14:28.780+0200","caller":"security/jwt.go:72","msg":"user valerio.vaudi@gmail.com has those authority [ROLE_BUDGET ROLE_USER FACTOR_PASSWORD]\n","component":"Jwt"}
{"level":"info","ts":"2026-04-26T10:14:28.780+0200","caller":"security/jwt.go:80","msg":"user valerio.vaudi@gmail.com has required authority: ROLE_USER\nThe user has [ROLE_BUDGET ROLE_USER FACTOR_PASSWORD]","component":"Jwt"}
{"level":"info","ts":"2026-04-26T10:14:28.780+0200","caller":"security/jwt.go:89","msg":"authenticated user: valerio.vaudi@gmail.com\n","component":"Jwt"}
{"level":"info","ts":"2026-04-26T10:14:28.964+0200","caller":"security/jwt.go:69","msg":"authenticating user: valerio.vaudi@gmail.com\n","component":"Jwt"}
{"level":"info","ts":"2026-04-26T10:14:28.964+0200","caller":"security/jwt.go:72","msg":"user valerio.vaudi@gmail.com has those authority [ROLE_BUDGET ROLE_USER FACTOR_PASSWORD]\n","component":"Jwt"}
{"level":"info","ts":"2026-04-26T10:14:28.965+0200","caller":"security/jwt.go:80","msg":"user valerio.vaudi@gmail.com has required authority: ROLE_USER\nThe user has [ROLE_BUDGET ROLE_USER FACTOR_PASSWORD]","component":"Jwt"}
{"level":"info","ts":"2026-04-26T10:14:28.965+0200","caller":"security/jwt.go:89","msg":"authenticated user: valerio.vaudi@gmail.com\n","component":"Jwt"}
{"level":"info","ts":"2026-04-26T10:14:29.343+0200","caller":"security/jwt.go:69","msg":"authenticating user: valerio.vaudi@gmail.com\n","component":"Jwt"}
{"level":"info","ts":"2026-04-26T10:14:29.343+0200","caller":"security/jwt.go:72","msg":"user valerio.vaudi@gmail.com has those authority [ROLE_BUDGET ROLE_USER FACTOR_PASSWORD]\n","component":"Jwt"}
{"level":"info","ts":"2026-04-26T10:14:29.343+0200","caller":"security/jwt.go:80","msg":"user valerio.vaudi@gmail.com has required authority: ROLE_USER\nThe user has [ROLE_BUDGET ROLE_USER FACTOR_PASSWORD]","component":"Jwt"}
{"level":"info","ts":"2026-04-26T10:14:29.343+0200","caller":"security/jwt.go:89","msg":"authenticated user: valerio.vaudi@gmail.com\n","component":"Jwt"}
{"level":"info","ts":"2026-04-26T12:45:52.709+0200","caller":"security/jwt.go:69","msg":"authenticating user: valerio.vaudi@gmail.com\n","component":"Jwt"}
{"level":"info","ts":"2026-04-26T12:45:52.709+0200","caller":"security/jwt.go:72","msg":"user valerio.vaudi@gmail.com has those authority [ROLE_BUDGET ROLE_USER FACTOR_PASSWORD]\n","component":"Jwt"}
{"level":"info","ts":"2026-04-26T12:45:52.709+0200","caller":"security/jwt.go:80","msg":"user valerio.vaudi@gmail.com has required authority: ROLE_USER\nThe user has [ROLE_BUDGET ROLE_USER FACTOR_PASSWORD]","component":"Jwt"}
{"level":"info","ts":"2026-04-26T12:45:52.709+0200","caller":"security/jwt.go:89","msg":"authenticated user: valerio.vaudi@gmail.com\n","component":"Jwt"}
{"level":"info","ts":"2026-04-26T12:45:52.908+0200","caller":"security/jwt.go:69","msg":"authenticating user: valerio.vaudi@gmail.com\n","component":"Jwt"}
{"level":"info","ts":"2026-04-26T12:45:52.908+0200","caller":"security/jwt.go:72","msg":"user valerio.vaudi@gmail.com has those authority [ROLE_BUDGET ROLE_USER FACTOR_PASSWORD]\n","component":"Jwt"}
{"level":"info","ts":"2026-04-26T12:45:52.908+0200","caller":"security/jwt.go:80","msg":"user valerio.vaudi@gmail.com has required authority: ROLE_USER\nThe user has [ROLE_BUDGET ROLE_USER FACTOR_PASSWORD]","component":"Jwt"}
{"level":"info","ts":"2026-04-26T12:45:52.908+0200","caller":"security/jwt.go:89","msg":"authenticated user: valerio.vaudi@gmail.com\n","component":"Jwt"}
{"level":"info","ts":"2026-04-26T12:45:53.256+0200","caller":"security/jwt.go:69","msg":"authenticating user: valerio.vaudi@gmail.com\n","component":"Jwt"}
{"level":"info","ts":"2026-04-26T12:45:53.256+0200","caller":"security/jwt.go:72","msg":"user valerio.vaudi@gmail.com has those authority [ROLE_BUDGET ROLE_USER FACTOR_PASSWORD]\n","component":"Jwt"}
{"level":"info","ts":"2026-04-26T12:45:53.256+0200","caller":"security/jwt.go:80","msg":"user valerio.vaudi@gmail.com has required authority: ROLE_USER\nThe user has [ROLE_BUDGET ROLE_USER FACTOR_PASSWORD]","component":"Jwt"}
{"level":"info","ts":"2026-04-26T12:45:53.256+0200","caller":"security/jwt.go:89","msg":"authenticated user: valerio.vaudi@gmail.com\n","component":"Jwt"}
{"level":"info","ts":"2026-04-26T12:52:46.011+0200","caller":"security/jwt.go:69","msg":"authenticating user: valerio.vaudi@gmail.com\n","component":"Jwt"}
{"level":"info","ts":"2026-04-26T12:52:46.011+0200","caller":"security/jwt.go:72","msg":"user valerio.vaudi@gmail.com has those authority [ROLE_BUDGET ROLE_USER FACTOR_PASSWORD]\n","component":"Jwt"}
{"level":"info","ts":"2026-04-26T12:52:46.011+0200","caller":"security/jwt.go:80","msg":"user valerio.vaudi@gmail.com has required authority: ROLE_USER\nThe user has [ROLE_BUDGET ROLE_USER FACTOR_PASSWORD]","component":"Jwt"}
{"level":"info","ts":"2026-04-26T12:52:46.011+0200","caller":"security/jwt.go:89","msg":"authenticated user: valerio.vaudi@gmail.com\n","component":"Jwt"}
{"level":"info","ts":"2026-04-26T12:52:46.165+0200","caller":"security/jwt.go:69","msg":"authenticating user: valerio.vaudi@gmail.com\n","component":"Jwt"}
{"level":"info","ts":"2026-04-26T12:52:46.165+0200","caller":"security/jwt.go:72","msg":"user valerio.vaudi@gmail.com has those authority [ROLE_BUDGET ROLE_USER FACTOR_PASSWORD]\n","component":"Jwt"}
{"level":"info","ts":"2026-04-26T12:52:46.165+0200","caller":"security/jwt.go:80","msg":"user valerio.vaudi@gmail.com has required authority: ROLE_USER\nThe user has [ROLE_BUDGET ROLE_USER FACTOR_PASSWORD]","component":"Jwt"}
{"level":"info","ts":"2026-04-26T12:52:46.165+0200","caller":"security/jwt.go:89","msg":"authenticated user: valerio.vaudi@gmail.com\n","component":"Jwt"}
{"level":"info","ts":"2026-04-26T12:52:46.518+0200","caller":"security/jwt.go:69","msg":"authenticating user: valerio.vaudi@gmail.com\n","component":"Jwt"}
{"level":"info","ts":"2026-04-26T12:52:46.518+0200","caller":"security/jwt.go:72","msg":"user valerio.vaudi@gmail.com has those authority [ROLE_BUDGET ROLE_USER FACTOR_PASSWORD]\n","component":"Jwt"}
{"level":"info","ts":"2026-04-26T12:52:46.518+0200","caller":"security/jwt.go:80","msg":"user valerio.vaudi@gmail.com has required authority: ROLE_USER\nThe user has [ROLE_BUDGET ROLE_USER FACTOR_PASSWORD]","component":"Jwt"}
{"level":"info","ts":"2026-04-26T12:52:46.518+0200","caller":"security/jwt.go:89","msg":"authenticated user: valerio.vaudi@gmail.com\n","component":"Jwt"}
{"level":"info","ts":"2026-04-26T13:05:53.148+0200","caller":"security/jwt.go:69","msg":"authenticating user: valerio.vaudi@gmail.com\n","component":"Jwt"}
{"level":"info","ts":"2026-04-26T13:05:53.149+0200","caller":"security/jwt.go:72","msg":"user valerio.vaudi@gmail.com has those authority [ROLE_BUDGET ROLE_USER FACTOR_PASSWORD]\n","component":"Jwt"}
{"level":"info","ts":"2026-04-26T13:05:53.149+0200","caller":"security/jwt.go:80","msg":"user valerio.vaudi@gmail.com has required authority: ROLE_USER\nThe user has [ROLE_BUDGET ROLE_USER FACTOR_PASSWORD]","component":"Jwt"}
{"level":"info","ts":"2026-04-26T13:05:53.149+0200","caller":"security/jwt.go:89","msg":"authenticated user: valerio.vaudi@gmail.com\n","component":"Jwt"}
{"level":"info","ts":"2026-04-26T13:05:53.308+0200","caller":"security/jwt.go:69","msg":"authenticating user: valerio.vaudi@gmail.com\n","component":"Jwt"}
{"level":"info","ts":"2026-04-26T13:05:53.308+0200","caller":"security/jwt.go:72","msg":"user valerio.vaudi@gmail.com has those authority [ROLE_BUDGET ROLE_USER FACTOR_PASSWORD]\n","component":"Jwt"}
{"level":"info","ts":"2026-04-26T13:05:53.308+0200","caller":"security/jwt.go:80","msg":"user valerio.vaudi@gmail.com has required authority: ROLE_USER\nThe user has [ROLE_BUDGET ROLE_USER FACTOR_PASSWORD]","component":"Jwt"}
{"level":"info","ts":"2026-04-26T13:05:53.308+0200","caller":"security/jwt.go:89","msg":"authenticated user: valerio.vaudi@gmail.com\n","component":"Jwt"}
{"level":"info","ts":"2026-04-26T13:05:53.663+0200","caller":"security/jwt.go:69","msg":"authenticating user: valerio.vaudi@gmail.com\n","component":"Jwt"}
{"level":"info","ts":"2026-04-26T13:05:53.664+0200","caller":"security/jwt.go:72","msg":"user valerio.vaudi@gmail.com has those authority [ROLE_BUDGET ROLE_USER FACTOR_PASSWORD]\n","component":"Jwt"}
{"level":"info","ts":"2026-04-26T13:05:53.664+0200","caller":"security/jwt.go:80","msg":"user valerio.vaudi@gmail.com has required authority: ROLE_USER\nThe user has [ROLE_BUDGET ROLE_USER FACTOR_PASSWORD]","component":"Jwt"}
{"level":"info","ts":"2026-04-26T13:05:53.664+0200","caller":"security/jwt.go:89","msg":"authenticated user: valerio.vaudi@gmail.com\n","component":"Jwt"}
{"level":"info","ts":"2026-04-28T17:36:05.792+0200","caller":"server/web_server.go:41","msg":"Setting up OAuth2 middleware","component":"WebServerProvisioner"}
{"level":"error","ts":"2026-04-28T17:36:05.805+0200","caller":"security/jwk.go:17","msg":"Error fetching JWK set: jwk.Fetch: request failed: Get \"http://local.api.vauthenticator.com:9090/oauth2/jwks\": dial tcp 127.0.0.1:9090: connect: connection refused","component":"Jwk"}
{"level":"info","ts":"2026-04-28T17:36:05.806+0200","caller":"security/jwt.go:21","msg":"OAuth2 middleware set up with role: ROLE_USER","component":"Jwt"}
{"level":"info","ts":"2026-04-28T17:36:05.807+0200","caller":"dynamodb/repository.go:37","msg":"Using AWS DynamoDB service without local endpoint","component":"dynamodb.TagDynamoDBRepository"}
{"level":"info","ts":"2026-04-28T17:45:19.562+0200","caller":"security/jwt.go:69","msg":"authenticating user: valerio.vaudi@gmail.com\n","component":"Jwt"}
{"level":"info","ts":"2026-04-28T17:45:19.562+0200","caller":"security/jwt.go:72","msg":"user valerio.vaudi@gmail.com has those authority [ROLE_BUDGET ROLE_USER FACTOR_PASSWORD]\n","component":"Jwt"}
{"level":"info","ts":"2026-04-28T17:45:19.562+0200","caller":"security/jwt.go:80","msg":"user valerio.vaudi@gmail.com has required authority: ROLE_USER\nThe user has [ROLE_BUDGET ROLE_USER FACTOR_PASSWORD]","component":"Jwt"}
{"level":"info","ts":"2026-04-28T17:45:19.562+0200","caller":"security/jwt.go:89","msg":"authenticated user: valerio.vaudi@gmail.com\n","component":"Jwt"}
{"level":"info","ts":"2026-04-28T17:45:19.770+0200","caller":"security/jwt.go:69","msg":"authenticating user: valerio.vaudi@gmail.com\n","component":"Jwt"}
{"level":"info","ts":"2026-04-28T17:45:19.771+0200","caller":"security/jwt.go:72","msg":"user valerio.vaudi@gmail.com has those authority [ROLE_BUDGET ROLE_USER FACTOR_PASSWORD]\n","component":"Jwt"}
{"level":"info","ts":"2026-04-28T17:45:19.771+0200","caller":"security/jwt.go:80","msg":"user valerio.vaudi@gmail.com has required authority: ROLE_USER\nThe user has [ROLE_BUDGET ROLE_USER FACTOR_PASSWORD]","component":"Jwt"}
{"level":"info","ts":"2026-04-28T17:45:19.771+0200","caller":"security/jwt.go:89","msg":"authenticated user: valerio.vaudi@gmail.com\n","component":"Jwt"}
{"level":"info","ts":"2026-04-28T17:45:20.083+0200","caller":"security/jwt.go:69","msg":"authenticating user: valerio.vaudi@gmail.com\n","component":"Jwt"}
{"level":"info","ts":"2026-04-28T17:45:20.083+0200","caller":"security/jwt.go:72","msg":"user valerio.vaudi@gmail.com has those authority [ROLE_BUDGET ROLE_USER FACTOR_PASSWORD]\n","component":"Jwt"}
{"level":"info","ts":"2026-04-28T17:45:20.083+0200","caller":"security/jwt.go:80","msg":"user valerio.vaudi@gmail.com has required authority: ROLE_USER\nThe user has [ROLE_BUDGET ROLE_USER FACTOR_PASSWORD]","component":"Jwt"}
{"level":"info","ts":"2026-04-28T17:45:20.083+0200","caller":"security/jwt.go:89","msg":"authenticated user: valerio.vaudi@gmail.com\n","component":"Jwt"}
{"level":"info","ts":"2026-04-28T17:46:33.324+0200","caller":"security/jwt.go:69","msg":"authenticating user: valerio.vaudi@gmail.com\n","component":"Jwt"}
{"level":"info","ts":"2026-04-28T17:46:33.324+0200","caller":"security/jwt.go:72","msg":"user valerio.vaudi@gmail.com has those authority [ROLE_BUDGET ROLE_USER FACTOR_PASSWORD]\n","component":"Jwt"}
{"level":"info","ts":"2026-04-28T17:46:33.324+0200","caller":"security/jwt.go:80","msg":"user valerio.vaudi@gmail.com has required authority: ROLE_USER\nThe user has [ROLE_BUDGET ROLE_USER FACTOR_PASSWORD]","component":"Jwt"}
{"level":"info","ts":"2026-04-28T17:46:33.324+0200","caller":"security/jwt.go:89","msg":"authenticated user: valerio.vaudi@gmail.com\n","component":"Jwt"}
{"level":"info","ts":"2026-04-28T17:46:34.018+0200","caller":"security/jwt.go:69","msg":"authenticating user: valerio.vaudi@gmail.com\n","component":"Jwt"}
{"level":"info","ts":"2026-04-28T17:46:34.018+0200","caller":"security/jwt.go:72","msg":"user valerio.vaudi@gmail.com has those authority [ROLE_BUDGET ROLE_USER FACTOR_PASSWORD]\n","component":"Jwt"}
{"level":"info","ts":"2026-04-28T17:46:34.018+0200","caller":"security/jwt.go:80","msg":"user valerio.vaudi@gmail.com has required authority: ROLE_USER\nThe user has [ROLE_BUDGET ROLE_USER FACTOR_PASSWORD]","component":"Jwt"}
{"level":"info","ts":"2026-04-28T17:46:34.018+0200","caller":"security/jwt.go:89","msg":"authenticated user: valerio.vaudi@gmail.com\n","component":"Jwt"}
{"level":"info","ts":"2026-04-28T17:48:57.764+0200","caller":"security/jwt.go:69","msg":"authenticating user: valerio.vaudi@gmail.com\n","component":"Jwt"}
{"level":"info","ts":"2026-04-28T17:48:57.765+0200","caller":"security/jwt.go:72","msg":"user valerio.vaudi@gmail.com has those authority [ROLE_BUDGET ROLE_USER FACTOR_PASSWORD]\n","component":"Jwt"}
{"level":"info","ts":"2026-04-28T17:48:57.765+0200","caller":"security/jwt.go:80","msg":"user valerio.vaudi@gmail.com has required authority: ROLE_USER\nThe user has [ROLE_BUDGET ROLE_USER FACTOR_PASSWORD]","component":"Jwt"}
{"level":"info","ts":"2026-04-28T17:48:57.765+0200","caller":"security/jwt.go:89","msg":"authenticated user: valerio.vaudi@gmail.com\n","component":"Jwt"}
{"level":"info","ts":"2026-04-28T17:48:58.119+0200","caller":"security/jwt.go:69","msg":"authenticating user: valerio.vaudi@gmail.com\n","component":"Jwt"}
{"level":"info","ts":"2026-04-28T17:48:58.119+0200","caller":"security/jwt.go:72","msg":"user valerio.vaudi@gmail.com has those authority [ROLE_BUDGET ROLE_USER FACTOR_PASSWORD]\n","component":"Jwt"}
{"level":"info","ts":"2026-04-28T17:48:58.119+0200","caller":"security/jwt.go:80","msg":"user valerio.vaudi@gmail.com has required authority: ROLE_USER\nThe user has [ROLE_BUDGET ROLE_USER FACTOR_PASSWORD]","component":"Jwt"}
{"level":"info","ts":"2026-04-28T17:48:58.119+0200","caller":"security/jwt.go:89","msg":"authenticated user: valerio.vaudi@gmail.com\n","component":"Jwt"}
{"level":"info","ts":"2026-04-28T17:50:03.070+0200","caller":"security/jwt.go:69","msg":"authenticating user: valerio.vaudi@gmail.com\n","component":"Jwt"}
{"level":"info","ts":"2026-04-28T17:50:03.070+0200","caller":"security/jwt.go:72","msg":"user valerio.vaudi@gmail.com has those authority [ROLE_BUDGET ROLE_USER FACTOR_PASSWORD]\n","component":"Jwt"}
{"level":"info","ts":"2026-04-28T17:50:03.070+0200","caller":"security/jwt.go:80","msg":"user valerio.vaudi@gmail.com has required authority: ROLE_USER\nThe user has [ROLE_BUDGET ROLE_USER FACTOR_PASSWORD]","component":"Jwt"}
{"level":"info","ts":"2026-04-28T17:50:03.070+0200","caller":"security/jwt.go:89","msg":"authenticated user: valerio.vaudi@gmail.com\n","component":"Jwt"}
{"level":"info","ts":"2026-04-28T17:50:03.361+0200","caller":"security/jwt.go:69","msg":"authenticating user: valerio.vaudi@gmail.com\n","component":"Jwt"}
{"level":"info","ts":"2026-04-28T17:50:03.361+0200","caller":"security/jwt.go:72","msg":"user valerio.vaudi@gmail.com has those authority [ROLE_BUDGET ROLE_USER FACTOR_PASSWORD]\n","component":"Jwt"}
{"level":"info","ts":"2026-04-28T17:50:03.361+0200","caller":"security/jwt.go:80","msg":"user valerio.vaudi@gmail.com has required authority: ROLE_USER\nThe user has [ROLE_BUDGET ROLE_USER FACTOR_PASSWORD]","component":"Jwt"}
{"level":"info","ts":"2026-04-28T17:50:03.361+0200","caller":"security/jwt.go:89","msg":"authenticated user: valerio.vaudi@gmail.com\n","component":"Jwt"}
{"level":"info","ts":"2026-04-28T17:51:08.141+0200","caller":"security/jwt.go:69","msg":"authenticating user: valerio.vaudi@gmail.com\n","component":"Jwt"}
{"level":"info","ts":"2026-04-28T17:51:08.142+0200","caller":"security/jwt.go:72","msg":"user valerio.vaudi@gmail.com has those authority [ROLE_BUDGET ROLE_USER FACTOR_PASSWORD]\n","component":"Jwt"}
{"level":"info","ts":"2026-04-28T17:51:08.142+0200","caller":"security/jwt.go:80","msg":"user valerio.vaudi@gmail.com has required authority: ROLE_USER\nThe user has [ROLE_BUDGET ROLE_USER FACTOR_PASSWORD]","component":"Jwt"}
{"level":"info","ts":"2026-04-28T17:51:08.142+0200","caller":"security/jwt.go:89","msg":"authenticated user: valerio.vaudi@gmail.com\n","component":"Jwt"}
{"level":"info","ts":"2026-04-28T17:51:08.508+0200","caller":"security/jwt.go:69","msg":"authenticating user: valerio.vaudi@gmail.com\n","component":"Jwt"}
{"level":"info","ts":"2026-04-28T17:51:08.508+0200","caller":"security/jwt.go:72","msg":"user valerio.vaudi@gmail.com has those authority [ROLE_BUDGET ROLE_USER FACTOR_PASSWORD]\n","component":"Jwt"}
{"level":"info","ts":"2026-04-28T17:51:08.508+0200","caller":"security/jwt.go:80","msg":"user valerio.vaudi@gmail.com has required authority: ROLE_USER\nThe user has [ROLE_BUDGET ROLE_USER FACTOR_PASSWORD]","component":"Jwt"}
{"level":"info","ts":"2026-04-28T17:51:08.508+0200","caller":"security/jwt.go:89","msg":"authenticated user: valerio.vaudi@gmail.com\n","component":"Jwt"}
{"level":"info","ts":"2026-04-28T17:57:01.770+0200","caller":"security/jwt.go:69","msg":"authenticating user: valerio.vaudi@gmail.com\n","component":"Jwt"}
{"level":"info","ts":"2026-04-28T17:57:01.770+0200","caller":"security/jwt.go:72","msg":"user valerio.vaudi@gmail.com has those authority [ROLE_BUDGET ROLE_USER FACTOR_PASSWORD]\n","component":"Jwt"}
{"level":"info","ts":"2026-04-28T17:57:01.770+0200","caller":"security/jwt.go:80","msg":"user valerio.vaudi@gmail.com has required authority: ROLE_USER\nThe user has [ROLE_BUDGET ROLE_USER FACTOR_PASSWORD]","component":"Jwt"}
{"level":"info","ts":"2026-04-28T17:57:01.770+0200","caller":"security/jwt.go:89","msg":"authenticated user: valerio.vaudi@gmail.com\n","component":"Jwt"}
{"level":"info","ts":"2026-04-28T17:57:01.936+0200","caller":"security/jwt.go:69","msg":"authenticating user: valerio.vaudi@gmail.com\n","component":"Jwt"}
{"level":"info","ts":"2026-04-28T17:57:01.936+0200","caller":"security/jwt.go:72","msg":"user valerio.vaudi@gmail.com has those authority [ROLE_BUDGET ROLE_USER FACTOR_PASSWORD]\n","component":"Jwt"}
{"level":"info","ts":"2026-04-28T17:57:01.936+0200","caller":"security/jwt.go:80","msg":"user valerio.vaudi@gmail.com has required authority: ROLE_USER\nThe user has [ROLE_BUDGET ROLE_USER FACTOR_PASSWORD]","component":"Jwt"}
{"level":"info","ts":"2026-04-28T17:57:01.936+0200","caller":"security/jwt.go:89","msg":"authenticated user: valerio.vaudi@gmail.com\n","component":"Jwt"}
{"level":"info","ts":"2026-04-28T17:57:02.284+0200","caller":"security/jwt.go:69","msg":"authenticating user: valerio.vaudi@gmail.com\n","component":"Jwt"}
{"level":"info","ts":"2026-04-28T17:57:02.284+0200","caller":"security/jwt.go:72","msg":"user valerio.vaudi@gmail.com has those authority [ROLE_BUDGET ROLE_USER FACTOR_PASSWORD]\n","component":"Jwt"}
{"level":"info","ts":"2026-04-28T17:57:02.284+0200","caller":"security/jwt.go:80","msg":"user valerio.vaudi@gmail.com has required authority: ROLE_USER\nThe user has [ROLE_BUDGET ROLE_USER FACTOR_PASSWORD]","component":"Jwt"}
{"level":"info","ts":"2026-04-28T17:57:02.284+0200","caller":"security/jwt.go:89","msg":"authenticated user: valerio.vaudi@gmail.com\n","component":"Jwt"}
{"level":"info","ts":"2026-04-28T18:59:37.567+0200","caller":"security/jwt.go:69","msg":"authenticating user: valerio.vaudi@gmail.com\n","component":"Jwt"}
{"level":"info","ts":"2026-04-28T18:59:37.567+0200","caller":"security/jwt.go:72","msg":"user valerio.vaudi@gmail.com has those authority [ROLE_BUDGET ROLE_USER FACTOR_PASSWORD]\n","component":"Jwt"}
{"level":"info","ts":"2026-04-28T18:59:37.567+0200","caller":"security/jwt.go:80","msg":"user valerio.vaudi@gmail.com has required authority: ROLE_USER\nThe user has [ROLE_BUDGET ROLE_USER FACTOR_PASSWORD]","component":"Jwt"}
{"level":"info","ts":"2026-04-28T18:59:37.567+0200","caller":"security/jwt.go:89","msg":"authenticated user: valerio.vaudi@gmail.com\n","component":"Jwt"}
{"level":"info","ts":"2026-04-28T18:59:37.750+0200","caller":"security/jwt.go:69","msg":"authenticating user: valerio.vaudi@gmail.com\n","component":"Jwt"}
{"level":"info","ts":"2026-04-28T18:59:37.751+0200","caller":"security/jwt.go:72","msg":"user valerio.vaudi@gmail.com has those authority [ROLE_BUDGET ROLE_USER FACTOR_PASSWORD]\n","component":"Jwt"}
{"level":"info","ts":"2026-04-28T18:59:37.751+0200","caller":"security/jwt.go:80","msg":"user valerio.vaudi@gmail.com has required authority: ROLE_USER\nThe user has [ROLE_BUDGET ROLE_USER FACTOR_PASSWORD]","component":"Jwt"}
{"level":"info","ts":"2026-04-28T18:59:37.751+0200","caller":"security/jwt.go:89","msg":"authenticated user: valerio.vaudi@gmail.com\n","component":"Jwt"}
{"level":"info","ts":"2026-04-28T18:59:38.094+0200","caller":"security/jwt.go:69","msg":"authenticating user: valerio.vaudi@gmail.com\n","component":"Jwt"}
{"level":"info","ts":"2026-04-28T18:59:38.094+0200","caller":"security/jwt.go:72","msg":"user valerio.vaudi@gmail.com has those authority [ROLE_BUDGET ROLE_USER FACTOR_PASSWORD]\n","component":"Jwt"}
{"level":"info","ts":"2026-04-28T18:59:38.094+0200","caller":"security/jwt.go:80","msg":"user valerio.vaudi@gmail.com has required authority: ROLE_USER\nThe user has [ROLE_BUDGET ROLE_USER FACTOR_PASSWORD]","component":"Jwt"}
{"level":"info","ts":"2026-04-28T18:59:38.094+0200","caller":"security/jwt.go:89","msg":"authenticated user: valerio.vaudi@gmail.com\n","component":"Jwt"}
{"level":"info","ts":"2026-04-29T12:08:58.014+0200","caller":"security/jwt.go:69","msg":"authenticating user: valerio.vaudi@gmail.com\n","component":"Jwt"}
{"level":"info","ts":"2026-04-29T12:08:58.015+0200","caller":"security/jwt.go:72","msg":"user valerio.vaudi@gmail.com has those authority [ROLE_BUDGET ROLE_USER FACTOR_PASSWORD]\n","component":"Jwt"}
{"level":"info","ts":"2026-04-29T12:08:58.015+0200","caller":"security/jwt.go:80","msg":"user valerio.vaudi@gmail.com has required authority: ROLE_USER\nThe user has [ROLE_BUDGET ROLE_USER FACTOR_PASSWORD]","component":"Jwt"}
{"level":"info","ts":"2026-04-29T12:08:58.015+0200","caller":"security/jwt.go:89","msg":"authenticated user: valerio.vaudi@gmail.com\n","component":"Jwt"}
{"level":"info","ts":"2026-04-29T12:08:58.199+0200","caller":"security/jwt.go:69","msg":"authenticating user: valerio.vaudi@gmail.com\n","component":"Jwt"}
{"level":"info","ts":"2026-04-29T12:08:58.199+0200","caller":"security/jwt.go:72","msg":"user valerio.vaudi@gmail.com has those authority [ROLE_BUDGET ROLE_USER FACTOR_PASSWORD]\n","component":"Jwt"}
{"level":"info","ts":"2026-04-29T12:08:58.199+0200","caller":"security/jwt.go:80","msg":"user valerio.vaudi@gmail.com has required authority: ROLE_USER\nThe user has [ROLE_BUDGET ROLE_USER FACTOR_PASSWORD]","component":"Jwt"}
{"level":"info","ts":"2026-04-29T12:08:58.199+0200","caller":"security/jwt.go:89","msg":"authenticated user: valerio.vaudi@gmail.com\n","component":"Jwt"}
{"level":"info","ts":"2026-04-29T12:08:58.511+0200","caller":"security/jwt.go:69","msg":"authenticating user: valerio.vaudi@gmail.com\n","component":"Jwt"}
{"level":"info","ts":"2026-04-29T12:08:58.511+0200","caller":"security/jwt.go:72","msg":"user valerio.vaudi@gmail.com has those authority [ROLE_BUDGET ROLE_USER FACTOR_PASSWORD]\n","component":"Jwt"}
{"level":"info","ts":"2026-04-29T12:08:58.511+0200","caller":"security/jwt.go:80","msg":"user valerio.vaudi@gmail.com has required authority: ROLE_USER\nThe user has [ROLE_BUDGET ROLE_USER FACTOR_PASSWORD]","component":"Jwt"}
{"level":"info","ts":"2026-04-29T12:08:58.511+0200","caller":"security/jwt.go:89","msg":"authenticated user: valerio.vaudi@gmail.com\n","component":"Jwt"}
{"level":"info","ts":"2026-04-29T12:10:20.675+0200","caller":"security/jwt.go:69","msg":"authenticating user: valerio.vaudi@gmail.com\n","component":"Jwt"}
{"level":"info","ts":"2026-04-29T12:10:20.675+0200","caller":"security/jwt.go:72","msg":"user valerio.vaudi@gmail.com has those authority [ROLE_BUDGET ROLE_USER FACTOR_PASSWORD]\n","component":"Jwt"}
{"level":"info","ts":"2026-04-29T12:10:20.675+0200","caller":"security/jwt.go:80","msg":"user valerio.vaudi@gmail.com has required authority: ROLE_USER\nThe user has [ROLE_BUDGET ROLE_USER FACTOR_PASSWORD]","component":"Jwt"}
{"level":"info","ts":"2026-04-29T12:10:20.675+0200","caller":"security/jwt.go:89","msg":"authenticated user: valerio.vaudi@gmail.com\n","component":"Jwt"}
{"level":"info","ts":"2026-04-29T12:10:21.270+0200","caller":"security/jwt.go:69","msg":"authenticating user: valerio.vaudi@gmail.com\n","component":"Jwt"}
{"level":"info","ts":"2026-04-29T12:10:21.270+0200","caller":"security/jwt.go:72","msg":"user valerio.vaudi@gmail.com has those authority [ROLE_BUDGET ROLE_USER FACTOR_PASSWORD]\n","component":"Jwt"}
{"level":"info","ts":"2026-04-29T12:10:21.270+0200","caller":"security/jwt.go:80","msg":"user valerio.vaudi@gmail.com has required authority: ROLE_USER\nThe user has [ROLE_BUDGET ROLE_USER FACTOR_PASSWORD]","component":"Jwt"}
{"level":"info","ts":"2026-04-29T12:10:21.270+0200","caller":"security/jwt.go:89","msg":"authenticated user: valerio.vaudi@gmail.com\n","component":"Jwt"}
{"level":"info","ts":"2026-04-29T12:11:36.703+0200","caller":"security/jwt.go:69","msg":"authenticating user: valerio.vaudi@gmail.com\n","component":"Jwt"}
{"level":"info","ts":"2026-04-29T12:11:36.703+0200","caller":"security/jwt.go:72","msg":"user valerio.vaudi@gmail.com has those authority [ROLE_BUDGET ROLE_USER FACTOR_PASSWORD]\n","component":"Jwt"}
{"level":"info","ts":"2026-04-29T12:11:36.703+0200","caller":"security/jwt.go:80","msg":"user valerio.vaudi@gmail.com has required authority: ROLE_USER\nThe user has [ROLE_BUDGET ROLE_USER FACTOR_PASSWORD]","component":"Jwt"}
{"level":"info","ts":"2026-04-29T12:11:36.703+0200","caller":"security/jwt.go:89","msg":"authenticated user: valerio.vaudi@gmail.com\n","component":"Jwt"}
{"level":"info","ts":"2026-04-29T12:11:37.002+0200","caller":"security/jwt.go:69","msg":"authenticating user: valerio.vaudi@gmail.com\n","component":"Jwt"}
{"level":"info","ts":"2026-04-29T12:11:37.002+0200","caller":"security/jwt.go:72","msg":"user valerio.vaudi@gmail.com has those authority [ROLE_BUDGET ROLE_USER FACTOR_PASSWORD]\n","component":"Jwt"}
{"level":"info","ts":"2026-04-29T12:11:37.002+0200","caller":"security/jwt.go:80","msg":"user valerio.vaudi@gmail.com has required authority: ROLE_USER\nThe user has [ROLE_BUDGET ROLE_USER FACTOR_PASSWORD]","component":"Jwt"}
{"level":"info","ts":"2026-04-29T12:11:37.003+0200","caller":"security/jwt.go:89","msg":"authenticated user: valerio.vaudi@gmail.com\n","component":"Jwt"}
{"level":"info","ts":"2026-04-29T19:20:27.494+0200","caller":"security/jwt.go:69","msg":"authenticating user: valerio.vaudi@gmail.com\n","component":"Jwt"}
{"level":"info","ts":"2026-04-29T19:20:27.494+0200","caller":"security/jwt.go:72","msg":"user valerio.vaudi@gmail.com has those authority [ROLE_BUDGET ROLE_USER FACTOR_PASSWORD]\n","component":"Jwt"}
{"level":"info","ts":"2026-04-29T19:20:27.494+0200","caller":"security/jwt.go:80","msg":"user valerio.vaudi@gmail.com has required authority: ROLE_USER\nThe user has [ROLE_BUDGET ROLE_USER FACTOR_PASSWORD]","component":"Jwt"}
{"level":"info","ts":"2026-04-29T19:20:27.494+0200","caller":"security/jwt.go:89","msg":"authenticated user: valerio.vaudi@gmail.com\n","component":"Jwt"}
{"level":"info","ts":"2026-04-29T19:20:27.966+0200","caller":"security/jwt.go:69","msg":"authenticating user: valerio.vaudi@gmail.com\n","component":"Jwt"}
{"level":"info","ts":"2026-04-29T19:20:27.966+0200","caller":"security/jwt.go:72","msg":"user valerio.vaudi@gmail.com has those authority [ROLE_BUDGET ROLE_USER FACTOR_PASSWORD]\n","component":"Jwt"}
{"level":"info","ts":"2026-04-29T19:20:27.966+0200","caller":"security/jwt.go:80","msg":"user valerio.vaudi@gmail.com has required authority: ROLE_USER\nThe user has [ROLE_BUDGET ROLE_USER FACTOR_PASSWORD]","component":"Jwt"}
{"level":"info","ts":"2026-04-29T19:20:27.967+0200","caller":"security/jwt.go:89","msg":"authenticated user: valerio.vaudi@gmail.com\n","component":"Jwt"}
{"level":"info","ts":"2026-04-29T19:21:28.508+0200","caller":"security/jwt.go:69","msg":"authenticating user: valerio.vaudi@gmail.com\n","component":"Jwt"}
{"level":"info","ts":"2026-04-29T19:21:28.508+0200","caller":"security/jwt.go:72","msg":"user valerio.vaudi@gmail.com has those authority [ROLE_BUDGET ROLE_USER FACTOR_PASSWORD]\n","component":"Jwt"}
{"level":"info","ts":"2026-04-29T19:21:28.508+0200","caller":"security/jwt.go:80","msg":"user valerio.vaudi@gmail.com has required authority: ROLE_USER\nThe user has [ROLE_BUDGET ROLE_USER FACTOR_PASSWORD]","component":"Jwt"}
{"level":"info","ts":"2026-04-29T19:21:28.508+0200","caller":"security/jwt.go:89","msg":"authenticated user: valerio.vaudi@gmail.com\n","component":"Jwt"}
{"level":"info","ts":"2026-04-29T19:21:28.896+0200","caller":"security/jwt.go:69","msg":"authenticating user: valerio.vaudi@gmail.com\n","component":"Jwt"}
{"level":"info","ts":"2026-04-29T19:21:28.896+0200","caller":"security/jwt.go:72","msg":"user valerio.vaudi@gmail.com has those authority [ROLE_BUDGET ROLE_USER FACTOR_PASSWORD]\n","component":"Jwt"}
{"level":"info","ts":"2026-04-29T19:21:28.896+0200","caller":"security/jwt.go:80","msg":"user valerio.vaudi@gmail.com has required authority: ROLE_USER\nThe user has [ROLE_BUDGET ROLE_USER FACTOR_PASSWORD]","component":"Jwt"}
{"level":"info","ts":"2026-04-29T19:21:28.896+0200","caller":"security/jwt.go:89","msg":"authenticated user: valerio.vaudi@gmail.com\n","component":"Jwt"}
{"level":"info","ts":"2026-04-29T21:58:34.756+0200","caller":"security/jwt.go:69","msg":"authenticating user: valerio.vaudi@gmail.com\n","component":"Jwt"}
{"level":"info","ts":"2026-04-29T21:58:34.756+0200","caller":"security/jwt.go:72","msg":"user valerio.vaudi@gmail.com has those authority [ROLE_BUDGET ROLE_USER FACTOR_PASSWORD]\n","component":"Jwt"}
{"level":"info","ts":"2026-04-29T21:58:34.756+0200","caller":"security/jwt.go:80","msg":"user valerio.vaudi@gmail.com has required authority: ROLE_USER\nThe user has [ROLE_BUDGET ROLE_USER FACTOR_PASSWORD]","component":"Jwt"}
{"level":"info","ts":"2026-04-29T21:58:34.756+0200","caller":"security/jwt.go:89","msg":"authenticated user: valerio.vaudi@gmail.com\n","component":"Jwt"}
{"level":"info","ts":"2026-04-29T21:58:35.089+0200","caller":"security/jwt.go:69","msg":"authenticating user: valerio.vaudi@gmail.com\n","component":"Jwt"}
{"level":"info","ts":"2026-04-29T21:58:35.089+0200","caller":"security/jwt.go:72","msg":"user valerio.vaudi@gmail.com has those authority [ROLE_BUDGET ROLE_USER FACTOR_PASSWORD]\n","component":"Jwt"}
{"level":"info","ts":"2026-04-29T21:58:35.089+0200","caller":"security/jwt.go:80","msg":"user valerio.vaudi@gmail.com has required authority: ROLE_USER\nThe user has [ROLE_BUDGET ROLE_USER FACTOR_PASSWORD]","component":"Jwt"}
{"level":"info","ts":"2026-04-29T21:58:35.089+0200","caller":"security/jwt.go:89","msg":"authenticated user: valerio.vaudi@gmail.com\n","component":"Jwt"}
{"level":"error","ts":"2026-04-30T13:04:37.016+0200","caller":"server/web_server.go:36","msg":"OTel setup failed (continuing without tracing): tracing: resource: conflicting Schema URL: https://opentelemetry.io/schemas/1.40.0 and https://opentelemetry.io/schemas/1.26.0","component":"WebServerProvisioner"}
{"level":"info","ts":"2026-04-30T13:04:37.016+0200","caller":"server/web_server.go:66","msg":"Setting up OAuth2 middleware","component":"WebServerProvisioner"}
{"level":"info","ts":"2026-04-30T13:04:37.019+0200","caller":"security/jwt.go:21","msg":"OAuth2 middleware set up with role: ROLE_USER","component":"Jwt"}
{"level":"info","ts":"2026-04-30T13:04:37.019+0200","caller":"dynamodb/repository.go:37","msg":"Using AWS DynamoDB service without local endpoint","component":"dynamodb.TagDynamoDBRepository"}
{"level":"info","ts":"2026-04-30T13:04:58.451+0200","caller":"security/jwt.go:69","msg":"authenticating user: valerio.vaudi@gmail.com\n","component":"Jwt"}
{"level":"info","ts":"2026-04-30T13:04:58.451+0200","caller":"security/jwt.go:72","msg":"user valerio.vaudi@gmail.com has those authority [ROLE_BUDGET ROLE_USER FACTOR_PASSWORD]\n","component":"Jwt"}
{"level":"info","ts":"2026-04-30T13:04:58.451+0200","caller":"security/jwt.go:80","msg":"user valerio.vaudi@gmail.com has required authority: ROLE_USER\nThe user has [ROLE_BUDGET ROLE_USER FACTOR_PASSWORD]","component":"Jwt"}
{"level":"info","ts":"2026-04-30T13:04:58.451+0200","caller":"security/jwt.go:89","msg":"authenticated user: valerio.vaudi@gmail.com\n","component":"Jwt"}
{"level":"info","ts":"2026-04-30T13:04:58.641+0200","caller":"security/jwt.go:69","msg":"authenticating user: valerio.vaudi@gmail.com\n","component":"Jwt"}
{"level":"info","ts":"2026-04-30T13:04:58.641+0200","caller":"security/jwt.go:72","msg":"user valerio.vaudi@gmail.com has those authority [ROLE_BUDGET ROLE_USER FACTOR_PASSWORD]\n","component":"Jwt"}
{"level":"info","ts":"2026-04-30T13:04:58.641+0200","caller":"security/jwt.go:80","msg":"user valerio.vaudi@gmail.com has required authority: ROLE_USER\nThe user has [ROLE_BUDGET ROLE_USER FACTOR_PASSWORD]","component":"Jwt"}
{"level":"info","ts":"2026-04-30T13:04:58.641+0200","caller":"security/jwt.go:89","msg":"authenticated user: valerio.vaudi@gmail.com\n","component":"Jwt"}
{"level":"info","ts":"2026-04-30T13:04:58.967+0200","caller":"security/jwt.go:69","msg":"authenticating user: valerio.vaudi@gmail.com\n","component":"Jwt"}
{"level":"info","ts":"2026-04-30T13:04:58.967+0200","caller":"security/jwt.go:72","msg":"user valerio.vaudi@gmail.com has those authority [ROLE_BUDGET ROLE_USER FACTOR_PASSWORD]\n","component":"Jwt"}
{"level":"info","ts":"2026-04-30T13:04:58.967+0200","caller":"security/jwt.go:80","msg":"user valerio.vaudi@gmail.com has required authority: ROLE_USER\nThe user has [ROLE_BUDGET ROLE_USER FACTOR_PASSWORD]","component":"Jwt"}
{"level":"info","ts":"2026-04-30T13:04:58.967+0200","caller":"security/jwt.go:89","msg":"authenticated user: valerio.vaudi@gmail.com\n","component":"Jwt"}
{"level":"info","ts":"2026-04-30T13:05:33.656+0200","caller":"security/jwt.go:69","msg":"authenticating user: valerio.vaudi@gmail.com\n","component":"Jwt"}
{"level":"info","ts":"2026-04-30T13:05:33.656+0200","caller":"security/jwt.go:72","msg":"user valerio.vaudi@gmail.com has those authority [ROLE_BUDGET ROLE_USER FACTOR_PASSWORD]\n","component":"Jwt"}
{"level":"info","ts":"2026-04-30T13:05:33.657+0200","caller":"security/jwt.go:80","msg":"user valerio.vaudi@gmail.com has required authority: ROLE_USER\nThe user has [ROLE_BUDGET ROLE_USER FACTOR_PASSWORD]","component":"Jwt"}
{"level":"info","ts":"2026-04-30T13:05:33.657+0200","caller":"security/jwt.go:89","msg":"authenticated user: valerio.vaudi@gmail.com\n","component":"Jwt"}
{"level":"info","ts":"2026-04-30T13:05:33.909+0200","caller":"security/jwt.go:69","msg":"authenticating user: valerio.vaudi@gmail.com\n","component":"Jwt"}
{"level":"info","ts":"2026-04-30T13:05:33.909+0200","caller":"security/jwt.go:72","msg":"user valerio.vaudi@gmail.com has those authority [ROLE_BUDGET ROLE_USER FACTOR_PASSWORD]\n","component":"Jwt"}
{"level":"info","ts":"2026-04-30T13:05:33.909+0200","caller":"security/jwt.go:80","msg":"user valerio.vaudi@gmail.com has required authority: ROLE_USER\nThe user has [ROLE_BUDGET ROLE_USER FACTOR_PASSWORD]","component":"Jwt"}
{"level":"info","ts":"2026-04-30T13:05:33.909+0200","caller":"security/jwt.go:89","msg":"authenticated user: valerio.vaudi@gmail.com\n","component":"Jwt"}
{"level":"info","ts":"2026-04-30T13:05:34.037+0200","caller":"security/jwt.go:69","msg":"authenticating user: valerio.vaudi@gmail.com\n","component":"Jwt"}
{"level":"info","ts":"2026-04-30T13:05:34.037+0200","caller":"security/jwt.go:72","msg":"user valerio.vaudi@gmail.com has those authority [ROLE_BUDGET ROLE_USER FACTOR_PASSWORD]\n","component":"Jwt"}
{"level":"info","ts":"2026-04-30T13:05:34.037+0200","caller":"security/jwt.go:80","msg":"user valerio.vaudi@gmail.com has required authority: ROLE_USER\nThe user has [ROLE_BUDGET ROLE_USER FACTOR_PASSWORD]","component":"Jwt"}
{"level":"info","ts":"2026-04-30T13:05:34.037+0200","caller":"security/jwt.go:89","msg":"authenticated user: valerio.vaudi@gmail.com\n","component":"Jwt"}
{"level":"info","ts":"2026-04-30T13:05:35.321+0200","caller":"security/jwt.go:69","msg":"authenticating user: valerio.vaudi@gmail.com\n","component":"Jwt"}
{"level":"info","ts":"2026-04-30T13:05:35.321+0200","caller":"security/jwt.go:72","msg":"user valerio.vaudi@gmail.com has those authority [ROLE_BUDGET ROLE_USER FACTOR_PASSWORD]\n","component":"Jwt"}
{"level":"info","ts":"2026-04-30T13:05:35.321+0200","caller":"security/jwt.go:80","msg":"user valerio.vaudi@gmail.com has required authority: ROLE_USER\nThe user has [ROLE_BUDGET ROLE_USER FACTOR_PASSWORD]","component":"Jwt"}
{"level":"info","ts":"2026-04-30T13:05:35.321+0200","caller":"security/jwt.go:89","msg":"authenticated user: valerio.vaudi@gmail.com\n","component":"Jwt"}
{"level":"info","ts":"2026-04-30T13:11:37.114+0200","caller":"security/jwt.go:69","msg":"authenticating user: valerio.vaudi@gmail.com\n","component":"Jwt"}
{"level":"info","ts":"2026-04-30T13:11:37.114+0200","caller":"security/jwt.go:72","msg":"user valerio.vaudi@gmail.com has those authority [ROLE_BUDGET ROLE_USER FACTOR_PASSWORD]\n","component":"Jwt"}
{"level":"info","ts":"2026-04-30T13:11:37.114+0200","caller":"security/jwt.go:80","msg":"user valerio.vaudi@gmail.com has required authority: ROLE_USER\nThe user has [ROLE_BUDGET ROLE_USER FACTOR_PASSWORD]","component":"Jwt"}
{"level":"info","ts":"2026-04-30T13:11:37.114+0200","caller":"security/jwt.go:89","msg":"authenticated user: valerio.vaudi@gmail.com\n","component":"Jwt"}
{"level":"info","ts":"2026-04-30T13:11:37.260+0200","caller":"security/jwt.go:69","msg":"authenticating user: valerio.vaudi@gmail.com\n","component":"Jwt"}
{"level":"info","ts":"2026-04-30T13:11:37.260+0200","caller":"security/jwt.go:72","msg":"user valerio.vaudi@gmail.com has those authority [ROLE_BUDGET ROLE_USER FACTOR_PASSWORD]\n","component":"Jwt"}
{"level":"info","ts":"2026-04-30T13:11:37.260+0200","caller":"security/jwt.go:80","msg":"user valerio.vaudi@gmail.com has required authority: ROLE_USER\nThe user has [ROLE_BUDGET ROLE_USER FACTOR_PASSWORD]","component":"Jwt"}
{"level":"info","ts":"2026-04-30T13:11:37.260+0200","caller":"security/jwt.go:89","msg":"authenticated user: valerio.vaudi@gmail.com\n","component":"Jwt"}
{"level":"info","ts":"2026-04-30T13:11:37.348+0200","caller":"security/jwt.go:69","msg":"authenticating user: valerio.vaudi@gmail.com\n","component":"Jwt"}
{"level":"info","ts":"2026-04-30T13:11:37.348+0200","caller":"security/jwt.go:72","msg":"user valerio.vaudi@gmail.com has those authority [ROLE_BUDGET ROLE_USER FACTOR_PASSWORD]\n","component":"Jwt"}
{"level":"info","ts":"2026-04-30T13:11:37.348+0200","caller":"security/jwt.go:80","msg":"user valerio.vaudi@gmail.com has required authority: ROLE_USER\nThe user has [ROLE_BUDGET ROLE_USER FACTOR_PASSWORD]","component":"Jwt"}
{"level":"info","ts":"2026-04-30T13:11:37.348+0200","caller":"security/jwt.go:89","msg":"authenticated user: valerio.vaudi@gmail.com\n","component":"Jwt"}
{"level":"info","ts":"2026-04-30T13:11:37.526+0200","caller":"security/jwt.go:69","msg":"authenticating user: valerio.vaudi@gmail.com\n","component":"Jwt"}
{"level":"info","ts":"2026-04-30T13:11:37.526+0200","caller":"security/jwt.go:72","msg":"user valerio.vaudi@gmail.com has those authority [ROLE_BUDGET ROLE_USER FACTOR_PASSWORD]\n","component":"Jwt"}
{"level":"info","ts":"2026-04-30T13:11:37.526+0200","caller":"security/jwt.go:80","msg":"user valerio.vaudi@gmail.com has required authority: ROLE_USER\nThe user has [ROLE_BUDGET ROLE_USER FACTOR_PASSWORD]","component":"Jwt"}
{"level":"info","ts":"2026-04-30T13:11:37.526+0200","caller":"security/jwt.go:89","msg":"authenticated user: valerio.vaudi@gmail.com\n","component":"Jwt"}
{"level":"info","ts":"2026-04-30T13:11:37.826+0200","caller":"security/jwt.go:69","msg":"authenticating user: valerio.vaudi@gmail.com\n","component":"Jwt"}
{"level":"info","ts":"2026-04-30T13:11:37.826+0200","caller":"security/jwt.go:72","msg":"user valerio.vaudi@gmail.com has those authority [ROLE_BUDGET ROLE_USER FACTOR_PASSWORD]\n","component":"Jwt"}
{"level":"info","ts":"2026-04-30T13:11:37.826+0200","caller":"security/jwt.go:80","msg":"user valerio.vaudi@gmail.com has required authority: ROLE_USER\nThe user has [ROLE_BUDGET ROLE_USER FACTOR_PASSWORD]","component":"Jwt"}
{"level":"info","ts":"2026-04-30T13:11:37.826+0200","caller":"security/jwt.go:89","msg":"authenticated user: valerio.vaudi@gmail.com\n","component":"Jwt"}
{"level":"error","ts":"2026-04-30T13:16:51.662+0200","caller":"otel/provider.go:38","msg":"Error in buildResource: tracing: resource: conflicting Schema URL: https://opentelemetry.io/schemas/1.40.0 and https://opentelemetry.io/schemas/1.26.0","component":"OtelProvider"}
{"level":"error","ts":"2026-04-30T13:16:51.662+0200","caller":"server/web_server.go:36","msg":"OTel setup failed (continuing without tracing): tracing: resource: conflicting Schema URL: https://opentelemetry.io/schemas/1.40.0 and https://opentelemetry.io/schemas/1.26.0","component":"WebServerProvisioner"}
{"level":"info","ts":"2026-04-30T13:16:51.662+0200","caller":"server/web_server.go:66","msg":"Setting up OAuth2 middleware","component":"WebServerProvisioner"}
{"level":"info","ts":"2026-04-30T13:16:51.665+0200","caller":"security/jwt.go:21","msg":"OAuth2 middleware set up with role: ROLE_USER","component":"Jwt"}
{"level":"info","ts":"2026-04-30T13:16:51.665+0200","caller":"dynamodb/repository.go:37","msg":"Using AWS DynamoDB service without local endpoint","component":"dynamodb.TagDynamoDBRepository"}
{"level":"error","ts":"2026-04-30T13:30:07.340+0200","caller":"otel/provider.go:32","msg":"Error in buildResource: otel: resource: conflicting Schema URL: https://opentelemetry.io/schemas/1.40.0 and https://opentelemetry.io/schemas/1.26.0","component":"OtelProvider"}
{"level":"error","ts":"2026-04-30T13:30:07.340+0200","caller":"server/web_server.go:36","msg":"OTel setup failed (continuing without tracing): otel: resource: conflicting Schema URL: https://opentelemetry.io/schemas/1.40.0 and https://opentelemetry.io/schemas/1.26.0","component":"WebServerProvisioner"}
{"level":"info","ts":"2026-04-30T13:30:07.340+0200","caller":"server/web_server.go:66","msg":"Setting up OAuth2 middleware","component":"WebServerProvisioner"}
{"level":"info","ts":"2026-04-30T13:30:07.344+0200","caller":"security/jwt.go:21","msg":"OAuth2 middleware set up with role: ROLE_USER","component":"Jwt"}
{"level":"info","ts":"2026-04-30T13:30:07.344+0200","caller":"dynamodb/repository.go:37","msg":"Using AWS DynamoDB service without local endpoint","component":"dynamodb.TagDynamoDBRepository"}
{"level":"info","ts":"2026-04-30T13:35:25.416+0200","caller":"otel/tracing_provider.go:35","msg":"Setting up OTel TracerProvider: service=tag-api protocol=http endpoint=","component":"OtelProvider"}
{"level":"info","ts":"2026-04-30T13:35:25.416+0200","caller":"otel/metric_provider.go:16","msg":"Setting up OTel MeterProvider: service=tag-api protocol=http endpoint=","component":"OtelProvider"}
{"level":"info","ts":"2026-04-30T13:35:25.416+0200","caller":"otel/log_provider.go:16","msg":"Setting up OTel LoggerProvider: service=tag-api protocol=http endpoint=","component":"OtelProvider"}
{"level":"info","ts":"2026-04-30T13:35:25.416+0200","caller":"server/web_server.go:66","msg":"Setting up OAuth2 middleware","component":"WebServerProvisioner"}
{"level":"info","ts":"2026-04-30T13:35:25.419+0200","caller":"security/jwt.go:21","msg":"OAuth2 middleware set up with role: ROLE_USER","component":"Jwt"}
{"level":"info","ts":"2026-04-30T13:35:25.420+0200","caller":"dynamodb/repository.go:37","msg":"Using AWS DynamoDB service without local endpoint","component":"dynamodb.TagDynamoDBRepository"}
{"level":"info","ts":"2026-04-30T13:35:28.979+0200","caller":"security/jwt.go:69","msg":"authenticating user: valerio.vaudi@gmail.com\n","component":"Jwt"}
{"level":"info","ts":"2026-04-30T13:35:28.979+0200","caller":"security/jwt.go:72","msg":"user valerio.vaudi@gmail.com has those authority [ROLE_BUDGET ROLE_USER FACTOR_PASSWORD]\n","component":"Jwt"}
{"level":"info","ts":"2026-04-30T13:35:28.979+0200","caller":"security/jwt.go:80","msg":"user valerio.vaudi@gmail.com has required authority: ROLE_USER\nThe user has [ROLE_BUDGET ROLE_USER FACTOR_PASSWORD]","component":"Jwt"}
{"level":"info","ts":"2026-04-30T13:35:28.979+0200","caller":"security/jwt.go:89","msg":"authenticated user: valerio.vaudi@gmail.com\n","component":"Jwt"}
{"level":"info","ts":"2026-04-30T13:35:29.140+0200","caller":"security/jwt.go:69","msg":"authenticating user: valerio.vaudi@gmail.com\n","component":"Jwt"}
{"level":"info","ts":"2026-04-30T13:35:29.140+0200","caller":"security/jwt.go:72","msg":"user valerio.vaudi@gmail.com has those authority [ROLE_BUDGET ROLE_USER FACTOR_PASSWORD]\n","component":"Jwt"}
{"level":"info","ts":"2026-04-30T13:35:29.140+0200","caller":"security/jwt.go:80","msg":"user valerio.vaudi@gmail.com has required authority: ROLE_USER\nThe user has [ROLE_BUDGET ROLE_USER FACTOR_PASSWORD]","component":"Jwt"}
{"level":"info","ts":"2026-04-30T13:35:29.140+0200","caller":"security/jwt.go:89","msg":"authenticated user: valerio.vaudi@gmail.com\n","component":"Jwt"}
{"level":"info","ts":"2026-04-30T13:35:29.171+0200","caller":"security/jwt.go:69","msg":"authenticating user: valerio.vaudi@gmail.com\n","component":"Jwt"}
{"level":"info","ts":"2026-04-30T13:35:29.171+0200","caller":"security/jwt.go:72","msg":"user valerio.vaudi@gmail.com has those authority [ROLE_BUDGET ROLE_USER FACTOR_PASSWORD]\n","component":"Jwt"}
{"level":"info","ts":"2026-04-30T13:35:29.171+0200","caller":"security/jwt.go:80","msg":"user valerio.vaudi@gmail.com has required authority: ROLE_USER\nThe user has [ROLE_BUDGET ROLE_USER FACTOR_PASSWORD]","component":"Jwt"}
{"level":"info","ts":"2026-04-30T13:35:29.171+0200","caller":"security/jwt.go:89","msg":"authenticated user: valerio.vaudi@gmail.com\n","component":"Jwt"}
{"level":"info","ts":"2026-04-30T13:35:29.257+0200","caller":"security/jwt.go:69","msg":"authenticating user: valerio.vaudi@gmail.com\n","component":"Jwt"}
{"level":"info","ts":"2026-04-30T13:35:29.257+0200","caller":"security/jwt.go:72","msg":"user valerio.vaudi@gmail.com has those authority [ROLE_BUDGET ROLE_USER FACTOR_PASSWORD]\n","component":"Jwt"}
{"level":"info","ts":"2026-04-30T13:35:29.257+0200","caller":"security/jwt.go:80","msg":"user valerio.vaudi@gmail.com has required authority: ROLE_USER\nThe user has [ROLE_BUDGET ROLE_USER FACTOR_PASSWORD]","component":"Jwt"}
{"level":"info","ts":"2026-04-30T13:35:29.257+0200","caller":"security/jwt.go:89","msg":"authenticated user: valerio.vaudi@gmail.com\n","component":"Jwt"}
{"level":"info","ts":"2026-04-30T13:35:29.404+0200","caller":"security/jwt.go:69","msg":"authenticating user: valerio.vaudi@gmail.com\n","component":"Jwt"}
{"level":"info","ts":"2026-04-30T13:35:29.404+0200","caller":"security/jwt.go:72","msg":"user valerio.vaudi@gmail.com has those authority [ROLE_BUDGET ROLE_USER FACTOR_PASSWORD]\n","component":"Jwt"}
{"level":"info","ts":"2026-04-30T13:35:29.404+0200","caller":"security/jwt.go:80","msg":"user valerio.vaudi@gmail.com has required authority: ROLE_USER\nThe user has [ROLE_BUDGET ROLE_USER FACTOR_PASSWORD]","component":"Jwt"}
{"level":"info","ts":"2026-04-30T13:35:29.404+0200","caller":"security/jwt.go:89","msg":"authenticated user: valerio.vaudi@gmail.com\n","component":"Jwt"}
{"level":"info","ts":"2026-04-30T13:35:29.446+0200","caller":"security/jwt.go:69","msg":"authenticating user: valerio.vaudi@gmail.com\n","component":"Jwt"}
{"level":"info","ts":"2026-04-30T13:35:29.446+0200","caller":"security/jwt.go:72","msg":"user valerio.vaudi@gmail.com has those authority [ROLE_BUDGET ROLE_USER FACTOR_PASSWORD]\n","component":"Jwt"}
{"level":"info","ts":"2026-04-30T13:35:29.446+0200","caller":"security/jwt.go:80","msg":"user valerio.vaudi@gmail.com has required authority: ROLE_USER\nThe user has [ROLE_BUDGET ROLE_USER FACTOR_PASSWORD]","component":"Jwt"}
{"level":"info","ts":"2026-04-30T13:35:29.446+0200","caller":"security/jwt.go:89","msg":"authenticated user: valerio.vaudi@gmail.com\n","component":"Jwt"}
{"level":"info","ts":"2026-04-30T13:35:29.599+0200","caller":"security/jwt.go:69","msg":"authenticating user: valerio.vaudi@gmail.com\n","component":"Jwt"}
{"level":"info","ts":"2026-04-30T13:35:29.599+0200","caller":"security/jwt.go:72","msg":"user valerio.vaudi@gmail.com has those authority [ROLE_BUDGET ROLE_USER FACTOR_PASSWORD]\n","component":"Jwt"}
{"level":"info","ts":"2026-04-30T13:35:29.599+0200","caller":"security/jwt.go:80","msg":"user valerio.vaudi@gmail.com has required authority: ROLE_USER\nThe user has [ROLE_BUDGET ROLE_USER FACTOR_PASSWORD]","component":"Jwt"}
{"level":"info","ts":"2026-04-30T13:35:29.599+0200","caller":"security/jwt.go:89","msg":"authenticated user: valerio.vaudi@gmail.com\n","component":"Jwt"}
{"level":"info","ts":"2026-04-30T13:35:29.783+0200","caller":"security/jwt.go:69","msg":"authenticating user: valerio.vaudi@gmail.com\n","component":"Jwt"}
{"level":"info","ts":"2026-04-30T13:35:29.783+0200","caller":"security/jwt.go:72","msg":"user valerio.vaudi@gmail.com has those authority [ROLE_BUDGET ROLE_USER FACTOR_PASSWORD]\n","component":"Jwt"}
{"level":"info","ts":"2026-04-30T13:35:29.783+0200","caller":"security/jwt.go:80","msg":"user valerio.vaudi@gmail.com has required authority: ROLE_USER\nThe user has [ROLE_BUDGET ROLE_USER FACTOR_PASSWORD]","component":"Jwt"}
{"level":"info","ts":"2026-04-30T13:35:29.783+0200","caller":"security/jwt.go:89","msg":"authenticated user: valerio.vaudi@gmail.com\n","component":"Jwt"}
{"level":"info","ts":"2026-04-30T13:42:32.591+0200","caller":"otel/tracing_provider.go:35","msg":"Setting up OTel TracerProvider: service=tag-api protocol=http endpoint=localhost:4318","component":"OtelProvider"}
{"level":"info","ts":"2026-04-30T13:42:32.592+0200","caller":"otel/metric_provider.go:16","msg":"Setting up OTel MeterProvider: service=tag-api protocol=http endpoint=localhost:4318","component":"OtelProvider"}
{"level":"info","ts":"2026-04-30T13:42:32.592+0200","caller":"otel/log_provider.go:16","msg":"Setting up OTel LoggerProvider: service=tag-api protocol=http endpoint=localhost:4318","component":"OtelProvider"}
{"level":"info","ts":"2026-04-30T13:42:32.592+0200","caller":"server/web_server.go:66","msg":"Setting up OAuth2 middleware","component":"WebServerProvisioner"}
{"level":"info","ts":"2026-04-30T13:42:32.595+0200","caller":"security/jwt.go:21","msg":"OAuth2 middleware set up with role: ROLE_USER","component":"Jwt"}
{"level":"info","ts":"2026-04-30T13:42:32.595+0200","caller":"dynamodb/repository.go:37","msg":"Using AWS DynamoDB service without local endpoint","component":"dynamodb.TagDynamoDBRepository"}
{"level":"info","ts":"2026-04-30T13:42:43.872+0200","caller":"otel/tracing_provider.go:35","msg":"Setting up OTel TracerProvider: service=tag-api protocol=http endpoint=localhost:4318","component":"OtelProvider"}
{"level":"info","ts":"2026-04-30T13:42:43.872+0200","caller":"otel/metric_provider.go:16","msg":"Setting up OTel MeterProvider: service=tag-api protocol=http endpoint=localhost:4318","component":"OtelProvider"}
{"level":"info","ts":"2026-04-30T13:42:43.872+0200","caller":"otel/log_provider.go:16","msg":"Setting up OTel LoggerProvider: service=tag-api protocol=http endpoint=localhost:4318","component":"OtelProvider"}
{"level":"info","ts":"2026-04-30T13:42:43.873+0200","caller":"server/web_server.go:66","msg":"Setting up OAuth2 middleware","component":"WebServerProvisioner"}
{"level":"info","ts":"2026-04-30T13:42:43.876+0200","caller":"security/jwt.go:21","msg":"OAuth2 middleware set up with role: ROLE_USER","component":"Jwt"}
{"level":"info","ts":"2026-04-30T13:42:43.876+0200","caller":"dynamodb/repository.go:37","msg":"Using AWS DynamoDB service without local endpoint","component":"dynamodb.TagDynamoDBRepository"}
{"level":"info","ts":"2026-04-30T13:42:51.955+0200","caller":"security/jwt.go:69","msg":"authenticating user: valerio.vaudi@gmail.com\n","component":"Jwt"}
{"level":"info","ts":"2026-04-30T13:42:51.955+0200","caller":"security/jwt.go:72","msg":"user valerio.vaudi@gmail.com has those authority [ROLE_BUDGET ROLE_USER FACTOR_PASSWORD]\n","component":"Jwt"}
{"level":"info","ts":"2026-04-30T13:42:51.955+0200","caller":"security/jwt.go:80","msg":"user valerio.vaudi@gmail.com has required authority: ROLE_USER\nThe user has [ROLE_BUDGET ROLE_USER FACTOR_PASSWORD]","component":"Jwt"}
{"level":"info","ts":"2026-04-30T13:42:51.955+0200","caller":"security/jwt.go:89","msg":"authenticated user: valerio.vaudi@gmail.com\n","component":"Jwt"}
{"level":"info","ts":"2026-04-30T13:42:52.132+0200","caller":"security/jwt.go:69","msg":"authenticating user: valerio.vaudi@gmail.com\n","component":"Jwt"}
{"level":"info","ts":"2026-04-30T13:42:52.132+0200","caller":"security/jwt.go:72","msg":"user valerio.vaudi@gmail.com has those authority [ROLE_BUDGET ROLE_USER FACTOR_PASSWORD]\n","component":"Jwt"}
{"level":"info","ts":"2026-04-30T13:42:52.132+0200","caller":"security/jwt.go:80","msg":"user valerio.vaudi@gmail.com has required authority: ROLE_USER\nThe user has [ROLE_BUDGET ROLE_USER FACTOR_PASSWORD]","component":"Jwt"}
{"level":"info","ts":"2026-04-30T13:42:52.132+0200","caller":"security/jwt.go:89","msg":"authenticated user: valerio.vaudi@gmail.com\n","component":"Jwt"}
{"level":"info","ts":"2026-04-30T13:42:52.407+0200","caller":"security/jwt.go:69","msg":"authenticating user: valerio.vaudi@gmail.com\n","component":"Jwt"}
{"level":"info","ts":"2026-04-30T13:42:52.407+0200","caller":"security/jwt.go:72","msg":"user valerio.vaudi@gmail.com has those authority [ROLE_BUDGET ROLE_USER FACTOR_PASSWORD]\n","component":"Jwt"}
{"level":"info","ts":"2026-04-30T13:42:52.407+0200","caller":"security/jwt.go:80","msg":"user valerio.vaudi@gmail.com has required authority: ROLE_USER\nThe user has [ROLE_BUDGET ROLE_USER FACTOR_PASSWORD]","component":"Jwt"}
{"level":"info","ts":"2026-04-30T13:42:52.407+0200","caller":"security/jwt.go:89","msg":"authenticated user: valerio.vaudi@gmail.com\n","component":"Jwt"}
{"level":"info","ts":"2026-04-30T13:42:53.028+0200","caller":"security/jwt.go:69","msg":"authenticating user: valerio.vaudi@gmail.com\n","component":"Jwt"}
{"level":"info","ts":"2026-04-30T13:42:53.028+0200","caller":"security/jwt.go:72","msg":"user valerio.vaudi@gmail.com has those authority [ROLE_BUDGET ROLE_USER FACTOR_PASSWORD]\n","component":"Jwt"}
{"level":"info","ts":"2026-04-30T13:42:53.028+0200","caller":"security/jwt.go:80","msg":"user valerio.vaudi@gmail.com has required authority: ROLE_USER\nThe user has [ROLE_BUDGET ROLE_USER FACTOR_PASSWORD]","component":"Jwt"}
{"level":"info","ts":"2026-04-30T13:42:53.028+0200","caller":"security/jwt.go:89","msg":"authenticated user: valerio.vaudi@gmail.com\n","component":"Jwt"}
{"level":"info","ts":"2026-04-30T15:41:22.839+0200","caller":"security/jwt.go:69","msg":"authenticating user: valerio.vaudi@gmail.com\n","component":"Jwt"}
{"level":"info","ts":"2026-04-30T15:41:22.839+0200","caller":"security/jwt.go:72","msg":"user valerio.vaudi@gmail.com has those authority [ROLE_BUDGET ROLE_USER FACTOR_PASSWORD]\n","component":"Jwt"}
{"level":"info","ts":"2026-04-30T15:41:22.839+0200","caller":"security/jwt.go:80","msg":"user valerio.vaudi@gmail.com has required authority: ROLE_USER\nThe user has [ROLE_BUDGET ROLE_USER FACTOR_PASSWORD]","component":"Jwt"}
{"level":"info","ts":"2026-04-30T15:41:22.839+0200","caller":"security/jwt.go:89","msg":"authenticated user: valerio.vaudi@gmail.com\n","component":"Jwt"}
{"level":"info","ts":"2026-04-30T15:41:22.981+0200","caller":"security/jwt.go:69","msg":"authenticating user: valerio.vaudi@gmail.com\n","component":"Jwt"}
{"level":"info","ts":"2026-04-30T15:41:22.981+0200","caller":"security/jwt.go:72","msg":"user valerio.vaudi@gmail.com has those authority [ROLE_BUDGET ROLE_USER FACTOR_PASSWORD]\n","component":"Jwt"}
{"level":"info","ts":"2026-04-30T15:41:22.981+0200","caller":"security/jwt.go:80","msg":"user valerio.vaudi@gmail.com has required authority: ROLE_USER\nThe user has [ROLE_BUDGET ROLE_USER FACTOR_PASSWORD]","component":"Jwt"}
{"level":"info","ts":"2026-04-30T15:41:22.981+0200","caller":"security/jwt.go:89","msg":"authenticated user: valerio.vaudi@gmail.com\n","component":"Jwt"}
{"level":"info","ts":"2026-04-30T15:41:23.024+0200","caller":"security/jwt.go:69","msg":"authenticating user: valerio.vaudi@gmail.com\n","component":"Jwt"}
{"level":"info","ts":"2026-04-30T15:41:23.024+0200","caller":"security/jwt.go:72","msg":"user valerio.vaudi@gmail.com has those authority [ROLE_BUDGET ROLE_USER FACTOR_PASSWORD]\n","component":"Jwt"}
{"level":"info","ts":"2026-04-30T15:41:23.024+0200","caller":"security/jwt.go:80","msg":"user valerio.vaudi@gmail.com has required authority: ROLE_USER\nThe user has [ROLE_BUDGET ROLE_USER FACTOR_PASSWORD]","component":"Jwt"}
{"level":"info","ts":"2026-04-30T15:41:23.024+0200","caller":"security/jwt.go:89","msg":"authenticated user: valerio.vaudi@gmail.com\n","component":"Jwt"}
{"level":"info","ts":"2026-04-30T15:41:23.258+0200","caller":"security/jwt.go:69","msg":"authenticating user: valerio.vaudi@gmail.com\n","component":"Jwt"}
{"level":"info","ts":"2026-04-30T15:41:23.258+0200","caller":"security/jwt.go:72","msg":"user valerio.vaudi@gmail.com has those authority [ROLE_BUDGET ROLE_USER FACTOR_PASSWORD]\n","component":"Jwt"}
{"level":"info","ts":"2026-04-30T15:41:23.258+0200","caller":"security/jwt.go:80","msg":"user valerio.vaudi@gmail.com has required authority: ROLE_USER\nThe user has [ROLE_BUDGET ROLE_USER FACTOR_PASSWORD]","component":"Jwt"}
{"level":"info","ts":"2026-04-30T15:41:23.258+0200","caller":"security/jwt.go:89","msg":"authenticated user: valerio.vaudi@gmail.com\n","component":"Jwt"}
{"level":"info","ts":"2026-04-30T15:41:23.279+0200","caller":"security/jwt.go:69","msg":"authenticating user: valerio.vaudi@gmail.com\n","component":"Jwt"}
{"level":"info","ts":"2026-04-30T15:41:23.279+0200","caller":"security/jwt.go:72","msg":"user valerio.vaudi@gmail.com has those authority [ROLE_BUDGET ROLE_USER FACTOR_PASSWORD]\n","component":"Jwt"}
{"level":"info","ts":"2026-04-30T15:41:23.279+0200","caller":"security/jwt.go:80","msg":"user valerio.vaudi@gmail.com has required authority: ROLE_USER\nThe user has [ROLE_BUDGET ROLE_USER FACTOR_PASSWORD]","component":"Jwt"}
{"level":"info","ts":"2026-04-30T15:41:23.279+0200","caller":"security/jwt.go:89","msg":"authenticated user: valerio.vaudi@gmail.com\n","component":"Jwt"}
{"level":"info","ts":"2026-04-30T15:41:24.031+0200","caller":"security/jwt.go:69","msg":"authenticating user: valerio.vaudi@gmail.com\n","component":"Jwt"}
{"level":"info","ts":"2026-04-30T15:41:24.032+0200","caller":"security/jwt.go:72","msg":"user valerio.vaudi@gmail.com has those authority [ROLE_BUDGET ROLE_USER FACTOR_PASSWORD]\n","component":"Jwt"}
{"level":"info","ts":"2026-04-30T15:41:24.032+0200","caller":"security/jwt.go:80","msg":"user valerio.vaudi@gmail.com has required authority: ROLE_USER\nThe user has [ROLE_BUDGET ROLE_USER FACTOR_PASSWORD]","component":"Jwt"}
{"level":"info","ts":"2026-04-30T15:41:24.032+0200","caller":"security/jwt.go:89","msg":"authenticated user: valerio.vaudi@gmail.com\n","component":"Jwt"}
{"level":"info","ts":"2026-04-30T15:41:24.150+0200","caller":"security/jwt.go:69","msg":"authenticating user: valerio.vaudi@gmail.com\n","component":"Jwt"}
{"level":"info","ts":"2026-04-30T15:41:24.150+0200","caller":"security/jwt.go:72","msg":"user valerio.vaudi@gmail.com has those authority [ROLE_BUDGET ROLE_USER FACTOR_PASSWORD]\n","component":"Jwt"}
{"level":"info","ts":"2026-04-30T15:41:24.150+0200","caller":"security/jwt.go:80","msg":"user valerio.vaudi@gmail.com has required authority: ROLE_USER\nThe user has [ROLE_BUDGET ROLE_USER FACTOR_PASSWORD]","component":"Jwt"}
{"level":"info","ts":"2026-04-30T15:41:24.150+0200","caller":"security/jwt.go:89","msg":"authenticated user: valerio.vaudi@gmail.com\n","component":"Jwt"}
{"level":"info","ts":"2026-04-30T15:41:24.364+0200","caller":"security/jwt.go:69","msg":"authenticating user: valerio.vaudi@gmail.com\n","component":"Jwt"}
{"level":"info","ts":"2026-04-30T15:41:24.364+0200","caller":"security/jwt.go:72","msg":"user valerio.vaudi@gmail.com has those authority [ROLE_BUDGET ROLE_USER FACTOR_PASSWORD]\n","component":"Jwt"}
{"level":"info","ts":"2026-04-30T15:41:24.364+0200","caller":"security/jwt.go:80","msg":"user valerio.vaudi@gmail.com has required authority: ROLE_USER\nThe user has [ROLE_BUDGET ROLE_USER FACTOR_PASSWORD]","component":"Jwt"}
{"level":"info","ts":"2026-04-30T15:41:24.364+0200","caller":"security/jwt.go:89","msg":"authenticated user: valerio.vaudi@gmail.com\n","component":"Jwt"}
{"level":"info","ts":"2026-04-30T15:41:24.497+0200","caller":"security/jwt.go:69","msg":"authenticating user: valerio.vaudi@gmail.com\n","component":"Jwt"}
{"level":"info","ts":"2026-04-30T15:41:24.497+0200","caller":"security/jwt.go:72","msg":"user valerio.vaudi@gmail.com has those authority [ROLE_BUDGET ROLE_USER FACTOR_PASSWORD]\n","component":"Jwt"}
{"level":"info","ts":"2026-04-30T15:41:24.497+0200","caller":"security/jwt.go:80","msg":"user valerio.vaudi@gmail.com has required authority: ROLE_USER\nThe user has [ROLE_BUDGET ROLE_USER FACTOR_PASSWORD]","component":"Jwt"}
{"level":"info","ts":"2026-04-30T15:41:24.497+0200","caller":"security/jwt.go:89","msg":"authenticated user: valerio.vaudi@gmail.com\n","component":"Jwt"}
{"level":"info","ts":"2026-04-30T15:41:24.721+0200","caller":"security/jwt.go:69","msg":"authenticating user: valerio.vaudi@gmail.com\n","component":"Jwt"}
{"level":"info","ts":"2026-04-30T15:41:24.721+0200","caller":"security/jwt.go:72","msg":"user valerio.vaudi@gmail.com has those authority [ROLE_BUDGET ROLE_USER FACTOR_PASSWORD]\n","component":"Jwt"}
{"level":"info","ts":"2026-04-30T15:41:24.721+0200","caller":"security/jwt.go:80","msg":"user valerio.vaudi@gmail.com has required authority: ROLE_USER\nThe user has [ROLE_BUDGET ROLE_USER FACTOR_PASSWORD]","component":"Jwt"}
{"level":"info","ts":"2026-04-30T15:41:24.721+0200","caller":"security/jwt.go:89","msg":"authenticated user: valerio.vaudi@gmail.com\n","component":"Jwt"}
{"level":"info","ts":"2026-04-30T15:41:24.871+0200","caller":"security/jwt.go:69","msg":"authenticating user: valerio.vaudi@gmail.com\n","component":"Jwt"}
{"level":"info","ts":"2026-04-30T15:41:24.871+0200","caller":"security/jwt.go:72","msg":"user valerio.vaudi@gmail.com has those authority [ROLE_BUDGET ROLE_USER FACTOR_PASSWORD]\n","component":"Jwt"}
{"level":"info","ts":"2026-04-30T15:41:24.872+0200","caller":"security/jwt.go:80","msg":"user valerio.vaudi@gmail.com has required authority: ROLE_USER\nThe user has [ROLE_BUDGET ROLE_USER FACTOR_PASSWORD]","component":"Jwt"}
{"level":"info","ts":"2026-04-30T15:41:24.872+0200","caller":"security/jwt.go:89","msg":"authenticated user: valerio.vaudi@gmail.com\n","component":"Jwt"}
{"level":"info","ts":"2026-04-30T15:58:02.649+0200","caller":"security/jwt.go:69","msg":"authenticating user: valerio.vaudi@gmail.com\n","component":"Jwt"}
{"level":"info","ts":"2026-04-30T15:58:02.650+0200","caller":"security/jwt.go:72","msg":"user valerio.vaudi@gmail.com has those authority [ROLE_BUDGET ROLE_USER FACTOR_PASSWORD]\n","component":"Jwt"}
{"level":"info","ts":"2026-04-30T15:58:02.650+0200","caller":"security/jwt.go:80","msg":"user valerio.vaudi@gmail.com has required authority: ROLE_USER\nThe user has [ROLE_BUDGET ROLE_USER FACTOR_PASSWORD]","component":"Jwt"}
{"level":"info","ts":"2026-04-30T15:58:02.650+0200","caller":"security/jwt.go:89","msg":"authenticated user: valerio.vaudi@gmail.com\n","component":"Jwt"}
{"level":"info","ts":"2026-04-30T15:58:02.771+0200","caller":"security/jwt.go:69","msg":"authenticating user: valerio.vaudi@gmail.com\n","component":"Jwt"}
{"level":"info","ts":"2026-04-30T15:58:02.771+0200","caller":"security/jwt.go:72","msg":"user valerio.vaudi@gmail.com has those authority [ROLE_BUDGET ROLE_USER FACTOR_PASSWORD]\n","component":"Jwt"}
{"level":"info","ts":"2026-04-30T15:58:02.771+0200","caller":"security/jwt.go:80","msg":"user valerio.vaudi@gmail.com has required authority: ROLE_USER\nThe user has [ROLE_BUDGET ROLE_USER FACTOR_PASSWORD]","component":"Jwt"}
{"level":"info","ts":"2026-04-30T15:58:02.771+0200","caller":"security/jwt.go:89","msg":"authenticated user: valerio.vaudi@gmail.com\n","component":"Jwt"}
{"level":"info","ts":"2026-04-30T15:58:03.033+0200","caller":"security/jwt.go:69","msg":"authenticating user: valerio.vaudi@gmail.com\n","component":"Jwt"}
{"level":"info","ts":"2026-04-30T15:58:03.033+0200","caller":"security/jwt.go:72","msg":"user valerio.vaudi@gmail.com has those authority [ROLE_BUDGET ROLE_USER FACTOR_PASSWORD]\n","component":"Jwt"}
{"level":"info","ts":"2026-04-30T15:58:03.033+0200","caller":"security/jwt.go:80","msg":"user valerio.vaudi@gmail.com has required authority: ROLE_USER\nThe user has [ROLE_BUDGET ROLE_USER FACTOR_PASSWORD]","component":"Jwt"}
{"level":"info","ts":"2026-04-30T15:58:03.033+0200","caller":"security/jwt.go:89","msg":"authenticated user: valerio.vaudi@gmail.com\n","component":"Jwt"}
{"level":"info","ts":"2026-04-30T17:45:39.767+0200","caller":"otel/tracing_provider.go:35","msg":"Setting up OTel TracerProvider: service=tag-api protocol=http endpoint=localhost:4318","component":"OtelProvider"}
{"level":"info","ts":"2026-04-30T17:45:39.768+0200","caller":"otel/metric_provider.go:16","msg":"Setting up OTel MeterProvider: service=tag-api protocol=http endpoint=localhost:4318","component":"OtelProvider"}
{"level":"info","ts":"2026-04-30T17:45:39.768+0200","caller":"otel/log_provider.go:16","msg":"Setting up OTel LoggerProvider: service=tag-api protocol=http endpoint=localhost:4318","component":"OtelProvider"}
{"level":"info","ts":"2026-04-30T17:45:39.768+0200","caller":"server/web_server.go:66","msg":"Setting up OAuth2 middleware","component":"WebServerProvisioner"}
{"level":"info","ts":"2026-04-30T17:45:39.771+0200","caller":"security/jwt.go:21","msg":"OAuth2 middleware set up with role: ROLE_USER","component":"Jwt"}
{"level":"info","ts":"2026-04-30T17:45:39.771+0200","caller":"dynamodb/repository.go:38","msg":"Using AWS DynamoDB service without local endpoint","component":"dynamodb.TagDynamoDBRepository"}
{"level":"info","ts":"2026-04-30T17:45:47.446+0200","caller":"security/jwt.go:69","msg":"authenticating user: valerio.vaudi@gmail.com\n","component":"Jwt"}
{"level":"info","ts":"2026-04-30T17:45:47.446+0200","caller":"security/jwt.go:72","msg":"user valerio.vaudi@gmail.com has those authority [ROLE_BUDGET ROLE_USER FACTOR_PASSWORD]\n","component":"Jwt"}
{"level":"info","ts":"2026-04-30T17:45:47.446+0200","caller":"security/jwt.go:80","msg":"user valerio.vaudi@gmail.com has required authority: ROLE_USER\nThe user has [ROLE_BUDGET ROLE_USER FACTOR_PASSWORD]","component":"Jwt"}
{"level":"info","ts":"2026-04-30T17:45:47.446+0200","caller":"security/jwt.go:89","msg":"authenticated user: valerio.vaudi@gmail.com\n","component":"Jwt"}
{"level":"info","ts":"2026-04-30T17:45:47.587+0200","caller":"security/jwt.go:69","msg":"authenticating user: valerio.vaudi@gmail.com\n","component":"Jwt"}
{"level":"info","ts":"2026-04-30T17:45:47.587+0200","caller":"security/jwt.go:72","msg":"user valerio.vaudi@gmail.com has those authority [ROLE_BUDGET ROLE_USER FACTOR_PASSWORD]\n","component":"Jwt"}
{"level":"info","ts":"2026-04-30T17:45:47.587+0200","caller":"security/jwt.go:80","msg":"user valerio.vaudi@gmail.com has required authority: ROLE_USER\nThe user has [ROLE_BUDGET ROLE_USER FACTOR_PASSWORD]","component":"Jwt"}
{"level":"info","ts":"2026-04-30T17:45:47.587+0200","caller":"security/jwt.go:89","msg":"authenticated user: valerio.vaudi@gmail.com\n","component":"Jwt"}
{"level":"info","ts":"2026-04-30T17:45:47.627+0200","caller":"security/jwt.go:69","msg":"authenticating user: valerio.vaudi@gmail.com\n","component":"Jwt"}
{"level":"info","ts":"2026-04-30T17:45:47.628+0200","caller":"security/jwt.go:72","msg":"user valerio.vaudi@gmail.com has those authority [ROLE_BUDGET ROLE_USER FACTOR_PASSWORD]\n","component":"Jwt"}
{"level":"info","ts":"2026-04-30T17:45:47.628+0200","caller":"security/jwt.go:80","msg":"user valerio.vaudi@gmail.com has required authority: ROLE_USER\nThe user has [ROLE_BUDGET ROLE_USER FACTOR_PASSWORD]","component":"Jwt"}
{"level":"info","ts":"2026-04-30T17:45:47.628+0200","caller":"security/jwt.go:89","msg":"authenticated user: valerio.vaudi@gmail.com\n","component":"Jwt"}
{"level":"info","ts":"2026-04-30T17:45:47.851+0200","caller":"security/jwt.go:69","msg":"authenticating user: valerio.vaudi@gmail.com\n","component":"Jwt"}
{"level":"info","ts":"2026-04-30T17:45:47.852+0200","caller":"security/jwt.go:72","msg":"user valerio.vaudi@gmail.com has those authority [ROLE_BUDGET ROLE_USER FACTOR_PASSWORD]\n","component":"Jwt"}
{"level":"info","ts":"2026-04-30T17:45:47.852+0200","caller":"security/jwt.go:80","msg":"user valerio.vaudi@gmail.com has required authority: ROLE_USER\nThe user has [ROLE_BUDGET ROLE_USER FACTOR_PASSWORD]","component":"Jwt"}
{"level":"info","ts":"2026-04-30T17:45:47.852+0200","caller":"security/jwt.go:89","msg":"authenticated user: valerio.vaudi@gmail.com\n","component":"Jwt"}
{"level":"info","ts":"2026-04-30T17:46:00.428+0200","caller":"security/jwt.go:69","msg":"authenticating user: valerio.vaudi@gmail.com\n","component":"Jwt"}
{"level":"info","ts":"2026-04-30T17:46:00.429+0200","caller":"security/jwt.go:72","msg":"user valerio.vaudi@gmail.com has those authority [ROLE_BUDGET ROLE_USER FACTOR_PASSWORD]\n","component":"Jwt"}
{"level":"info","ts":"2026-04-30T17:46:00.429+0200","caller":"security/jwt.go:80","msg":"user valerio.vaudi@gmail.com has required authority: ROLE_USER\nThe user has [ROLE_BUDGET ROLE_USER FACTOR_PASSWORD]","component":"Jwt"}
{"level":"info","ts":"2026-04-30T17:46:00.429+0200","caller":"security/jwt.go:89","msg":"authenticated user: valerio.vaudi@gmail.com\n","component":"Jwt"}
{"level":"info","ts":"2026-04-30T18:41:47.464+0200","caller":"otel/tracing_provider.go:35","msg":"Setting up OTel TracerProvider: service=tag-api protocol=http endpoint=localhost:4318","component":"OtelProvider"}
{"level":"info","ts":"2026-04-30T18:41:47.465+0200","caller":"otel/metric_provider.go:16","msg":"Setting up OTel MeterProvider: service=tag-api protocol=http endpoint=localhost:4318","component":"OtelProvider"}
{"level":"info","ts":"2026-04-30T18:41:47.465+0200","caller":"otel/log_provider.go:16","msg":"Setting up OTel LoggerProvider: service=tag-api protocol=http endpoint=localhost:4318","component":"OtelProvider"}
{"level":"info","ts":"2026-04-30T18:41:47.465+0200","caller":"server/web_server.go:71","msg":"Setting up OAuth2 middleware","component":"WebServerProvisioner"}
{"level":"info","ts":"2026-04-30T18:41:47.468+0200","caller":"security/jwt.go:21","msg":"OAuth2 middleware set up with role: ROLE_USER","component":"Jwt"}
{"level":"info","ts":"2026-04-30T18:41:47.468+0200","caller":"dynamodb/repository.go:38","msg":"Using AWS DynamoDB service without local endpoint","component":"dynamodb.TagDynamoDBRepository"}
{"level":"info","ts":"2026-04-30T18:41:59.074+0200","caller":"gin@v1.12.0/context.go:192","msg":"/api/tags","component":"web-server","status":204,"method":"OPTIONS","path":"/api/tags","query":"","ip":"127.0.0.1","user-agent":"Mozilla/5.0 (X11; Linux x86_64) AppleWebKit/537.36 (KHTML, like Gecko) Chrome/147.0.0.0 Safari/537.36","latency":0.000021619,"time":"2026-04-30T16:41:59Z"}
{"level":"info","ts":"2026-04-30T18:41:59.078+0200","caller":"security/jwt.go:69","msg":"authenticating user: valerio.vaudi@gmail.com\n","component":"Jwt"}
{"level":"info","ts":"2026-04-30T18:41:59.078+0200","caller":"security/jwt.go:72","msg":"user valerio.vaudi@gmail.com has those authority [ROLE_BUDGET ROLE_USER FACTOR_PASSWORD]\n","component":"Jwt"}
{"level":"info","ts":"2026-04-30T18:41:59.078+0200","caller":"security/jwt.go:80","msg":"user valerio.vaudi@gmail.com has required authority: ROLE_USER\nThe user has [ROLE_BUDGET ROLE_USER FACTOR_PASSWORD]","component":"Jwt"}
{"level":"info","ts":"2026-04-30T18:41:59.078+0200","caller":"security/jwt.go:89","msg":"authenticated user: valerio.vaudi@gmail.com\n","component":"Jwt"}
{"level":"info","ts":"2026-04-30T18:41:59.192+0200","caller":"gin@v1.12.0/context.go:192","msg":"/api/tags","component":"web-server","status":200,"method":"GET","path":"/api/tags","query":"","ip":"127.0.0.1","user-agent":"Mozilla/5.0 (X11; Linux x86_64) AppleWebKit/537.36 (KHTML, like Gecko) Chrome/147.0.0.0 Safari/537.36","latency":0.114252905,"time":"2026-04-30T16:41:59Z"}
{"level":"info","ts":"2026-04-30T18:41:59.223+0200","caller":"security/jwt.go:69","msg":"authenticating user: valerio.vaudi@gmail.com\n","component":"Jwt"}
{"level":"info","ts":"2026-04-30T18:41:59.223+0200","caller":"security/jwt.go:72","msg":"user valerio.vaudi@gmail.com has those authority [ROLE_BUDGET ROLE_USER FACTOR_PASSWORD]\n","component":"Jwt"}
{"level":"info","ts":"2026-04-30T18:41:59.223+0200","caller":"security/jwt.go:80","msg":"user valerio.vaudi@gmail.com has required authority: ROLE_USER\nThe user has [ROLE_BUDGET ROLE_USER FACTOR_PASSWORD]","component":"Jwt"}
{"level":"info","ts":"2026-04-30T18:41:59.224+0200","caller":"security/jwt.go:89","msg":"authenticated user: valerio.vaudi@gmail.com\n","component":"Jwt"}
{"level":"info","ts":"2026-04-30T18:41:59.248+0200","caller":"security/jwt.go:69","msg":"authenticating user: valerio.vaudi@gmail.com\n","component":"Jwt"}
{"level":"info","ts":"2026-04-30T18:41:59.248+0200","caller":"security/jwt.go:72","msg":"user valerio.vaudi@gmail.com has those authority [ROLE_BUDGET ROLE_USER FACTOR_PASSWORD]\n","component":"Jwt"}
{"level":"info","ts":"2026-04-30T18:41:59.248+0200","caller":"security/jwt.go:80","msg":"user valerio.vaudi@gmail.com has required authority: ROLE_USER\nThe user has [ROLE_BUDGET ROLE_USER FACTOR_PASSWORD]","component":"Jwt"}
{"level":"info","ts":"2026-04-30T18:41:59.248+0200","caller":"security/jwt.go:89","msg":"authenticated user: valerio.vaudi@gmail.com\n","component":"Jwt"}
{"level":"error","ts":"2026-04-30T18:41:59.249+0200","caller":"api/endpoint.go:22","msg":"error occurred: operation error DynamoDB: Query, https response error StatusCode: 0, RequestID: , canceled, context canceled","component":"api.RegisterEndpoints"}
{"level":"info","ts":"2026-04-30T18:41:59.250+0200","caller":"gin@v1.12.0/context.go:192","msg":"/api/tags","component":"web-server","status":500,"method":"GET","path":"/api/tags","query":"","ip":"127.0.0.1","user-agent":"Mozilla/5.0 (X11; Linux x86_64) AppleWebKit/537.36 (KHTML, like Gecko) Chrome/147.0.0.0 Safari/537.36","latency":0.001476844,"time":"2026-04-30T16:41:59Z"}
{"level":"info","ts":"2026-04-30T18:41:59.251+0200","caller":"gin@v1.12.0/context.go:192","msg":"/api/tags","component":"web-server","status":200,"method":"GET","path":"/api/tags","query":"","ip":"127.0.0.1","user-agent":"Go-http-client/1.1","latency":0.027414972,"time":"2026-04-30T16:41:59Z"}
{"level":"info","ts":"2026-04-30T18:41:59.280+0200","caller":"security/jwt.go:69","msg":"authenticating user: valerio.vaudi@gmail.com\n","component":"Jwt"}
{"level":"info","ts":"2026-04-30T18:41:59.280+0200","caller":"security/jwt.go:72","msg":"user valerio.vaudi@gmail.com has those authority [ROLE_BUDGET ROLE_USER FACTOR_PASSWORD]\n","component":"Jwt"}
{"level":"info","ts":"2026-04-30T18:41:59.280+0200","caller":"security/jwt.go:80","msg":"user valerio.vaudi@gmail.com has required authority: ROLE_USER\nThe user has [ROLE_BUDGET ROLE_USER FACTOR_PASSWORD]","component":"Jwt"}
{"level":"info","ts":"2026-04-30T18:41:59.280+0200","caller":"security/jwt.go:89","msg":"authenticated user: valerio.vaudi@gmail.com\n","component":"Jwt"}
{"level":"info","ts":"2026-04-30T18:41:59.310+0200","caller":"gin@v1.12.0/context.go:192","msg":"/api/tags","component":"web-server","status":200,"method":"GET","path":"/api/tags","query":"","ip":"127.0.0.1","user-agent":"Mozilla/5.0 (X11; Linux x86_64) AppleWebKit/537.36 (KHTML, like Gecko) Chrome/147.0.0.0 Safari/537.36","latency":0.030345218,"time":"2026-04-30T16:41:59Z"}
{"level":"info","ts":"2026-04-30T18:41:59.557+0200","caller":"security/jwt.go:69","msg":"authenticating user: valerio.vaudi@gmail.com\n","component":"Jwt"}
{"level":"info","ts":"2026-04-30T18:41:59.557+0200","caller":"security/jwt.go:72","msg":"user valerio.vaudi@gmail.com has those authority [ROLE_BUDGET ROLE_USER FACTOR_PASSWORD]\n","component":"Jwt"}
{"level":"info","ts":"2026-04-30T18:41:59.557+0200","caller":"security/jwt.go:80","msg":"user valerio.vaudi@gmail.com has required authority: ROLE_USER\nThe user has [ROLE_BUDGET ROLE_USER FACTOR_PASSWORD]","component":"Jwt"}
{"level":"info","ts":"2026-04-30T18:41:59.557+0200","caller":"security/jwt.go:89","msg":"authenticated user: valerio.vaudi@gmail.com\n","component":"Jwt"}
{"level":"info","ts":"2026-04-30T18:41:59.586+0200","caller":"gin@v1.12.0/context.go:192","msg":"/api/tags","component":"web-server","status":200,"method":"GET","path":"/api/tags","query":"","ip":"127.0.0.1","user-agent":"Mozilla/5.0 (X11; Linux x86_64) AppleWebKit/537.36 (KHTML, like Gecko) Chrome/147.0.0.0 Safari/537.36","latency":0.028810014,"time":"2026-04-30T16:41:59Z"}
{"level":"info","ts":"2026-04-30T18:41:59.596+0200","caller":"security/jwt.go:69","msg":"authenticating user: valerio.vaudi@gmail.com\n","component":"Jwt"}
{"level":"info","ts":"2026-04-30T18:41:59.596+0200","caller":"security/jwt.go:72","msg":"user valerio.vaudi@gmail.com has those authority [ROLE_BUDGET ROLE_USER FACTOR_PASSWORD]\n","component":"Jwt"}
{"level":"info","ts":"2026-04-30T18:41:59.596+0200","caller":"security/jwt.go:80","msg":"user valerio.vaudi@gmail.com has required authority: ROLE_USER\nThe user has [ROLE_BUDGET ROLE_USER FACTOR_PASSWORD]","component":"Jwt"}
{"level":"info","ts":"2026-04-30T18:41:59.596+0200","caller":"security/jwt.go:89","msg":"authenticated user: valerio.vaudi@gmail.com\n","component":"Jwt"}
{"level":"info","ts":"2026-04-30T18:41:59.626+0200","caller":"gin@v1.12.0/context.go:192","msg":"/api/tags","component":"web-server","status":200,"method":"GET","path":"/api/tags","query":"","ip":"127.0.0.1","user-agent":"Go-http-client/1.1","latency":0.029932838,"time":"2026-04-30T16:41:59Z"}
{"level":"info","ts":"2026-04-30T18:41:59.748+0200","caller":"security/jwt.go:69","msg":"authenticating user: valerio.vaudi@gmail.com\n","component":"Jwt"}
{"level":"info","ts":"2026-04-30T18:41:59.748+0200","caller":"security/jwt.go:72","msg":"user valerio.vaudi@gmail.com has those authority [ROLE_BUDGET ROLE_USER FACTOR_PASSWORD]\n","component":"Jwt"}
{"level":"info","ts":"2026-04-30T18:41:59.748+0200","caller":"security/jwt.go:80","msg":"user valerio.vaudi@gmail.com has required authority: ROLE_USER\nThe user has [ROLE_BUDGET ROLE_USER FACTOR_PASSWORD]","component":"Jwt"}
{"level":"info","ts":"2026-04-30T18:41:59.748+0200","caller":"security/jwt.go:89","msg":"authenticated user: valerio.vaudi@gmail.com\n","component":"Jwt"}
{"level":"info","ts":"2026-04-30T18:41:59.779+0200","caller":"gin@v1.12.0/context.go:192","msg":"/api/tags","component":"web-server","status":200,"method":"GET","path":"/api/tags","query":"","ip":"127.0.0.1","user-agent":"Mozilla/5.0 (X11; Linux x86_64) AppleWebKit/537.36 (KHTML, like Gecko) Chrome/147.0.0.0 Safari/537.36","latency":0.030412612,"time":"2026-04-30T16:41:59Z"}
{"level":"info","ts":"2026-04-30T19:13:52.986+0200","caller":"otel/tracing_provider.go:35","msg":"Setting up OTel TracerProvider: service=tag-api protocol=http endpoint=localhost:4318","component":"OtelProvider"}
{"level":"info","ts":"2026-04-30T19:13:52.986+0200","caller":"otel/metric_provider.go:16","msg":"Setting up OTel MeterProvider: service=tag-api protocol=http endpoint=localhost:4318","component":"OtelProvider"}
{"level":"info","ts":"2026-04-30T19:13:52.986+0200","caller":"otel/log_provider.go:16","msg":"Setting up OTel LoggerProvider: service=tag-api protocol=http endpoint=localhost:4318","component":"OtelProvider"}
{"level":"info","ts":"2026-04-30T19:13:52.986+0200","caller":"server/web_server.go:66","msg":"Setting up OAuth2 middleware","component":"WebServerProvisioner"}
{"level":"info","ts":"2026-04-30T19:13:52.990+0200","caller":"security/jwt.go:21","msg":"OAuth2 middleware set up with role: ROLE_USER","component":"Jwt"}
{"level":"info","ts":"2026-04-30T19:13:52.991+0200","caller":"dynamodb/repository.go:38","msg":"Using AWS DynamoDB service without local endpoint","component":"dynamodb.TagDynamoDBRepository"}
{"level":"info","ts":"2026-04-30T19:14:06.794+0200","caller":"security/jwt.go:69","msg":"authenticating user: valerio.vaudi@gmail.com\n","component":"Jwt"}
{"level":"info","ts":"2026-04-30T19:14:06.795+0200","caller":"security/jwt.go:72","msg":"user valerio.vaudi@gmail.com has those authority [ROLE_BUDGET ROLE_USER FACTOR_PASSWORD]\n","component":"Jwt"}
{"level":"info","ts":"2026-04-30T19:14:06.795+0200","caller":"security/jwt.go:80","msg":"user valerio.vaudi@gmail.com has required authority: ROLE_USER\nThe user has [ROLE_BUDGET ROLE_USER FACTOR_PASSWORD]","component":"Jwt"}
{"level":"info","ts":"2026-04-30T19:14:06.795+0200","caller":"security/jwt.go:89","msg":"authenticated user: valerio.vaudi@gmail.com\n","component":"Jwt"}
{"level":"info","ts":"2026-04-30T19:14:06.932+0200","caller":"security/jwt.go:69","msg":"authenticating user: valerio.vaudi@gmail.com\n","component":"Jwt"}
{"level":"info","ts":"2026-04-30T19:14:06.933+0200","caller":"security/jwt.go:72","msg":"user valerio.vaudi@gmail.com has those authority [ROLE_BUDGET ROLE_USER FACTOR_PASSWORD]\n","component":"Jwt"}
{"level":"info","ts":"2026-04-30T19:14:06.933+0200","caller":"security/jwt.go:80","msg":"user valerio.vaudi@gmail.com has required authority: ROLE_USER\nThe user has [ROLE_BUDGET ROLE_USER FACTOR_PASSWORD]","component":"Jwt"}
{"level":"info","ts":"2026-04-30T19:14:06.933+0200","caller":"security/jwt.go:89","msg":"authenticated user: valerio.vaudi@gmail.com\n","component":"Jwt"}
{"level":"info","ts":"2026-04-30T19:14:06.967+0200","caller":"security/jwt.go:69","msg":"authenticating user: valerio.vaudi@gmail.com\n","component":"Jwt"}
{"level":"info","ts":"2026-04-30T19:14:06.967+0200","caller":"security/jwt.go:72","msg":"user valerio.vaudi@gmail.com has those authority [ROLE_BUDGET ROLE_USER FACTOR_PASSWORD]\n","component":"Jwt"}
{"level":"info","ts":"2026-04-30T19:14:06.967+0200","caller":"security/jwt.go:80","msg":"user valerio.vaudi@gmail.com has required authority: ROLE_USER\nThe user has [ROLE_BUDGET ROLE_USER FACTOR_PASSWORD]","component":"Jwt"}
{"level":"info","ts":"2026-04-30T19:14:06.967+0200","caller":"security/jwt.go:89","msg":"authenticated user: valerio.vaudi@gmail.com\n","component":"Jwt"}
{"level":"info","ts":"2026-04-30T19:14:07.201+0200","caller":"security/jwt.go:69","msg":"authenticating user: valerio.vaudi@gmail.com\n","component":"Jwt"}
{"level":"info","ts":"2026-04-30T19:14:07.201+0200","caller":"security/jwt.go:72","msg":"user valerio.vaudi@gmail.com has those authority [ROLE_BUDGET ROLE_USER FACTOR_PASSWORD]\n","component":"Jwt"}
{"level":"info","ts":"2026-04-30T19:14:07.201+0200","caller":"security/jwt.go:80","msg":"user valerio.vaudi@gmail.com has required authority: ROLE_USER\nThe user has [ROLE_BUDGET ROLE_USER FACTOR_PASSWORD]","component":"Jwt"}
{"level":"info","ts":"2026-04-30T19:14:07.201+0200","caller":"security/jwt.go:89","msg":"authenticated user: valerio.vaudi@gmail.com\n","component":"Jwt"}
{"level":"info","ts":"2026-04-30T19:14:07.777+0200","caller":"security/jwt.go:69","msg":"authenticating user: valerio.vaudi@gmail.com\n","component":"Jwt"}
{"level":"info","ts":"2026-04-30T19:14:07.777+0200","caller":"security/jwt.go:72","msg":"user valerio.vaudi@gmail.com has those authority [ROLE_BUDGET ROLE_USER FACTOR_PASSWORD]\n","component":"Jwt"}
{"level":"info","ts":"2026-04-30T19:14:07.777+0200","caller":"security/jwt.go:80","msg":"user valerio.vaudi@gmail.com has required authority: ROLE_USER\nThe user has [ROLE_BUDGET ROLE_USER FACTOR_PASSWORD]","component":"Jwt"}
{"level":"info","ts":"2026-04-30T19:14:07.777+0200","caller":"security/jwt.go:89","msg":"authenticated user: valerio.vaudi@gmail.com\n","component":"Jwt"}
{"level":"info","ts":"2026-04-30T19:14:08.095+0200","caller":"security/jwt.go:69","msg":"authenticating user: valerio.vaudi@gmail.com\n","component":"Jwt"}
{"level":"info","ts":"2026-04-30T19:14:08.095+0200","caller":"security/jwt.go:72","msg":"user valerio.vaudi@gmail.com has those authority [ROLE_BUDGET ROLE_USER FACTOR_PASSWORD]\n","component":"Jwt"}
{"level":"info","ts":"2026-04-30T19:14:08.095+0200","caller":"security/jwt.go:80","msg":"user valerio.vaudi@gmail.com has required authority: ROLE_USER\nThe user has [ROLE_BUDGET ROLE_USER FACTOR_PASSWORD]","component":"Jwt"}
{"level":"info","ts":"2026-04-30T19:14:08.095+0200","caller":"security/jwt.go:89","msg":"authenticated user: valerio.vaudi@gmail.com\n","component":"Jwt"}
{"level":"info","ts":"2026-04-30T20:02:45.113+0200","caller":"otel/tracing_provider.go:35","msg":"Setting up OTel TracerProvider: service=tag-api protocol=http endpoint=localhost:4318","component":"OtelProvider"}
{"level":"info","ts":"2026-04-30T20:02:45.113+0200","caller":"otel/metric_provider.go:16","msg":"Setting up OTel MeterProvider: service=tag-api protocol=http endpoint=localhost:4318","component":"OtelProvider"}
{"level":"info","ts":"2026-04-30T20:02:45.113+0200","caller":"otel/log_provider.go:16","msg":"Setting up OTel LoggerProvider: service=tag-api protocol=http endpoint=localhost:4318","component":"OtelProvider"}
{"level":"info","ts":"2026-04-30T20:02:45.114+0200","caller":"server/web_server.go:66","msg":"Setting up OAuth2 middleware","component":"WebServerProvisioner"}
{"level":"info","ts":"2026-04-30T20:02:45.118+0200","caller":"security/jwt.go:21","msg":"OAuth2 middleware set up with role: ROLE_USER","component":"Jwt"}
{"level":"info","ts":"2026-04-30T20:02:45.119+0200","caller":"dynamodb/repository.go:38","msg":"Using AWS DynamoDB service without local endpoint","component":"dynamodb.TagDynamoDBRepository"}
{"level":"info","ts":"2026-04-30T20:02:51.792+0200","caller":"security/jwt.go:69","msg":"authenticating user: valerio.vaudi@gmail.com\n","component":"Jwt"}
{"level":"info","ts":"2026-04-30T20:02:51.792+0200","caller":"security/jwt.go:72","msg":"user valerio.vaudi@gmail.com has those authority [ROLE_BUDGET ROLE_USER FACTOR_PASSWORD]\n","component":"Jwt"}
{"level":"info","ts":"2026-04-30T20:02:51.792+0200","caller":"security/jwt.go:80","msg":"user valerio.vaudi@gmail.com has required authority: ROLE_USER\nThe user has [ROLE_BUDGET ROLE_USER FACTOR_PASSWORD]","component":"Jwt"}
{"level":"info","ts":"2026-04-30T20:02:51.792+0200","caller":"security/jwt.go:89","msg":"authenticated user: valerio.vaudi@gmail.com\n","component":"Jwt"}
{"level":"info","ts":"2026-04-30T20:02:51.958+0200","caller":"security/jwt.go:69","msg":"authenticating user: valerio.vaudi@gmail.com\n","component":"Jwt"}
{"level":"info","ts":"2026-04-30T20:02:51.958+0200","caller":"security/jwt.go:72","msg":"user valerio.vaudi@gmail.com has those authority [ROLE_BUDGET ROLE_USER FACTOR_PASSWORD]\n","component":"Jwt"}
{"level":"info","ts":"2026-04-30T20:02:51.958+0200","caller":"security/jwt.go:80","msg":"user valerio.vaudi@gmail.com has required authority: ROLE_USER\nThe user has [ROLE_BUDGET ROLE_USER FACTOR_PASSWORD]","component":"Jwt"}
{"level":"info","ts":"2026-04-30T20:02:51.958+0200","caller":"security/jwt.go:89","msg":"authenticated user: valerio.vaudi@gmail.com\n","component":"Jwt"}
{"level":"info","ts":"2026-04-30T20:02:51.974+0200","caller":"security/jwt.go:69","msg":"authenticating user: valerio.vaudi@gmail.com\n","component":"Jwt"}
{"level":"info","ts":"2026-04-30T20:02:51.974+0200","caller":"security/jwt.go:72","msg":"user valerio.vaudi@gmail.com has those authority [ROLE_BUDGET ROLE_USER FACTOR_PASSWORD]\n","component":"Jwt"}
{"level":"info","ts":"2026-04-30T20:02:51.974+0200","caller":"security/jwt.go:80","msg":"user valerio.vaudi@gmail.com has required authority: ROLE_USER\nThe user has [ROLE_BUDGET ROLE_USER FACTOR_PASSWORD]","component":"Jwt"}
{"level":"info","ts":"2026-04-30T20:02:51.974+0200","caller":"security/jwt.go:89","msg":"authenticated user: valerio.vaudi@gmail.com\n","component":"Jwt"}
{"level":"info","ts":"2026-04-30T20:02:52.001+0200","caller":"security/jwt.go:69","msg":"authenticating user: valerio.vaudi@gmail.com\n","component":"Jwt"}
{"level":"info","ts":"2026-04-30T20:02:52.001+0200","caller":"security/jwt.go:72","msg":"user valerio.vaudi@gmail.com has those authority [ROLE_BUDGET ROLE_USER FACTOR_PASSWORD]\n","component":"Jwt"}
{"level":"info","ts":"2026-04-30T20:02:52.001+0200","caller":"security/jwt.go:80","msg":"user valerio.vaudi@gmail.com has required authority: ROLE_USER\nThe user has [ROLE_BUDGET ROLE_USER FACTOR_PASSWORD]","component":"Jwt"}
{"level":"info","ts":"2026-04-30T20:02:52.002+0200","caller":"security/jwt.go:89","msg":"authenticated user: valerio.vaudi@gmail.com\n","component":"Jwt"}
{"level":"info","ts":"2026-04-30T20:02:52.335+0200","caller":"security/jwt.go:69","msg":"authenticating user: valerio.vaudi@gmail.com\n","component":"Jwt"}
{"level":"info","ts":"2026-04-30T20:02:52.335+0200","caller":"security/jwt.go:72","msg":"user valerio.vaudi@gmail.com has those authority [ROLE_BUDGET ROLE_USER FACTOR_PASSWORD]\n","component":"Jwt"}
{"level":"info","ts":"2026-04-30T20:02:52.335+0200","caller":"security/jwt.go:80","msg":"user valerio.vaudi@gmail.com has required authority: ROLE_USER\nThe user has [ROLE_BUDGET ROLE_USER FACTOR_PASSWORD]","component":"Jwt"}
{"level":"info","ts":"2026-04-30T20:02:52.335+0200","caller":"security/jwt.go:89","msg":"authenticated user: valerio.vaudi@gmail.com\n","component":"Jwt"}
{"level":"info","ts":"2026-04-30T20:02:52.357+0200","caller":"security/jwt.go:69","msg":"authenticating user: valerio.vaudi@gmail.com\n","component":"Jwt"}
{"level":"info","ts":"2026-04-30T20:02:52.357+0200","caller":"security/jwt.go:72","msg":"user valerio.vaudi@gmail.com has those authority [ROLE_BUDGET ROLE_USER FACTOR_PASSWORD]\n","component":"Jwt"}
{"level":"info","ts":"2026-04-30T20:02:52.358+0200","caller":"security/jwt.go:80","msg":"user valerio.vaudi@gmail.com has required authority: ROLE_USER\nThe user has [ROLE_BUDGET ROLE_USER FACTOR_PASSWORD]","component":"Jwt"}
{"level":"info","ts":"2026-04-30T20:02:52.358+0200","caller":"security/jwt.go:89","msg":"authenticated user: valerio.vaudi@gmail.com\n","component":"Jwt"}
{"level":"info","ts":"2026-04-30T20:02:53.045+0200","caller":"security/jwt.go:69","msg":"authenticating user: valerio.vaudi@gmail.com\n","component":"Jwt"}
{"level":"info","ts":"2026-04-30T20:02:53.045+0200","caller":"security/jwt.go:72","msg":"user valerio.vaudi@gmail.com has those authority [ROLE_BUDGET ROLE_USER FACTOR_PASSWORD]\n","component":"Jwt"}
{"level":"info","ts":"2026-04-30T20:02:53.045+0200","caller":"security/jwt.go:80","msg":"user valerio.vaudi@gmail.com has required authority: ROLE_USER\nThe user has [ROLE_BUDGET ROLE_USER FACTOR_PASSWORD]","component":"Jwt"}
{"level":"info","ts":"2026-04-30T20:02:53.045+0200","caller":"security/jwt.go:89","msg":"authenticated user: valerio.vaudi@gmail.com\n","component":"Jwt"}
{"level":"info","ts":"2026-04-30T20:02:53.351+0200","caller":"security/jwt.go:69","msg":"authenticating user: valerio.vaudi@gmail.com\n","component":"Jwt"}
{"level":"info","ts":"2026-04-30T20:02:53.351+0200","caller":"security/jwt.go:72","msg":"user valerio.vaudi@gmail.com has those authority [ROLE_BUDGET ROLE_USER FACTOR_PASSWORD]\n","component":"Jwt"}
{"level":"info","ts":"2026-04-30T20:02:53.351+0200","caller":"security/jwt.go:80","msg":"user valerio.vaudi@gmail.com has required authority: ROLE_USER\nThe user has [ROLE_BUDGET ROLE_USER FACTOR_PASSWORD]","component":"Jwt"}
{"level":"info","ts":"2026-04-30T20:02:53.351+0200","caller":"security/jwt.go:89","msg":"authenticated user: valerio.vaudi@gmail.com\n","component":"Jwt"}
{"level":"info","ts":"2026-04-30T20:02:53.534+0200","caller":"security/jwt.go:69","msg":"authenticating user: valerio.vaudi@gmail.com\n","component":"Jwt"}
{"level":"info","ts":"2026-04-30T20:02:53.534+0200","caller":"security/jwt.go:72","msg":"user valerio.vaudi@gmail.com has those authority [ROLE_BUDGET ROLE_USER FACTOR_PASSWORD]\n","component":"Jwt"}
{"level":"info","ts":"2026-04-30T20:02:53.534+0200","caller":"security/jwt.go:80","msg":"user valerio.vaudi@gmail.com has required authority: ROLE_USER\nThe user has [ROLE_BUDGET ROLE_USER FACTOR_PASSWORD]","component":"Jwt"}
{"level":"info","ts":"2026-04-30T20:02:53.534+0200","caller":"security/jwt.go:89","msg":"authenticated user: valerio.vaudi@gmail.com\n","component":"Jwt"}
{"level":"info","ts":"2026-04-30T20:02:53.766+0200","caller":"security/jwt.go:69","msg":"authenticating user: valerio.vaudi@gmail.com\n","component":"Jwt"}
{"level":"info","ts":"2026-04-30T20:02:53.766+0200","caller":"security/jwt.go:72","msg":"user valerio.vaudi@gmail.com has those authority [ROLE_BUDGET ROLE_USER FACTOR_PASSWORD]\n","component":"Jwt"}
{"level":"info","ts":"2026-04-30T20:02:53.766+0200","caller":"security/jwt.go:80","msg":"user valerio.vaudi@gmail.com has required authority: ROLE_USER\nThe user has [ROLE_BUDGET ROLE_USER FACTOR_PASSWORD]","component":"Jwt"}
{"level":"info","ts":"2026-04-30T20:02:53.766+0200","caller":"security/jwt.go:89","msg":"authenticated user: valerio.vaudi@gmail.com\n","component":"Jwt"}
{"level":"info","ts":"2026-04-30T21:10:19.487+0200","caller":"otel/tracing_provider.go:35","msg":"Setting up OTel TracerProvider: service=tag-api protocol=http endpoint=localhost:4318","component":"OtelProvider"}
{"level":"info","ts":"2026-04-30T21:10:19.488+0200","caller":"otel/metric_provider.go:16","msg":"Setting up OTel MeterProvider: service=tag-api protocol=http endpoint=localhost:4318","component":"OtelProvider"}
{"level":"info","ts":"2026-04-30T21:10:19.488+0200","caller":"otel/log_provider.go:16","msg":"Setting up OTel LoggerProvider: service=tag-api protocol=http endpoint=localhost:4318","component":"OtelProvider"}
{"level":"info","ts":"2026-04-30T21:10:19.488+0200","caller":"server/web_server.go:66","msg":"Setting up OAuth2 middleware","component":"WebServerProvisioner"}
{"level":"info","ts":"2026-04-30T21:10:19.491+0200","caller":"security/jwt.go:21","msg":"OAuth2 middleware set up with role: ROLE_USER","component":"Jwt"}
{"level":"info","ts":"2026-04-30T21:10:19.491+0200","caller":"dynamodb/repository.go:38","msg":"Using AWS DynamoDB service without local endpoint","component":"dynamodb.TagDynamoDBRepository"}
{"level":"info","ts":"2026-04-30T21:10:27.919+0200","caller":"security/jwt.go:69","msg":"authenticating user: valerio.vaudi@gmail.com\n","component":"Jwt"}
{"level":"info","ts":"2026-04-30T21:10:27.919+0200","caller":"security/jwt.go:72","msg":"user valerio.vaudi@gmail.com has those authority [ROLE_BUDGET ROLE_USER FACTOR_PASSWORD]\n","component":"Jwt"}
{"level":"info","ts":"2026-04-30T21:10:27.919+0200","caller":"security/jwt.go:80","msg":"user valerio.vaudi@gmail.com has required authority: ROLE_USER\nThe user has [ROLE_BUDGET ROLE_USER FACTOR_PASSWORD]","component":"Jwt"}
{"level":"info","ts":"2026-04-30T21:10:27.919+0200","caller":"security/jwt.go:89","msg":"authenticated user: valerio.vaudi@gmail.com\n","component":"Jwt"}
{"level":"info","ts":"2026-04-30T21:10:28.076+0200","caller":"security/jwt.go:69","msg":"authenticating user: valerio.vaudi@gmail.com\n","component":"Jwt"}
{"level":"info","ts":"2026-04-30T21:10:28.076+0200","caller":"security/jwt.go:72","msg":"user valerio.vaudi@gmail.com has those authority [ROLE_BUDGET ROLE_USER FACTOR_PASSWORD]\n","component":"Jwt"}
{"level":"info","ts":"2026-04-30T21:10:28.076+0200","caller":"security/jwt.go:80","msg":"user valerio.vaudi@gmail.com has required authority: ROLE_USER\nThe user has [ROLE_BUDGET ROLE_USER FACTOR_PASSWORD]","component":"Jwt"}
{"level":"info","ts":"2026-04-30T21:10:28.076+0200","caller":"security/jwt.go:89","msg":"authenticated user: valerio.vaudi@gmail.com\n","component":"Jwt"}
{"level":"info","ts":"2026-04-30T21:10:28.092+0200","caller":"security/jwt.go:69","msg":"authenticating user: valerio.vaudi@gmail.com\n","component":"Jwt"}
{"level":"info","ts":"2026-04-30T21:10:28.092+0200","caller":"security/jwt.go:72","msg":"user valerio.vaudi@gmail.com has those authority [ROLE_BUDGET ROLE_USER FACTOR_PASSWORD]\n","component":"Jwt"}
{"level":"info","ts":"2026-04-30T21:10:28.093+0200","caller":"security/jwt.go:80","msg":"user valerio.vaudi@gmail.com has required authority: ROLE_USER\nThe user has [ROLE_BUDGET ROLE_USER FACTOR_PASSWORD]","component":"Jwt"}
{"level":"info","ts":"2026-04-30T21:10:28.093+0200","caller":"security/jwt.go:89","msg":"authenticated user: valerio.vaudi@gmail.com\n","component":"Jwt"}
{"level":"info","ts":"2026-04-30T21:10:28.335+0200","caller":"security/jwt.go:69","msg":"authenticating user: valerio.vaudi@gmail.com\n","component":"Jwt"}
{"level":"info","ts":"2026-04-30T21:10:28.335+0200","caller":"security/jwt.go:72","msg":"user valerio.vaudi@gmail.com has those authority [ROLE_BUDGET ROLE_USER FACTOR_PASSWORD]\n","component":"Jwt"}
{"level":"info","ts":"2026-04-30T21:10:28.335+0200","caller":"security/jwt.go:80","msg":"user valerio.vaudi@gmail.com has required authority: ROLE_USER\nThe user has [ROLE_BUDGET ROLE_USER FACTOR_PASSWORD]","component":"Jwt"}
{"level":"info","ts":"2026-04-30T21:10:28.335+0200","caller":"security/jwt.go:89","msg":"authenticated user: valerio.vaudi@gmail.com\n","component":"Jwt"}
{"level":"info","ts":"2026-04-30T21:10:28.373+0200","caller":"security/jwt.go:69","msg":"authenticating user: valerio.vaudi@gmail.com\n","component":"Jwt"}
{"level":"info","ts":"2026-04-30T21:10:28.374+0200","caller":"security/jwt.go:72","msg":"user valerio.vaudi@gmail.com has those authority [ROLE_BUDGET ROLE_USER FACTOR_PASSWORD]\n","component":"Jwt"}
{"level":"info","ts":"2026-04-30T21:10:28.374+0200","caller":"security/jwt.go:80","msg":"user valerio.vaudi@gmail.com has required authority: ROLE_USER\nThe user has [ROLE_BUDGET ROLE_USER FACTOR_PASSWORD]","component":"Jwt"}
{"level":"info","ts":"2026-04-30T21:10:28.374+0200","caller":"security/jwt.go:89","msg":"authenticated user: valerio.vaudi@gmail.com\n","component":"Jwt"}
{"level":"info","ts":"2026-04-30T21:10:37.431+0200","caller":"security/jwt.go:69","msg":"authenticating user: valerio.vaudi@gmail.com\n","component":"Jwt"}
{"level":"info","ts":"2026-04-30T21:10:37.431+0200","caller":"security/jwt.go:72","msg":"user valerio.vaudi@gmail.com has those authority [ROLE_BUDGET ROLE_USER FACTOR_PASSWORD]\n","component":"Jwt"}
{"level":"info","ts":"2026-04-30T21:10:37.431+0200","caller":"security/jwt.go:80","msg":"user valerio.vaudi@gmail.com has required authority: ROLE_USER\nThe user has [ROLE_BUDGET ROLE_USER FACTOR_PASSWORD]","component":"Jwt"}
{"level":"info","ts":"2026-04-30T21:10:37.431+0200","caller":"security/jwt.go:89","msg":"authenticated user: valerio.vaudi@gmail.com\n","component":"Jwt"}
{"level":"info","ts":"2026-04-30T21:14:24.999+0200","caller":"otel/tracing_provider.go:35","msg":"Setting up OTel TracerProvider: service=tag-api protocol=http endpoint=localhost:4318","component":"OtelProvider"}
{"level":"info","ts":"2026-04-30T21:14:24.999+0200","caller":"otel/metric_provider.go:16","msg":"Setting up OTel MeterProvider: service=tag-api protocol=http endpoint=localhost:4318","component":"OtelProvider"}
{"level":"info","ts":"2026-04-30T21:14:24.999+0200","caller":"otel/log_provider.go:16","msg":"Setting up OTel LoggerProvider: service=tag-api protocol=http endpoint=localhost:4318","component":"OtelProvider"}
{"level":"info","ts":"2026-04-30T21:14:25.000+0200","caller":"server/web_server.go:66","msg":"Setting up OAuth2 middleware","component":"WebServerProvisioner"}
{"level":"info","ts":"2026-04-30T21:14:25.002+0200","caller":"security/jwt.go:21","msg":"OAuth2 middleware set up with role: ROLE_USER","component":"Jwt"}
{"level":"info","ts":"2026-04-30T21:14:25.002+0200","caller":"dynamodb/repository.go:38","msg":"Using AWS DynamoDB service without local endpoint","component":"dynamodb.TagDynamoDBRepository"}
{"level":"info","ts":"2026-04-30T21:14:34.673+0200","caller":"security/jwt.go:69","msg":"authenticating user: valerio.vaudi@gmail.com\n","component":"Jwt"}
{"level":"info","ts":"2026-04-30T21:14:34.674+0200","caller":"security/jwt.go:72","msg":"user valerio.vaudi@gmail.com has those authority [ROLE_BUDGET ROLE_USER FACTOR_PASSWORD]\n","component":"Jwt"}
{"level":"info","ts":"2026-04-30T21:14:34.674+0200","caller":"security/jwt.go:80","msg":"user valerio.vaudi@gmail.com has required authority: ROLE_USER\nThe user has [ROLE_BUDGET ROLE_USER FACTOR_PASSWORD]","component":"Jwt"}
{"level":"info","ts":"2026-04-30T21:14:34.674+0200","caller":"security/jwt.go:89","msg":"authenticated user: valerio.vaudi@gmail.com\n","component":"Jwt"}
{"level":"info","ts":"2026-04-30T21:14:34.877+0200","caller":"security/jwt.go:69","msg":"authenticating user: valerio.vaudi@gmail.com\n","component":"Jwt"}
{"level":"info","ts":"2026-04-30T21:14:34.877+0200","caller":"security/jwt.go:72","msg":"user valerio.vaudi@gmail.com has those authority [ROLE_BUDGET ROLE_USER FACTOR_PASSWORD]\n","component":"Jwt"}
{"level":"info","ts":"2026-04-30T21:14:34.877+0200","caller":"security/jwt.go:80","msg":"user valerio.vaudi@gmail.com has required authority: ROLE_USER\nThe user has [ROLE_BUDGET ROLE_USER FACTOR_PASSWORD]","component":"Jwt"}
{"level":"info","ts":"2026-04-30T21:14:34.877+0200","caller":"security/jwt.go:89","msg":"authenticated user: valerio.vaudi@gmail.com\n","component":"Jwt"}
{"level":"info","ts":"2026-04-30T21:14:35.010+0200","caller":"security/jwt.go:69","msg":"authenticating user: valerio.vaudi@gmail.com\n","component":"Jwt"}
{"level":"info","ts":"2026-04-30T21:14:35.010+0200","caller":"security/jwt.go:72","msg":"user valerio.vaudi@gmail.com has those authority [ROLE_BUDGET ROLE_USER FACTOR_PASSWORD]\n","component":"Jwt"}
{"level":"info","ts":"2026-04-30T21:14:35.010+0200","caller":"security/jwt.go:80","msg":"user valerio.vaudi@gmail.com has required authority: ROLE_USER\nThe user has [ROLE_BUDGET ROLE_USER FACTOR_PASSWORD]","component":"Jwt"}
{"level":"info","ts":"2026-04-30T21:14:35.010+0200","caller":"security/jwt.go:89","msg":"authenticated user: valerio.vaudi@gmail.com\n","component":"Jwt"}
{"level":"info","ts":"2026-04-30T21:14:35.129+0200","caller":"security/jwt.go:69","msg":"authenticating user: valerio.vaudi@gmail.com\n","component":"Jwt"}
{"level":"info","ts":"2026-04-30T21:14:35.129+0200","caller":"security/jwt.go:72","msg":"user valerio.vaudi@gmail.com has those authority [ROLE_BUDGET ROLE_USER FACTOR_PASSWORD]\n","component":"Jwt"}
{"level":"info","ts":"2026-04-30T21:14:35.129+0200","caller":"security/jwt.go:80","msg":"user valerio.vaudi@gmail.com has required authority: ROLE_USER\nThe user has [ROLE_BUDGET ROLE_USER FACTOR_PASSWORD]","component":"Jwt"}
{"level":"info","ts":"2026-04-30T21:14:35.129+0200","caller":"security/jwt.go:89","msg":"authenticated user: valerio.vaudi@gmail.com\n","component":"Jwt"}
{"level":"info","ts":"2026-04-30T21:14:35.375+0200","caller":"security/jwt.go:69","msg":"authenticating user: valerio.vaudi@gmail.com\n","component":"Jwt"}
{"level":"info","ts":"2026-04-30T21:14:35.376+0200","caller":"security/jwt.go:72","msg":"user valerio.vaudi@gmail.com has those authority [ROLE_BUDGET ROLE_USER FACTOR_PASSWORD]\n","component":"Jwt"}
{"level":"info","ts":"2026-04-30T21:14:35.376+0200","caller":"security/jwt.go:80","msg":"user valerio.vaudi@gmail.com has required authority: ROLE_USER\nThe user has [ROLE_BUDGET ROLE_USER FACTOR_PASSWORD]","component":"Jwt"}
{"level":"info","ts":"2026-04-30T21:14:35.376+0200","caller":"security/jwt.go:89","msg":"authenticated user: valerio.vaudi@gmail.com\n","component":"Jwt"}
{"level":"info","ts":"2026-04-30T21:14:35.715+0200","caller":"security/jwt.go:69","msg":"authenticating user: valerio.vaudi@gmail.com\n","component":"Jwt"}
{"level":"info","ts":"2026-04-30T21:14:35.715+0200","caller":"security/jwt.go:72","msg":"user valerio.vaudi@gmail.com has those authority [ROLE_BUDGET ROLE_USER FACTOR_PASSWORD]\n","component":"Jwt"}
{"level":"info","ts":"2026-04-30T21:14:35.715+0200","caller":"security/jwt.go:80","msg":"user valerio.vaudi@gmail.com has required authority: ROLE_USER\nThe user has [ROLE_BUDGET ROLE_USER FACTOR_PASSWORD]","component":"Jwt"}
{"level":"info","ts":"2026-04-30T21:14:35.715+0200","caller":"security/jwt.go:89","msg":"authenticated user: valerio.vaudi@gmail.com\n","component":"Jwt"}
{"level":"info","ts":"2026-04-30T21:14:57.522+0200","caller":"security/jwt.go:69","msg":"authenticating user: valerio.vaudi@gmail.com\n","component":"Jwt"}
{"level":"info","ts":"2026-04-30T21:14:57.522+0200","caller":"security/jwt.go:72","msg":"user valerio.vaudi@gmail.com has those authority [ROLE_BUDGET ROLE_USER FACTOR_PASSWORD]\n","component":"Jwt"}
{"level":"info","ts":"2026-04-30T21:14:57.522+0200","caller":"security/jwt.go:80","msg":"user valerio.vaudi@gmail.com has required authority: ROLE_USER\nThe user has [ROLE_BUDGET ROLE_USER FACTOR_PASSWORD]","component":"Jwt"}
{"level":"info","ts":"2026-04-30T21:14:57.522+0200","caller":"security/jwt.go:89","msg":"authenticated user: valerio.vaudi@gmail.com\n","component":"Jwt"}
{"level":"info","ts":"2026-04-30T21:14:57.749+0200","caller":"security/jwt.go:69","msg":"authenticating user: valerio.vaudi@gmail.com\n","component":"Jwt"}
{"level":"info","ts":"2026-04-30T21:14:57.749+0200","caller":"security/jwt.go:72","msg":"user valerio.vaudi@gmail.com has those authority [ROLE_BUDGET ROLE_USER FACTOR_PASSWORD]\n","component":"Jwt"}
{"level":"info","ts":"2026-04-30T21:14:57.749+0200","caller":"security/jwt.go:80","msg":"user valerio.vaudi@gmail.com has required authority: ROLE_USER\nThe user has [ROLE_BUDGET ROLE_USER FACTOR_PASSWORD]","component":"Jwt"}
{"level":"info","ts":"2026-04-30T21:14:57.749+0200","caller":"security/jwt.go:89","msg":"authenticated user: valerio.vaudi@gmail.com\n","component":"Jwt"}
{"level":"info","ts":"2026-04-30T21:14:57.935+0200","caller":"security/jwt.go:69","msg":"authenticating user: valerio.vaudi@gmail.com\n","component":"Jwt"}
{"level":"info","ts":"2026-04-30T21:14:57.935+0200","caller":"security/jwt.go:72","msg":"user valerio.vaudi@gmail.com has those authority [ROLE_BUDGET ROLE_USER FACTOR_PASSWORD]\n","component":"Jwt"}
{"level":"info","ts":"2026-04-30T21:14:57.935+0200","caller":"security/jwt.go:80","msg":"user valerio.vaudi@gmail.com has required authority: ROLE_USER\nThe user has [ROLE_BUDGET ROLE_USER FACTOR_PASSWORD]","component":"Jwt"}
{"level":"info","ts":"2026-04-30T21:14:57.935+0200","caller":"security/jwt.go:89","msg":"authenticated user: valerio.vaudi@gmail.com\n","component":"Jwt"}
{"level":"info","ts":"2026-04-30T21:14:58.108+0200","caller":"security/jwt.go:69","msg":"authenticating user: valerio.vaudi@gmail.com\n","component":"Jwt"}
{"level":"info","ts":"2026-04-30T21:14:58.108+0200","caller":"security/jwt.go:72","msg":"user valerio.vaudi@gmail.com has those authority [ROLE_BUDGET ROLE_USER FACTOR_PASSWORD]\n","component":"Jwt"}
{"level":"info","ts":"2026-04-30T21:14:58.108+0200","caller":"security/jwt.go:80","msg":"user valerio.vaudi@gmail.com has required authority: ROLE_USER\nThe user has [ROLE_BUDGET ROLE_USER FACTOR_PASSWORD]","component":"Jwt"}
{"level":"info","ts":"2026-04-30T21:14:58.108+0200","caller":"security/jwt.go:89","msg":"authenticated user: valerio.vaudi@gmail.com\n","component":"Jwt"}
{"level":"info","ts":"2026-05-02T10:53:07.214+0200","caller":"otel/tracing_provider.go:35","msg":"Setting up OTel TracerProvider: service=tag-api protocol=http endpoint=localhost:4318","component":"OtelProvider"}
{"level":"info","ts":"2026-05-02T10:53:07.214+0200","caller":"otel/metric_provider.go:16","msg":"Setting up OTel MeterProvider: service=tag-api protocol=http endpoint=localhost:4318","component":"OtelProvider"}
{"level":"info","ts":"2026-05-02T10:53:07.214+0200","caller":"otel/log_provider.go:16","msg":"Setting up OTel LoggerProvider: service=tag-api protocol=http endpoint=localhost:4318","component":"OtelProvider"}
{"level":"info","ts":"2026-05-02T10:53:07.214+0200","caller":"server/web_server.go:74","msg":"Setting up OAuth2 middleware","component":"WebServerProvisioner"}
{"level":"info","ts":"2026-05-02T10:53:07.217+0200","caller":"security/jwt.go:30","msg":"OAuth2 middleware set up with role: ROLE_USER","component":"Jwt"}
{"level":"info","ts":"2026-05-02T10:53:07.217+0200","caller":"dynamodb/repository.go:38","msg":"Using AWS DynamoDB service without local endpoint","component":"dynamodb.TagDynamoDBRepository"}
{"level":"info","ts":"2026-05-02T10:54:26.090+0200","caller":"security/jwt.go:77","msg":"authenticating user: valerio.vaudi@gmail.com\n","component":"Jwt"}
{"level":"info","ts":"2026-05-02T10:54:26.090+0200","caller":"security/jwt.go:86","msg":"user valerio.vaudi@gmail.com has those authority [ROLE_BUDGET ROLE_USER FACTOR_PASSWORD]\n","component":"Jwt"}
{"level":"info","ts":"2026-05-02T10:54:26.090+0200","caller":"security/jwt.go:94","msg":"user valerio.vaudi@gmail.com has required authority: ROLE_USER","component":"Jwt"}
{"level":"info","ts":"2026-05-02T10:54:26.090+0200","caller":"security/jwt.go:102","msg":"authenticated user: valerio.vaudi@gmail.com\n","component":"Jwt"}
{"level":"info","ts":"2026-05-02T10:54:33.505+0200","caller":"security/jwt.go:77","msg":"authenticating user: valerio.vaudi@gmail.com\n","component":"Jwt"}
{"level":"info","ts":"2026-05-02T10:54:33.505+0200","caller":"security/jwt.go:86","msg":"user valerio.vaudi@gmail.com has those authority [ROLE_BUDGET ROLE_USER FACTOR_PASSWORD]\n","component":"Jwt"}
{"level":"info","ts":"2026-05-02T10:54:33.505+0200","caller":"security/jwt.go:94","msg":"user valerio.vaudi@gmail.com has required authority: ROLE_USER","component":"Jwt"}
{"level":"info","ts":"2026-05-02T10:54:33.505+0200","caller":"security/jwt.go:102","msg":"authenticated user: valerio.vaudi@gmail.com\n","component":"Jwt"}
{"level":"info","ts":"2026-05-02T10:54:33.744+0200","caller":"security/jwt.go:77","msg":"authenticating user: valerio.vaudi@gmail.com\n","component":"Jwt"}
{"level":"info","ts":"2026-05-02T10:54:33.744+0200","caller":"security/jwt.go:86","msg":"user valerio.vaudi@gmail.com has those authority [ROLE_BUDGET ROLE_USER FACTOR_PASSWORD]\n","component":"Jwt"}
{"level":"info","ts":"2026-05-02T10:54:33.744+0200","caller":"security/jwt.go:94","msg":"user valerio.vaudi@gmail.com has required authority: ROLE_USER","component":"Jwt"}
{"level":"info","ts":"2026-05-02T10:54:33.744+0200","caller":"security/jwt.go:102","msg":"authenticated user: valerio.vaudi@gmail.com\n","component":"Jwt"}
{"level":"info","ts":"2026-05-02T11:16:11.919+0200","caller":"security/jwt.go:77","msg":"authenticating user: valerio.vaudi@gmail.com\n","component":"Jwt"}
{"level":"info","ts":"2026-05-02T11:16:11.919+0200","caller":"security/jwt.go:86","msg":"user valerio.vaudi@gmail.com has those authority [ROLE_BUDGET ROLE_USER FACTOR_PASSWORD]\n","component":"Jwt"}
{"level":"info","ts":"2026-05-02T11:16:11.919+0200","caller":"security/jwt.go:94","msg":"user valerio.vaudi@gmail.com has required authority: ROLE_USER","component":"Jwt"}
{"level":"info","ts":"2026-05-02T11:16:11.919+0200","caller":"security/jwt.go:102","msg":"authenticated user: valerio.vaudi@gmail.com\n","component":"Jwt"}
{"level":"info","ts":"2026-05-02T11:16:12.230+0200","caller":"security/jwt.go:77","msg":"authenticating user: valerio.vaudi@gmail.com\n","component":"Jwt"}
{"level":"info","ts":"2026-05-02T11:16:12.230+0200","caller":"security/jwt.go:86","msg":"user valerio.vaudi@gmail.com has those authority [ROLE_BUDGET ROLE_USER FACTOR_PASSWORD]\n","component":"Jwt"}
{"level":"info","ts":"2026-05-02T11:16:12.230+0200","caller":"security/jwt.go:94","msg":"user valerio.vaudi@gmail.com has required authority: ROLE_USER","component":"Jwt"}
{"level":"info","ts":"2026-05-02T11:16:12.230+0200","caller":"security/jwt.go:102","msg":"authenticated user: valerio.vaudi@gmail.com\n","component":"Jwt"}
{"level":"info","ts":"2026-05-02T11:17:13.518+0200","caller":"security/jwt.go:77","msg":"authenticating user: valerio.vaudi@gmail.com\n","component":"Jwt"}
{"level":"info","ts":"2026-05-02T11:17:13.519+0200","caller":"security/jwt.go:86","msg":"user valerio.vaudi@gmail.com has those authority [ROLE_BUDGET ROLE_USER FACTOR_PASSWORD]\n","component":"Jwt"}
{"level":"info","ts":"2026-05-02T11:17:13.519+0200","caller":"security/jwt.go:94","msg":"user valerio.vaudi@gmail.com has required authority: ROLE_USER","component":"Jwt"}
{"level":"info","ts":"2026-05-02T11:17:13.519+0200","caller":"security/jwt.go:102","msg":"authenticated user: valerio.vaudi@gmail.com\n","component":"Jwt"}
{"level":"info","ts":"2026-05-02T11:17:13.748+0200","caller":"security/jwt.go:77","msg":"authenticating user: valerio.vaudi@gmail.com\n","component":"Jwt"}
{"level":"info","ts":"2026-05-02T11:17:13.748+0200","caller":"security/jwt.go:86","msg":"user valerio.vaudi@gmail.com has those authority [ROLE_BUDGET ROLE_USER FACTOR_PASSWORD]\n","component":"Jwt"}
{"level":"info","ts":"2026-05-02T11:17:13.748+0200","caller":"security/jwt.go:94","msg":"user valerio.vaudi@gmail.com has required authority: ROLE_USER","component":"Jwt"}
{"level":"info","ts":"2026-05-02T11:17:13.748+0200","caller":"security/jwt.go:102","msg":"authenticated user: valerio.vaudi@gmail.com\n","component":"Jwt"}
{"level":"info","ts":"2026-05-02T11:18:51.555+0200","caller":"security/jwt.go:77","msg":"authenticating user: valerio.vaudi@gmail.com\n","component":"Jwt"}
{"level":"info","ts":"2026-05-02T11:18:51.555+0200","caller":"security/jwt.go:86","msg":"user valerio.vaudi@gmail.com has those authority [ROLE_BUDGET ROLE_USER FACTOR_PASSWORD]\n","component":"Jwt"}
{"level":"info","ts":"2026-05-02T11:18:51.555+0200","caller":"security/jwt.go:94","msg":"user valerio.vaudi@gmail.com has required authority: ROLE_USER","component":"Jwt"}
{"level":"info","ts":"2026-05-02T11:18:51.555+0200","caller":"security/jwt.go:102","msg":"authenticated user: valerio.vaudi@gmail.com\n","component":"Jwt"}
{"level":"info","ts":"2026-05-02T11:18:51.845+0200","caller":"security/jwt.go:77","msg":"authenticating user: valerio.vaudi@gmail.com\n","component":"Jwt"}
{"level":"info","ts":"2026-05-02T11:18:51.845+0200","caller":"security/jwt.go:86","msg":"user valerio.vaudi@gmail.com has those authority [ROLE_BUDGET ROLE_USER FACTOR_PASSWORD]\n","component":"Jwt"}
{"level":"info","ts":"2026-05-02T11:18:51.845+0200","caller":"security/jwt.go:94","msg":"user valerio.vaudi@gmail.com has required authority: ROLE_USER","component":"Jwt"}
{"level":"info","ts":"2026-05-02T11:18:51.845+0200","caller":"security/jwt.go:102","msg":"authenticated user: valerio.vaudi@gmail.com\n","component":"Jwt"}
{"level":"info","ts":"2026-05-02T21:40:45.080+0200","caller":"otel/tracing_provider.go:35","msg":"Setting up OTel TracerProvider: service=tag-api protocol=http endpoint=localhost:4318","component":"OtelProvider"}
{"level":"info","ts":"2026-05-02T21:40:45.080+0200","caller":"otel/metric_provider.go:16","msg":"Setting up OTel MeterProvider: service=tag-api protocol=http endpoint=localhost:4318","component":"OtelProvider"}
{"level":"info","ts":"2026-05-02T21:40:45.080+0200","caller":"otel/log_provider.go:16","msg":"Setting up OTel LoggerProvider: service=tag-api protocol=http endpoint=localhost:4318","component":"OtelProvider"}
{"level":"info","ts":"2026-05-02T21:40:45.081+0200","caller":"server/web_server.go:72","msg":"Setting up OAuth2 middleware","component":"WebServerProvisioner"}
{"level":"info","ts":"2026-05-02T21:40:45.083+0200","caller":"security/jwt.go:30","msg":"OAuth2 middleware set up with role: ROLE_USER","component":"Jwt"}
{"level":"info","ts":"2026-05-02T21:40:45.084+0200","caller":"dynamodb/repository.go:38","msg":"Using AWS DynamoDB service without local endpoint","component":"dynamodb.TagDynamoDBRepository"}
{"level":"info","ts":"2026-05-02T21:40:45.084+0200","caller":"server/web_server.go:142","msg":"listening on 0.0.0.0:8000","component":"WebServerProvisioner"}
{"level":"info","ts":"2026-05-02T21:41:03.227+0200","caller":"server/web_server.go:161","msg":"shutdown signal received, draining connections","component":"WebServerProvisioner"}
{"level":"info","ts":"2026-05-02T21:41:03.228+0200","caller":"otel/tracing_provider.go:54","msg":"Shutting down OTel TracerProvider","component":"OtelProvider"}
{"level":"info","ts":"2026-05-02T21:41:03.228+0200","caller":"otel/metric_provider.go:30","msg":"Shutting down OTel MeterProvider","component":"OtelProvider"}
{"level":"info","ts":"2026-05-02T21:41:03.229+0200","caller":"otel/log_provider.go:30","msg":"Shutting down OTel LoggerProvider","component":"OtelProvider"}
{"level":"info","ts":"2026-05-02T21:41:03.973+0200","caller":"otel/tracing_provider.go:35","msg":"Setting up OTel TracerProvider: service=tag-api protocol=http endpoint=localhost:4318","component":"OtelProvider"}
{"level":"info","ts":"2026-05-02T21:41:03.973+0200","caller":"otel/metric_provider.go:16","msg":"Setting up OTel MeterProvider: service=tag-api protocol=http endpoint=localhost:4318","component":"OtelProvider"}
{"level":"info","ts":"2026-05-02T21:41:03.973+0200","caller":"otel/log_provider.go:16","msg":"Setting up OTel LoggerProvider: service=tag-api protocol=http endpoint=localhost:4318","component":"OtelProvider"}
{"level":"info","ts":"2026-05-02T21:41:03.973+0200","caller":"server/web_server.go:72","msg":"Setting up OAuth2 middleware","component":"WebServerProvisioner"}
{"level":"info","ts":"2026-05-02T21:41:03.976+0200","caller":"security/jwt.go:30","msg":"OAuth2 middleware set up with role: ROLE_USER","component":"Jwt"}
{"level":"info","ts":"2026-05-02T21:41:03.976+0200","caller":"dynamodb/repository.go:38","msg":"Using AWS DynamoDB service without local endpoint","component":"dynamodb.TagDynamoDBRepository"}
{"level":"info","ts":"2026-05-02T21:41:03.976+0200","caller":"server/web_server.go:142","msg":"listening on 0.0.0.0:8000","component":"WebServerProvisioner"}
{"level":"info","ts":"2026-05-02T21:41:30.055+0200","caller":"security/jwt.go:77","msg":"authenticating user: valerio.vaudi@gmail.com\n","component":"Jwt"}
{"level":"info","ts":"2026-05-02T21:41:30.055+0200","caller":"security/jwt.go:86","msg":"user valerio.vaudi@gmail.com has those authority [ROLE_BUDGET ROLE_USER FACTOR_PASSWORD]\n","component":"Jwt"}
{"level":"info","ts":"2026-05-02T21:41:30.055+0200","caller":"security/jwt.go:94","msg":"user valerio.vaudi@gmail.com has required authority: ROLE_USER","component":"Jwt"}
{"level":"info","ts":"2026-05-02T21:41:30.056+0200","caller":"security/jwt.go:102","msg":"authenticated user: valerio.vaudi@gmail.com\n","component":"Jwt"}
{"level":"info","ts":"2026-05-02T21:41:30.240+0200","caller":"security/jwt.go:77","msg":"authenticating user: valerio.vaudi@gmail.com\n","component":"Jwt"}
{"level":"info","ts":"2026-05-02T21:41:30.241+0200","caller":"security/jwt.go:86","msg":"user valerio.vaudi@gmail.com has those authority [ROLE_BUDGET ROLE_USER FACTOR_PASSWORD]\n","component":"Jwt"}
{"level":"info","ts":"2026-05-02T21:41:30.241+0200","caller":"security/jwt.go:94","msg":"user valerio.vaudi@gmail.com has required authority: ROLE_USER","component":"Jwt"}
{"level":"info","ts":"2026-05-02T21:41:30.241+0200","caller":"security/jwt.go:102","msg":"authenticated user: valerio.vaudi@gmail.com\n","component":"Jwt"}
{"level":"info","ts":"2026-05-02T21:41:30.478+0200","caller":"security/jwt.go:77","msg":"authenticating user: valerio.vaudi@gmail.com\n","component":"Jwt"}
{"level":"info","ts":"2026-05-02T21:41:30.478+0200","caller":"security/jwt.go:86","msg":"user valerio.vaudi@gmail.com has those authority [ROLE_BUDGET ROLE_USER FACTOR_PASSWORD]\n","component":"Jwt"}
{"level":"info","ts":"2026-05-02T21:41:30.478+0200","caller":"security/jwt.go:94","msg":"user valerio.vaudi@gmail.com has required authority: ROLE_USER","component":"Jwt"}
{"level":"info","ts":"2026-05-02T21:41:30.478+0200","caller":"security/jwt.go:102","msg":"authenticated user: valerio.vaudi@gmail.com\n","component":"Jwt"}
{"level":"info","ts":"2026-05-03T10:09:30.037+0200","caller":"server/web_server.go:161","msg":"shutdown signal received, draining connections","component":"WebServerProvisioner"}
{"level":"info","ts":"2026-05-03T10:09:30.038+0200","caller":"otel/tracing_provider.go:54","msg":"Shutting down OTel TracerProvider","component":"OtelProvider"}
{"level":"info","ts":"2026-05-03T10:09:30.038+0200","caller":"otel/metric_provider.go:30","msg":"Shutting down OTel MeterProvider","component":"OtelProvider"}
{"level":"info","ts":"2026-05-03T10:09:30.038+0200","caller":"otel/log_provider.go:30","msg":"Shutting down OTel LoggerProvider","component":"OtelProvider"}
{"level":"info","ts":"2026-05-03T10:09:31.675+0200","caller":"otel/tracing_provider.go:35","msg":"Setting up OTel TracerProvider: service=tag-api protocol=http endpoint=localhost:4318","component":"OtelProvider"}
{"level":"info","ts":"2026-05-03T10:09:31.675+0200","caller":"otel/metric_provider.go:16","msg":"Setting up OTel MeterProvider: service=tag-api protocol=http endpoint=localhost:4318","component":"OtelProvider"}
{"level":"info","ts":"2026-05-03T10:09:31.675+0200","caller":"otel/log_provider.go:16","msg":"Setting up OTel LoggerProvider: service=tag-api protocol=http endpoint=localhost:4318","component":"OtelProvider"}
{"level":"info","ts":"2026-05-03T10:09:31.675+0200","caller":"server/web_server.go:83","msg":"Setting up OAuth2 middleware","component":"WebServerProvisioner"}
{"level":"info","ts":"2026-05-03T10:09:31.678+0200","caller":"security/jwt.go:30","msg":"OAuth2 middleware set up with role: ROLE_USER","component":"Jwt"}
{"level":"info","ts":"2026-05-03T10:09:31.678+0200","caller":"dynamodb/repository.go:38","msg":"Using AWS DynamoDB service without local endpoint","component":"dynamodb.TagDynamoDBRepository"}
{"level":"info","ts":"2026-05-03T10:09:31.678+0200","caller":"server/web_server.go:130","msg":"listening on 0.0.0.0:8000","component":"WebServerProvisioner"}
{"level":"info","ts":"2026-05-03T10:09:39.958+0200","caller":"security/jwt.go:77","msg":"authenticating user: valerio.vaudi@gmail.com\n","component":"Jwt"}
{"level":"info","ts":"2026-05-03T10:09:39.958+0200","caller":"security/jwt.go:86","msg":"user valerio.vaudi@gmail.com has those authority [ROLE_BUDGET ROLE_USER FACTOR_PASSWORD]\n","component":"Jwt"}
{"level":"info","ts":"2026-05-03T10:09:39.958+0200","caller":"security/jwt.go:94","msg":"user valerio.vaudi@gmail.com has required authority: ROLE_USER","component":"Jwt"}
{"level":"info","ts":"2026-05-03T10:09:39.958+0200","caller":"security/jwt.go:102","msg":"authenticated user: valerio.vaudi@gmail.com\n","component":"Jwt"}
{"level":"info","ts":"2026-05-03T10:09:40.102+0200","caller":"security/jwt.go:77","msg":"authenticating user: valerio.vaudi@gmail.com\n","component":"Jwt"}
{"level":"info","ts":"2026-05-03T10:09:40.102+0200","caller":"security/jwt.go:86","msg":"user valerio.vaudi@gmail.com has those authority [ROLE_BUDGET ROLE_USER FACTOR_PASSWORD]\n","component":"Jwt"}
{"level":"info","ts":"2026-05-03T10:09:40.102+0200","caller":"security/jwt.go:94","msg":"user valerio.vaudi@gmail.com has required authority: ROLE_USER","component":"Jwt"}
{"level":"info","ts":"2026-05-03T10:09:40.102+0200","caller":"security/jwt.go:102","msg":"authenticated user: valerio.vaudi@gmail.com\n","component":"Jwt"}
{"level":"info","ts":"2026-05-03T10:09:40.337+0200","caller":"security/jwt.go:77","msg":"authenticating user: valerio.vaudi@gmail.com\n","component":"Jwt"}
{"level":"info","ts":"2026-05-03T10:09:40.338+0200","caller":"security/jwt.go:86","msg":"user valerio.vaudi@gmail.com has those authority [ROLE_BUDGET ROLE_USER FACTOR_PASSWORD]\n","component":"Jwt"}
{"level":"info","ts":"2026-05-03T10:09:40.338+0200","caller":"security/jwt.go:94","msg":"user valerio.vaudi@gmail.com has required authority: ROLE_USER","component":"Jwt"}
{"level":"info","ts":"2026-05-03T10:09:40.338+0200","caller":"security/jwt.go:102","msg":"authenticated user: valerio.vaudi@gmail.com\n","component":"Jwt"}
{"level":"info","ts":"2026-05-03T10:09:47.336+0200","caller":"security/jwt.go:77","msg":"authenticating user: valerio.vaudi@gmail.com\n","component":"Jwt"}
{"level":"info","ts":"2026-05-03T10:09:47.336+0200","caller":"security/jwt.go:86","msg":"user valerio.vaudi@gmail.com has those authority [ROLE_BUDGET ROLE_USER FACTOR_PASSWORD]\n","component":"Jwt"}
{"level":"info","ts":"2026-05-03T10:09:47.336+0200","caller":"security/jwt.go:94","msg":"user valerio.vaudi@gmail.com has required authority: ROLE_USER","component":"Jwt"}
{"level":"info","ts":"2026-05-03T10:09:47.336+0200","caller":"security/jwt.go:102","msg":"authenticated user: valerio.vaudi@gmail.com\n","component":"Jwt"}
{"level":"info","ts":"2026-05-03T10:20:16.092+0200","caller":"server/web_server.go:149","msg":"shutdown signal received, draining connections","component":"WebServerProvisioner"}
{"level":"info","ts":"2026-05-03T10:20:17.716+0200","caller":"otel/tracing_provider.go:35","msg":"Setting up OTel TracerProvider: service=tag-api protocol=http endpoint=localhost:4318","component":"OtelProvider"}
{"level":"info","ts":"2026-05-03T10:20:17.716+0200","caller":"otel/metric_provider.go:16","msg":"Setting up OTel MeterProvider: service=tag-api protocol=http endpoint=localhost:4318","component":"OtelProvider"}
{"level":"info","ts":"2026-05-03T10:20:17.716+0200","caller":"otel/log_provider.go:16","msg":"Setting up OTel LoggerProvider: service=tag-api protocol=http endpoint=localhost:4318","component":"OtelProvider"}
{"level":"info","ts":"2026-05-03T10:20:17.716+0200","caller":"server/web_server.go:85","msg":"Setting up OAuth2 middleware","component":"WebServerProvisioner"}
{"level":"info","ts":"2026-05-03T10:20:17.719+0200","caller":"security/jwt.go:30","msg":"OAuth2 middleware set up with role: ROLE_USER","component":"Jwt"}
{"level":"info","ts":"2026-05-03T10:20:17.719+0200","caller":"dynamodb/repository.go:38","msg":"Using AWS DynamoDB service without local endpoint","component":"dynamodb.TagDynamoDBRepository"}
{"level":"info","ts":"2026-05-03T10:20:17.719+0200","caller":"server/web_server.go:127","msg":"listening on 0.0.0.0:8000","component":"WebServerProvisioner"}
{"level":"info","ts":"2026-05-03T10:20:23.212+0200","caller":"security/jwt.go:77","msg":"authenticating user: valerio.vaudi@gmail.com\n","component":"Jwt"}
{"level":"info","ts":"2026-05-03T10:20:23.212+0200","caller":"security/jwt.go:86","msg":"user valerio.vaudi@gmail.com has those authority [ROLE_BUDGET ROLE_USER FACTOR_PASSWORD]\n","component":"Jwt"}
{"level":"info","ts":"2026-05-03T10:20:23.212+0200","caller":"security/jwt.go:94","msg":"user valerio.vaudi@gmail.com has required authority: ROLE_USER","component":"Jwt"}
{"level":"info","ts":"2026-05-03T10:20:23.212+0200","caller":"security/jwt.go:102","msg":"authenticated user: valerio.vaudi@gmail.com\n","component":"Jwt"}
{"level":"info","ts":"2026-05-03T10:20:23.349+0200","caller":"security/jwt.go:77","msg":"authenticating user: valerio.vaudi@gmail.com\n","component":"Jwt"}
{"level":"info","ts":"2026-05-03T10:20:23.350+0200","caller":"security/jwt.go:86","msg":"user valerio.vaudi@gmail.com has those authority [ROLE_BUDGET ROLE_USER FACTOR_PASSWORD]\n","component":"Jwt"}
{"level":"info","ts":"2026-05-03T10:20:23.350+0200","caller":"security/jwt.go:94","msg":"user valerio.vaudi@gmail.com has required authority: ROLE_USER","component":"Jwt"}
{"level":"info","ts":"2026-05-03T10:20:23.350+0200","caller":"security/jwt.go:102","msg":"authenticated user: valerio.vaudi@gmail.com\n","component":"Jwt"}
{"level":"info","ts":"2026-05-03T10:20:23.580+0200","caller":"security/jwt.go:77","msg":"authenticating user: valerio.vaudi@gmail.com\n","component":"Jwt"}
{"level":"info","ts":"2026-05-03T10:20:23.581+0200","caller":"security/jwt.go:86","msg":"user valerio.vaudi@gmail.com has those authority [ROLE_BUDGET ROLE_USER FACTOR_PASSWORD]\n","component":"Jwt"}
{"level":"info","ts":"2026-05-03T10:20:23.581+0200","caller":"security/jwt.go:94","msg":"user valerio.vaudi@gmail.com has required authority: ROLE_USER","component":"Jwt"}
{"level":"info","ts":"2026-05-03T10:20:23.581+0200","caller":"security/jwt.go:102","msg":"authenticated user: valerio.vaudi@gmail.com\n","component":"Jwt"}
{"level":"info","ts":"2026-05-03T10:27:25.742+0200","caller":"server/web_server.go:146","msg":"shutdown signal received, draining connections","component":"WebServerProvisioner"}
{"level":"info","ts":"2026-05-03T10:27:30.203+0200","caller":"otel/tracing_provider.go:35","msg":"Setting up OTel TracerProvider: service=tag-api protocol=http endpoint=localhost:4318","component":"OtelProvider"}
{"level":"info","ts":"2026-05-03T10:27:30.204+0200","caller":"otel/metric_provider.go:16","msg":"Setting up OTel MeterProvider: service=tag-api protocol=http endpoint=localhost:4318","component":"OtelProvider"}
{"level":"info","ts":"2026-05-03T10:27:30.204+0200","caller":"otel/log_provider.go:16","msg":"Setting up OTel LoggerProvider: service=tag-api protocol=http endpoint=localhost:4318","component":"OtelProvider"}
{"level":"info","ts":"2026-05-03T10:27:30.204+0200","caller":"server/web_server.go:84","msg":"Setting up OAuth2 middleware","component":"WebServerProvisioner"}
{"level":"info","ts":"2026-05-03T10:27:30.205+0200","caller":"otel/tracing_provider.go:35","msg":"Setting up OTel TracerProvider: service=tag-api protocol=http endpoint=localhost:4318","component":"OtelProvider"}
{"level":"info","ts":"2026-05-03T10:27:30.205+0200","caller":"otel/metric_provider.go:16","msg":"Setting up OTel MeterProvider: service=tag-api protocol=http endpoint=localhost:4318","component":"OtelProvider"}
{"level":"info","ts":"2026-05-03T10:27:30.205+0200","caller":"otel/log_provider.go:16","msg":"Setting up OTel LoggerProvider: service=tag-api protocol=http endpoint=localhost:4318","component":"OtelProvider"}
{"level":"info","ts":"2026-05-03T10:27:30.209+0200","caller":"security/jwt.go:30","msg":"OAuth2 middleware set up with role: ROLE_USER","component":"Jwt"}
{"level":"info","ts":"2026-05-03T10:27:30.209+0200","caller":"dynamodb/repository.go:38","msg":"Using AWS DynamoDB service without local endpoint","component":"dynamodb.TagDynamoDBRepository"}
{"level":"info","ts":"2026-05-03T10:27:30.209+0200","caller":"server/web_server.go:124","msg":"listening on 0.0.0.0:8000","component":"WebServerProvisioner"}
{"level":"info","ts":"2026-05-03T10:27:37.445+0200","caller":"server/web_server.go:143","msg":"shutdown signal received, draining connections","component":"WebServerProvisioner"}
{"level":"info","ts":"2026-05-03T10:27:38.257+0200","caller":"otel/tracing_provider.go:35","msg":"Setting up OTel TracerProvider: service=tag-api protocol=http endpoint=localhost:4318","component":"OtelProvider"}
{"level":"info","ts":"2026-05-03T10:27:38.257+0200","caller":"otel/metric_provider.go:16","msg":"Setting up OTel MeterProvider: service=tag-api protocol=http endpoint=localhost:4318","component":"OtelProvider"}
{"level":"info","ts":"2026-05-03T10:27:38.257+0200","caller":"otel/log_provider.go:16","msg":"Setting up OTel LoggerProvider: service=tag-api protocol=http endpoint=localhost:4318","component":"OtelProvider"}
{"level":"info","ts":"2026-05-03T10:27:38.257+0200","caller":"server/web_server.go:84","msg":"Setting up OAuth2 middleware","component":"WebServerProvisioner"}
{"level":"info","ts":"2026-05-03T10:27:38.257+0200","caller":"otel/tracing_provider.go:35","msg":"Setting up OTel TracerProvider: service=tag-api protocol=http endpoint=localhost:4318","component":"OtelProvider"}
{"level":"info","ts":"2026-05-03T10:27:38.257+0200","caller":"otel/metric_provider.go:16","msg":"Setting up OTel MeterProvider: service=tag-api protocol=http endpoint=localhost:4318","component":"OtelProvider"}
{"level":"info","ts":"2026-05-03T10:27:38.258+0200","caller":"otel/log_provider.go:16","msg":"Setting up OTel LoggerProvider: service=tag-api protocol=http endpoint=localhost:4318","component":"OtelProvider"}
{"level":"info","ts":"2026-05-03T10:27:38.260+0200","caller":"security/jwt.go:30","msg":"OAuth2 middleware set up with role: ROLE_USER","component":"Jwt"}
{"level":"info","ts":"2026-05-03T10:27:38.260+0200","caller":"dynamodb/repository.go:38","msg":"Using AWS DynamoDB service without local endpoint","component":"dynamodb.TagDynamoDBRepository"}
{"level":"info","ts":"2026-05-03T10:27:38.261+0200","caller":"server/web_server.go:124","msg":"listening on 0.0.0.0:8000","component":"WebServerProvisioner"}
{"level":"info","ts":"2026-05-03T10:27:44.597+0200","caller":"security/jwt.go:77","msg":"authenticating user: valerio.vaudi@gmail.com\n","component":"Jwt"}
{"level":"info","ts":"2026-05-03T10:27:44.597+0200","caller":"security/jwt.go:86","msg":"user valerio.vaudi@gmail.com has those authority [ROLE_BUDGET ROLE_USER FACTOR_PASSWORD]\n","component":"Jwt"}
{"level":"info","ts":"2026-05-03T10:27:44.597+0200","caller":"security/jwt.go:94","msg":"user valerio.vaudi@gmail.com has required authority: ROLE_USER","component":"Jwt"}
{"level":"info","ts":"2026-05-03T10:27:44.597+0200","caller":"security/jwt.go:102","msg":"authenticated user: valerio.vaudi@gmail.com\n","component":"Jwt"}
{"level":"info","ts":"2026-05-03T10:27:44.711+0200","caller":"security/jwt.go:77","msg":"authenticating user: valerio.vaudi@gmail.com\n","component":"Jwt"}
{"level":"info","ts":"2026-05-03T10:27:44.712+0200","caller":"security/jwt.go:86","msg":"user valerio.vaudi@gmail.com has those authority [ROLE_BUDGET ROLE_USER FACTOR_PASSWORD]\n","component":"Jwt"}
{"level":"info","ts":"2026-05-03T10:27:44.712+0200","caller":"security/jwt.go:94","msg":"user valerio.vaudi@gmail.com has required authority: ROLE_USER","component":"Jwt"}
{"level":"info","ts":"2026-05-03T10:27:44.712+0200","caller":"security/jwt.go:102","msg":"authenticated user: valerio.vaudi@gmail.com\n","component":"Jwt"}
{"level":"info","ts":"2026-05-03T10:27:44.962+0200","caller":"security/jwt.go:77","msg":"authenticating user: valerio.vaudi@gmail.com\n","component":"Jwt"}
{"level":"info","ts":"2026-05-03T10:27:44.962+0200","caller":"security/jwt.go:86","msg":"user valerio.vaudi@gmail.com has those authority [ROLE_BUDGET ROLE_USER FACTOR_PASSWORD]\n","component":"Jwt"}
{"level":"info","ts":"2026-05-03T10:27:44.962+0200","caller":"security/jwt.go:94","msg":"user valerio.vaudi@gmail.com has required authority: ROLE_USER","component":"Jwt"}
{"level":"info","ts":"2026-05-03T10:27:44.962+0200","caller":"security/jwt.go:102","msg":"authenticated user: valerio.vaudi@gmail.com\n","component":"Jwt"}
{"level":"info","ts":"2026-05-03T10:27:45.947+0200","caller":"security/jwt.go:77","msg":"authenticating user: valerio.vaudi@gmail.com\n","component":"Jwt"}
{"level":"info","ts":"2026-05-03T10:27:45.947+0200","caller":"security/jwt.go:86","msg":"user valerio.vaudi@gmail.com has those authority [ROLE_BUDGET ROLE_USER FACTOR_PASSWORD]\n","component":"Jwt"}
{"level":"info","ts":"2026-05-03T10:27:45.947+0200","caller":"security/jwt.go:94","msg":"user valerio.vaudi@gmail.com has required authority: ROLE_USER","component":"Jwt"}
{"level":"info","ts":"2026-05-03T10:27:45.948+0200","caller":"security/jwt.go:102","msg":"authenticated user: valerio.vaudi@gmail.com\n","component":"Jwt"}
{"level":"info","ts":"2026-05-03T10:28:11.677+0200","caller":"security/jwt.go:77","msg":"authenticating user: valerio.vaudi@gmail.com\n","component":"Jwt"}
{"level":"info","ts":"2026-05-03T10:28:11.677+0200","caller":"security/jwt.go:86","msg":"user valerio.vaudi@gmail.com has those authority [ROLE_BUDGET ROLE_USER FACTOR_PASSWORD]\n","component":"Jwt"}
{"level":"info","ts":"2026-05-03T10:28:11.677+0200","caller":"security/jwt.go:94","msg":"user valerio.vaudi@gmail.com has required authority: ROLE_USER","component":"Jwt"}
{"level":"info","ts":"2026-05-03T10:28:11.677+0200","caller":"security/jwt.go:102","msg":"authenticated user: valerio.vaudi@gmail.com\n","component":"Jwt"}
{"level":"info","ts":"2026-05-03T13:23:52.447+0200","caller":"server/web_server.go:143","msg":"shutdown signal received, draining connections","component":"WebServerProvisioner"}
{"level":"info","ts":"2026-05-03T13:24:05.637+0200","caller":"otel/tracing_provider.go:35","msg":"Setting up OTel TracerProvider: service=tag-api protocol=http endpoint=localhost:4318","component":"OtelProvider"}
{"level":"info","ts":"2026-05-03T13:24:05.637+0200","caller":"otel/metric_provider.go:16","msg":"Setting up OTel MeterProvider: service=tag-api protocol=http endpoint=localhost:4318","component":"OtelProvider"}
{"level":"info","ts":"2026-05-03T13:24:05.637+0200","caller":"otel/log_provider.go:16","msg":"Setting up OTel LoggerProvider: service=tag-api protocol=http endpoint=localhost:4318","component":"OtelProvider"}
{"level":"info","ts":"2026-05-03T13:24:05.638+0200","caller":"server/web_server.go:78","msg":"Setting up OAuth2 middleware","component":"WebServerProvisioner"}
{"level":"info","ts":"2026-05-03T13:24:05.638+0200","caller":"otel/tracing_provider.go:35","msg":"Setting up OTel TracerProvider: service=tag-api protocol=http endpoint=localhost:4318","component":"OtelProvider"}
{"level":"info","ts":"2026-05-03T13:24:05.638+0200","caller":"otel/metric_provider.go:16","msg":"Setting up OTel MeterProvider: service=tag-api protocol=http endpoint=localhost:4318","component":"OtelProvider"}
{"level":"info","ts":"2026-05-03T13:24:05.638+0200","caller":"otel/log_provider.go:16","msg":"Setting up OTel LoggerProvider: service=tag-api protocol=http endpoint=localhost:4318","component":"OtelProvider"}
{"level":"info","ts":"2026-05-03T13:24:05.640+0200","caller":"security/jwt.go:30","msg":"OAuth2 middleware set up with role: ROLE_USER","component":"Jwt"}
{"level":"info","ts":"2026-05-03T13:24:05.640+0200","caller":"dynamodb/repository.go:38","msg":"Using AWS DynamoDB service without local endpoint","component":"dynamodb.TagDynamoDBRepository"}
{"level":"info","ts":"2026-05-03T13:24:05.640+0200","caller":"server/web_server.go:128","msg":"listening on 0.0.0.0:8000","component":"WebServerProvisioner"}
{"level":"info","ts":"2026-05-03T13:24:19.188+0200","caller":"security/jwt.go:77","msg":"authenticating user: valerio.vaudi@gmail.com\n","component":"Jwt"}
{"level":"info","ts":"2026-05-03T13:24:19.188+0200","caller":"security/jwt.go:86","msg":"user valerio.vaudi@gmail.com has those authority [ROLE_BUDGET ROLE_USER FACTOR_PASSWORD]\n","component":"Jwt"}
{"level":"info","ts":"2026-05-03T13:24:19.188+0200","caller":"security/jwt.go:94","msg":"user valerio.vaudi@gmail.com has required authority: ROLE_USER","component":"Jwt"}
{"level":"info","ts":"2026-05-03T13:24:19.188+0200","caller":"security/jwt.go:102","msg":"authenticated user: valerio.vaudi@gmail.com\n","component":"Jwt"}
{"level":"info","ts":"2026-05-03T13:24:19.336+0200","caller":"security/jwt.go:77","msg":"authenticating user: valerio.vaudi@gmail.com\n","component":"Jwt"}
{"level":"info","ts":"2026-05-03T13:24:19.336+0200","caller":"security/jwt.go:86","msg":"user valerio.vaudi@gmail.com has those authority [ROLE_BUDGET ROLE_USER FACTOR_PASSWORD]\n","component":"Jwt"}
{"level":"info","ts":"2026-05-03T13:24:19.336+0200","caller":"security/jwt.go:94","msg":"user valerio.vaudi@gmail.com has required authority: ROLE_USER","component":"Jwt"}
{"level":"info","ts":"2026-05-03T13:24:19.337+0200","caller":"security/jwt.go:102","msg":"authenticated user: valerio.vaudi@gmail.com\n","component":"Jwt"}
{"level":"info","ts":"2026-05-03T13:24:19.338+0200","caller":"security/jwt.go:77","msg":"authenticating user: valerio.vaudi@gmail.com\n","component":"Jwt"}
{"level":"info","ts":"2026-05-03T13:24:19.339+0200","caller":"security/jwt.go:86","msg":"user valerio.vaudi@gmail.com has those authority [ROLE_BUDGET ROLE_USER FACTOR_PASSWORD]\n","component":"Jwt"}
{"level":"info","ts":"2026-05-03T13:24:19.339+0200","caller":"security/jwt.go:94","msg":"user valerio.vaudi@gmail.com has required authority: ROLE_USER","component":"Jwt"}
{"level":"info","ts":"2026-05-03T13:24:19.339+0200","caller":"security/jwt.go:102","msg":"authenticated user: valerio.vaudi@gmail.com\n","component":"Jwt"}
{"level":"info","ts":"2026-05-03T13:24:19.377+0200","caller":"security/jwt.go:77","msg":"authenticating user: valerio.vaudi@gmail.com\n","component":"Jwt"}
{"level":"info","ts":"2026-05-03T13:24:19.377+0200","caller":"security/jwt.go:86","msg":"user valerio.vaudi@gmail.com has those authority [ROLE_BUDGET ROLE_USER FACTOR_PASSWORD]\n","component":"Jwt"}
{"level":"info","ts":"2026-05-03T13:24:19.377+0200","caller":"security/jwt.go:94","msg":"user valerio.vaudi@gmail.com has required authority: ROLE_USER","component":"Jwt"}
{"level":"info","ts":"2026-05-03T13:24:19.377+0200","caller":"security/jwt.go:102","msg":"authenticated user: valerio.vaudi@gmail.com\n","component":"Jwt"}
{"level":"info","ts":"2026-05-03T13:24:19.614+0200","caller":"security/jwt.go:77","msg":"authenticating user: valerio.vaudi@gmail.com\n","component":"Jwt"}
{"level":"info","ts":"2026-05-03T13:24:19.614+0200","caller":"security/jwt.go:86","msg":"user valerio.vaudi@gmail.com has those authority [ROLE_BUDGET ROLE_USER FACTOR_PASSWORD]\n","component":"Jwt"}
{"level":"info","ts":"2026-05-03T13:24:19.614+0200","caller":"security/jwt.go:94","msg":"user valerio.vaudi@gmail.com has required authority: ROLE_USER","component":"Jwt"}
{"level":"info","ts":"2026-05-03T13:24:19.614+0200","caller":"security/jwt.go:102","msg":"authenticated user: valerio.vaudi@gmail.com\n","component":"Jwt"}
{"level":"info","ts":"2026-05-03T13:24:43.509+0200","caller":"security/jwt.go:77","msg":"authenticating user: valerio.vaudi@gmail.com\n","component":"Jwt"}
{"level":"info","ts":"2026-05-03T13:24:43.509+0200","caller":"security/jwt.go:86","msg":"user valerio.vaudi@gmail.com has those authority [ROLE_BUDGET ROLE_USER FACTOR_PASSWORD]\n","component":"Jwt"}
{"level":"info","ts":"2026-05-03T13:24:43.509+0200","caller":"security/jwt.go:94","msg":"user valerio.vaudi@gmail.com has required authority: ROLE_USER","component":"Jwt"}
{"level":"info","ts":"2026-05-03T13:24:43.509+0200","caller":"security/jwt.go:102","msg":"authenticated user: valerio.vaudi@gmail.com\n","component":"Jwt"}
{"level":"info","ts":"2026-05-03T13:24:43.940+0200","caller":"security/jwt.go:77","msg":"authenticating user: valerio.vaudi@gmail.com\n","component":"Jwt"}
{"level":"info","ts":"2026-05-03T13:24:43.940+0200","caller":"security/jwt.go:86","msg":"user valerio.vaudi@gmail.com has those authority [ROLE_BUDGET ROLE_USER FACTOR_PASSWORD]\n","component":"Jwt"}
{"level":"info","ts":"2026-05-03T13:24:43.940+0200","caller":"security/jwt.go:94","msg":"user valerio.vaudi@gmail.com has required authority: ROLE_USER","component":"Jwt"}
{"level":"info","ts":"2026-05-03T13:24:43.940+0200","caller":"security/jwt.go:102","msg":"authenticated user: valerio.vaudi@gmail.com\n","component":"Jwt"}
{"level":"info","ts":"2026-05-03T13:24:44.187+0200","caller":"security/jwt.go:77","msg":"authenticating user: valerio.vaudi@gmail.com\n","component":"Jwt"}
{"level":"info","ts":"2026-05-03T13:24:44.187+0200","caller":"security/jwt.go:86","msg":"user valerio.vaudi@gmail.com has those authority [ROLE_BUDGET ROLE_USER FACTOR_PASSWORD]\n","component":"Jwt"}
{"level":"info","ts":"2026-05-03T13:24:44.187+0200","caller":"security/jwt.go:94","msg":"user valerio.vaudi@gmail.com has required authority: ROLE_USER","component":"Jwt"}
{"level":"info","ts":"2026-05-03T13:24:44.187+0200","caller":"security/jwt.go:102","msg":"authenticated user: valerio.vaudi@gmail.com\n","component":"Jwt"}
{"level":"info","ts":"2026-05-03T13:24:44.442+0200","caller":"security/jwt.go:77","msg":"authenticating user: valerio.vaudi@gmail.com\n","component":"Jwt"}
{"level":"info","ts":"2026-05-03T13:24:44.442+0200","caller":"security/jwt.go:86","msg":"user valerio.vaudi@gmail.com has those authority [ROLE_BUDGET ROLE_USER FACTOR_PASSWORD]\n","component":"Jwt"}
{"level":"info","ts":"2026-05-03T13:24:44.442+0200","caller":"security/jwt.go:94","msg":"user valerio.vaudi@gmail.com has required authority: ROLE_USER","component":"Jwt"}
{"level":"info","ts":"2026-05-03T13:24:44.442+0200","caller":"security/jwt.go:102","msg":"authenticated user: valerio.vaudi@gmail.com\n","component":"Jwt"}
{"level":"info","ts":"2026-05-03T13:25:10.870+0200","caller":"security/jwt.go:77","msg":"authenticating user: valerio.vaudi@gmail.com\n","component":"Jwt"}
{"level":"info","ts":"2026-05-03T13:25:10.870+0200","caller":"security/jwt.go:86","msg":"user valerio.vaudi@gmail.com has those authority [ROLE_BUDGET ROLE_USER FACTOR_PASSWORD]\n","component":"Jwt"}
{"level":"info","ts":"2026-05-03T13:25:10.870+0200","caller":"security/jwt.go:94","msg":"user valerio.vaudi@gmail.com has required authority: ROLE_USER","component":"Jwt"}
{"level":"info","ts":"2026-05-03T13:25:10.870+0200","caller":"security/jwt.go:102","msg":"authenticated user: valerio.vaudi@gmail.com\n","component":"Jwt"}
{"level":"info","ts":"2026-05-03T13:25:11.494+0200","caller":"security/jwt.go:77","msg":"authenticating user: valerio.vaudi@gmail.com\n","component":"Jwt"}
{"level":"info","ts":"2026-05-03T13:25:11.495+0200","caller":"security/jwt.go:86","msg":"user valerio.vaudi@gmail.com has those authority [ROLE_BUDGET ROLE_USER FACTOR_PASSWORD]\n","component":"Jwt"}
{"level":"info","ts":"2026-05-03T13:25:11.495+0200","caller":"security/jwt.go:94","msg":"user valerio.vaudi@gmail.com has required authority: ROLE_USER","component":"Jwt"}
{"level":"info","ts":"2026-05-03T13:25:11.495+0200","caller":"security/jwt.go:102","msg":"authenticated user: valerio.vaudi@gmail.com\n","component":"Jwt"}
{"level":"info","ts":"2026-05-03T14:01:05.658+0200","caller":"otel/tracing_provider.go:35","msg":"Setting up OTel TracerProvider: service=tag-api protocol=http endpoint=localhost:4318","component":"OtelProvider"}
{"level":"info","ts":"2026-05-03T14:01:05.658+0200","caller":"otel/metric_provider.go:16","msg":"Setting up OTel MeterProvider: service=tag-api protocol=http endpoint=localhost:4318","component":"OtelProvider"}
{"level":"info","ts":"2026-05-03T14:01:05.658+0200","caller":"otel/log_provider.go:16","msg":"Setting up OTel LoggerProvider: service=tag-api protocol=http endpoint=localhost:4318","component":"OtelProvider"}
{"level":"info","ts":"2026-05-03T14:01:05.659+0200","caller":"server/web_server.go:78","msg":"Setting up OAuth2 middleware","component":"WebServerProvisioner"}
{"level":"info","ts":"2026-05-03T14:01:05.659+0200","caller":"otel/tracing_provider.go:35","msg":"Setting up OTel TracerProvider: service=tag-api protocol=http endpoint=localhost:4318","component":"OtelProvider"}
{"level":"info","ts":"2026-05-03T14:01:05.659+0200","caller":"otel/metric_provider.go:16","msg":"Setting up OTel MeterProvider: service=tag-api protocol=http endpoint=localhost:4318","component":"OtelProvider"}
{"level":"info","ts":"2026-05-03T14:01:05.659+0200","caller":"otel/log_provider.go:16","msg":"Setting up OTel LoggerProvider: service=tag-api protocol=http endpoint=localhost:4318","component":"OtelProvider"}
{"level":"error","ts":"2026-05-03T14:01:15.660+0200","caller":"security/jwk.go:34","msg":"jwk: register \"http://local.api.vauthenticator.com:9090/oauth2/jwks\": failed to add resource to httprc.Client: context deadline exceeded","component":"Jwk"}
{"level":"error","ts":"2026-05-03T14:01:15.662+0200","caller":"security/jwt.go:26","msg":"oauth2 setup: jwk: register \"http://local.api.vauthenticator.com:9090/oauth2/jwks\": failed to add resource to httprc.Client: context deadline exceeded","component":"Jwt"}
{"level":"error","ts":"2026-05-03T14:01:15.663+0200","caller":"server/oauth2_configurer.go:34","msg":"OAuth2 setup failed: oauth2 setup: jwk: register \"http://local.api.vauthenticator.com:9090/oauth2/jwks\": failed to add resource to httprc.Client: context deadline exceeded","component":"WebServerProvisioner"}
{"level":"info","ts":"2026-05-03T14:05:11.874+0200","caller":"otel/tracing_provider.go:35","msg":"Setting up OTel TracerProvider: service=tag-api protocol=http endpoint=localhost:4318","component":"OtelProvider"}
{"level":"info","ts":"2026-05-03T14:05:11.874+0200","caller":"otel/metric_provider.go:16","msg":"Setting up OTel MeterProvider: service=tag-api protocol=http endpoint=localhost:4318","component":"OtelProvider"}
{"level":"info","ts":"2026-05-03T14:05:11.874+0200","caller":"otel/log_provider.go:16","msg":"Setting up OTel LoggerProvider: service=tag-api protocol=http endpoint=localhost:4318","component":"OtelProvider"}
{"level":"info","ts":"2026-05-03T14:05:11.874+0200","caller":"server/web_server.go:78","msg":"Setting up OAuth2 middleware","component":"WebServerProvisioner"}
{"level":"info","ts":"2026-05-03T14:05:11.874+0200","caller":"otel/tracing_provider.go:35","msg":"Setting up OTel TracerProvider: service=tag-api protocol=http endpoint=localhost:4318","component":"OtelProvider"}
{"level":"info","ts":"2026-05-03T14:05:11.874+0200","caller":"otel/metric_provider.go:16","msg":"Setting up OTel MeterProvider: service=tag-api protocol=http endpoint=localhost:4318","component":"OtelProvider"}
{"level":"info","ts":"2026-05-03T14:05:11.874+0200","caller":"otel/log_provider.go:16","msg":"Setting up OTel LoggerProvider: service=tag-api protocol=http endpoint=localhost:4318","component":"OtelProvider"}
{"level":"info","ts":"2026-05-03T14:05:11.880+0200","caller":"security/jwt.go:30","msg":"OAuth2 middleware set up with role: ROLE_USER","component":"Jwt"}
{"level":"info","ts":"2026-05-03T14:05:11.880+0200","caller":"dynamodb/repository.go:38","msg":"Using AWS DynamoDB service without local endpoint","component":"dynamodb.TagDynamoDBRepository"}
{"level":"info","ts":"2026-05-03T14:05:11.880+0200","caller":"server/web_server.go:128","msg":"listening on 0.0.0.0:8000","component":"WebServerProvisioner"}
{"level":"info","ts":"2026-05-03T14:05:17.987+0200","caller":"security/jwt.go:77","msg":"authenticating user: valerio.vaudi@gmail.com\n","component":"Jwt"}
{"level":"info","ts":"2026-05-03T14:05:17.987+0200","caller":"security/jwt.go:86","msg":"user valerio.vaudi@gmail.com has those authority [ROLE_BUDGET ROLE_USER FACTOR_PASSWORD]\n","component":"Jwt"}
{"level":"info","ts":"2026-05-03T14:05:17.987+0200","caller":"security/jwt.go:94","msg":"user valerio.vaudi@gmail.com has required authority: ROLE_USER","component":"Jwt"}
{"level":"info","ts":"2026-05-03T14:05:17.988+0200","caller":"security/jwt.go:102","msg":"authenticated user: valerio.vaudi@gmail.com\n","component":"Jwt"}
{"level":"info","ts":"2026-05-03T14:05:18.116+0200","caller":"security/jwt.go:77","msg":"authenticating user: valerio.vaudi@gmail.com\n","component":"Jwt"}
{"level":"info","ts":"2026-05-03T14:05:18.116+0200","caller":"security/jwt.go:86","msg":"user valerio.vaudi@gmail.com has those authority [ROLE_BUDGET ROLE_USER FACTOR_PASSWORD]\n","component":"Jwt"}
{"level":"info","ts":"2026-05-03T14:05:18.116+0200","caller":"security/jwt.go:94","msg":"user valerio.vaudi@gmail.com has required authority: ROLE_USER","component":"Jwt"}
{"level":"info","ts":"2026-05-03T14:05:18.116+0200","caller":"security/jwt.go:102","msg":"authenticated user: valerio.vaudi@gmail.com\n","component":"Jwt"}
{"level":"info","ts":"2026-05-03T14:05:18.344+0200","caller":"security/jwt.go:77","msg":"authenticating user: valerio.vaudi@gmail.com\n","component":"Jwt"}
{"level":"info","ts":"2026-05-03T14:05:18.344+0200","caller":"security/jwt.go:86","msg":"user valerio.vaudi@gmail.com has those authority [ROLE_BUDGET ROLE_USER FACTOR_PASSWORD]\n","component":"Jwt"}
{"level":"info","ts":"2026-05-03T14:05:18.344+0200","caller":"security/jwt.go:94","msg":"user valerio.vaudi@gmail.com has required authority: ROLE_USER","component":"Jwt"}
{"level":"info","ts":"2026-05-03T14:05:18.344+0200","caller":"security/jwt.go:102","msg":"authenticated user: valerio.vaudi@gmail.com\n","component":"Jwt"}
{"level":"info","ts":"2026-05-03T14:05:25.181+0200","caller":"security/jwt.go:77","msg":"authenticating user: valerio.vaudi@gmail.com\n","component":"Jwt"}
{"level":"info","ts":"2026-05-03T14:05:25.181+0200","caller":"security/jwt.go:86","msg":"user valerio.vaudi@gmail.com has those authority [ROLE_BUDGET ROLE_USER FACTOR_PASSWORD]\n","component":"Jwt"}
{"level":"info","ts":"2026-05-03T14:05:25.181+0200","caller":"security/jwt.go:94","msg":"user valerio.vaudi@gmail.com has required authority: ROLE_USER","component":"Jwt"}
{"level":"info","ts":"2026-05-03T14:05:25.181+0200","caller":"security/jwt.go:102","msg":"authenticated user: valerio.vaudi@gmail.com\n","component":"Jwt"}
{"level":"info","ts":"2026-05-03T16:35:55.380+0200","caller":"server/web_server.go:147","msg":"shutdown signal received, draining connections","component":"WebServerProvisioner"}
{"level":"info","ts":"2026-05-03T16:35:57.909+0200","caller":"otel/tracing_provider.go:35","msg":"Setting up OTel TracerProvider: service=tag-api protocol=http endpoint=localhost:4318","component":"OtelProvider"}
{"level":"info","ts":"2026-05-03T16:35:57.909+0200","caller":"otel/metric_provider.go:16","msg":"Setting up OTel MeterProvider: service=tag-api protocol=http endpoint=localhost:4318","component":"OtelProvider"}
{"level":"info","ts":"2026-05-03T16:35:57.909+0200","caller":"otel/log_provider.go:16","msg":"Setting up OTel LoggerProvider: service=tag-api protocol=http endpoint=localhost:4318","component":"OtelProvider"}
{"level":"info","ts":"2026-05-03T16:35:57.910+0200","caller":"server/web_server.go:85","msg":"Setting up OAuth2 middleware","component":"WebServerProvisioner"}
{"level":"info","ts":"2026-05-03T16:35:57.913+0200","caller":"security/jwt.go:30","msg":"OAuth2 middleware set up with role: ROLE_USER","component":"Jwt"}
{"level":"info","ts":"2026-05-03T16:35:57.913+0200","caller":"dynamodb/repository.go:38","msg":"Using AWS DynamoDB service without local endpoint","component":"dynamodb.TagDynamoDBRepository"}
{"level":"info","ts":"2026-05-03T16:35:57.913+0200","caller":"server/web_server.go:151","msg":"listening on 0.0.0.0:8000","component":"WebServerProvisioner"}
{"level":"info","ts":"2026-05-03T19:22:16.753+0200","caller":"security/jwt.go:77","msg":"authenticating user: valerio.vaudi@gmail.com\n","component":"Jwt"}
{"level":"info","ts":"2026-05-03T19:22:16.753+0200","caller":"security/jwt.go:86","msg":"user valerio.vaudi@gmail.com has those authority [ROLE_BUDGET ROLE_USER FACTOR_PASSWORD]\n","component":"Jwt"}
{"level":"info","ts":"2026-05-03T19:22:16.754+0200","caller":"security/jwt.go:94","msg":"user valerio.vaudi@gmail.com has required authority: ROLE_USER","component":"Jwt"}
{"level":"info","ts":"2026-05-03T19:22:16.754+0200","caller":"security/jwt.go:102","msg":"authenticated user: valerio.vaudi@gmail.com\n","component":"Jwt"}
{"level":"info","ts":"2026-05-03T19:22:16.910+0200","caller":"security/jwt.go:77","msg":"authenticating user: valerio.vaudi@gmail.com\n","component":"Jwt"}
{"level":"info","ts":"2026-05-03T19:22:16.910+0200","caller":"security/jwt.go:86","msg":"user valerio.vaudi@gmail.com has those authority [ROLE_BUDGET ROLE_USER FACTOR_PASSWORD]\n","component":"Jwt"}
{"level":"info","ts":"2026-05-03T19:22:16.910+0200","caller":"security/jwt.go:94","msg":"user valerio.vaudi@gmail.com has required authority: ROLE_USER","component":"Jwt"}
{"level":"info","ts":"2026-05-03T19:22:16.910+0200","caller":"security/jwt.go:102","msg":"authenticated user: valerio.vaudi@gmail.com\n","component":"Jwt"}
{"level":"info","ts":"2026-05-03T19:22:17.187+0200","caller":"security/jwt.go:77","msg":"authenticating user: valerio.vaudi@gmail.com\n","component":"Jwt"}
{"level":"info","ts":"2026-05-03T19:22:17.187+0200","caller":"security/jwt.go:86","msg":"user valerio.vaudi@gmail.com has those authority [ROLE_BUDGET ROLE_USER FACTOR_PASSWORD]\n","component":"Jwt"}
{"level":"info","ts":"2026-05-03T19:22:17.187+0200","caller":"security/jwt.go:94","msg":"user valerio.vaudi@gmail.com has required authority: ROLE_USER","component":"Jwt"}
{"level":"info","ts":"2026-05-03T19:22:17.187+0200","caller":"security/jwt.go:102","msg":"authenticated user: valerio.vaudi@gmail.com\n","component":"Jwt"}
{"level":"info","ts":"2026-05-03T19:44:11.848+0200","caller":"server/web_server.go:170","msg":"shutdown signal received, draining connections","component":"WebServerProvisioner"}
{"level":"info","ts":"2026-05-03T19:44:11.849+0200","caller":"server/web_server.go:116","msg":"Server Shutdown has been started ....","component":"WebServerProvisioner"}
{"level":"info","ts":"2026-05-03T19:44:11.849+0200","caller":"server/web_server.go:117","msg":"There are 2 configurer to be disposed","component":"WebServerProvisioner"}
{"level":"info","ts":"2026-05-03T19:44:11.849+0200","caller":"otel/tracing_provider.go:54","msg":"Shutting down OTel TracerProvider","component":"OtelProvider"}
{"level":"info","ts":"2026-05-03T19:44:11.849+0200","caller":"otel/metric_provider.go:30","msg":"Shutting down OTel MeterProvider","component":"OtelProvider"}
{"level":"info","ts":"2026-05-03T19:44:11.850+0200","caller":"otel/log_provider.go:30","msg":"Shutting down OTel LoggerProvider","component":"OtelProvider"}
{"level":"info","ts":"2026-05-03T19:44:11.850+0200","caller":"server/web_server.go:125","msg":"Server Shutdown completed ....","component":"WebServerProvisioner"}
{"level":"info","ts":"2026-05-03T19:44:13.292+0200","caller":"server/web_server.go:65","msg":"configuring otel","component":"WebServerProvisioner"}
{"level":"info","ts":"2026-05-03T19:44:13.293+0200","caller":"otel/tracing_provider.go:35","msg":"Setting up OTel TracerProvider: service=tag-api protocol=http endpoint=localhost:4318","component":"OtelProvider"}
{"level":"info","ts":"2026-05-03T19:44:13.293+0200","caller":"otel/metric_provider.go:16","msg":"Setting up OTel MeterProvider: service=tag-api protocol=http endpoint=localhost:4318","component":"OtelProvider"}
{"level":"info","ts":"2026-05-03T19:44:13.293+0200","caller":"otel/log_provider.go:16","msg":"Setting up OTel LoggerProvider: service=tag-api protocol=http endpoint=localhost:4318","component":"OtelProvider"}
{"level":"info","ts":"2026-05-03T19:44:13.293+0200","caller":"server/web_server.go:65","msg":"configuring standard-middleware","component":"WebServerProvisioner"}
{"level":"info","ts":"2026-05-03T19:44:13.294+0200","caller":"server/web_server.go:65","msg":"configuring oauth2","component":"WebServerProvisioner"}
{"level":"info","ts":"2026-05-03T19:44:13.296+0200","caller":"security/jwt.go:30","msg":"OAuth2 middleware set up with role: ROLE_USER","component":"Jwt"}
{"level":"info","ts":"2026-05-03T19:44:13.296+0200","caller":"dynamodb/repository.go:38","msg":"Using AWS DynamoDB service without local endpoint","component":"dynamodb.TagDynamoDBRepository"}
{"level":"info","ts":"2026-05-03T19:44:13.297+0200","caller":"server/web_server.go:142","msg":"listening on 0.0.0.0:8000","component":"WebServerProvisioner"}
{"level":"info","ts":"2026-05-03T19:44:21.745+0200","caller":"security/jwt.go:77","msg":"authenticating user: valerio.vaudi@gmail.com\n","component":"Jwt"}
{"level":"info","ts":"2026-05-03T19:44:21.745+0200","caller":"security/jwt.go:86","msg":"user valerio.vaudi@gmail.com has those authority [ROLE_BUDGET ROLE_USER FACTOR_PASSWORD]\n","component":"Jwt"}
{"level":"info","ts":"2026-05-03T19:44:21.745+0200","caller":"security/jwt.go:94","msg":"user valerio.vaudi@gmail.com has required authority: ROLE_USER","component":"Jwt"}
{"level":"info","ts":"2026-05-03T19:44:21.745+0200","caller":"security/jwt.go:102","msg":"authenticated user: valerio.vaudi@gmail.com\n","component":"Jwt"}
{"level":"info","ts":"2026-05-03T19:44:21.882+0200","caller":"security/jwt.go:77","msg":"authenticating user: valerio.vaudi@gmail.com\n","component":"Jwt"}
{"level":"info","ts":"2026-05-03T19:44:21.882+0200","caller":"security/jwt.go:86","msg":"user valerio.vaudi@gmail.com has those authority [ROLE_BUDGET ROLE_USER FACTOR_PASSWORD]\n","component":"Jwt"}
{"level":"info","ts":"2026-05-03T19:44:21.882+0200","caller":"security/jwt.go:94","msg":"user valerio.vaudi@gmail.com has required authority: ROLE_USER","component":"Jwt"}
{"level":"info","ts":"2026-05-03T19:44:21.882+0200","caller":"security/jwt.go:102","msg":"authenticated user: valerio.vaudi@gmail.com\n","component":"Jwt"}
{"level":"info","ts":"2026-05-03T19:44:22.130+0200","caller":"security/jwt.go:77","msg":"authenticating user: valerio.vaudi@gmail.com\n","component":"Jwt"}
{"level":"info","ts":"2026-05-03T19:44:22.130+0200","caller":"security/jwt.go:86","msg":"user valerio.vaudi@gmail.com has those authority [ROLE_BUDGET ROLE_USER FACTOR_PASSWORD]\n","component":"Jwt"}
{"level":"info","ts":"2026-05-03T19:44:22.131+0200","caller":"security/jwt.go:94","msg":"user valerio.vaudi@gmail.com has required authority: ROLE_USER","component":"Jwt"}
{"level":"info","ts":"2026-05-03T19:44:22.131+0200","caller":"security/jwt.go:102","msg":"authenticated user: valerio.vaudi@gmail.com\n","component":"Jwt"}
{"level":"info","ts":"2026-05-03T19:46:33.805+0200","caller":"security/jwt.go:77","msg":"authenticating user: valerio.vaudi@gmail.com\n","component":"Jwt"}
{"level":"info","ts":"2026-05-03T19:46:33.805+0200","caller":"security/jwt.go:86","msg":"user valerio.vaudi@gmail.com has those authority [ROLE_BUDGET ROLE_USER FACTOR_PASSWORD]\n","component":"Jwt"}
{"level":"info","ts":"2026-05-03T19:46:33.805+0200","caller":"security/jwt.go:94","msg":"user valerio.vaudi@gmail.com has required authority: ROLE_USER","component":"Jwt"}
{"level":"info","ts":"2026-05-03T19:46:33.805+0200","caller":"security/jwt.go:102","msg":"authenticated user: valerio.vaudi@gmail.com\n","component":"Jwt"}
{"level":"info","ts":"2026-05-03T19:46:33.915+0200","caller":"security/jwt.go:77","msg":"authenticating user: valerio.vaudi@gmail.com\n","component":"Jwt"}
{"level":"info","ts":"2026-05-03T19:46:33.915+0200","caller":"security/jwt.go:86","msg":"user valerio.vaudi@gmail.com has those authority [ROLE_BUDGET ROLE_USER FACTOR_PASSWORD]\n","component":"Jwt"}
{"level":"info","ts":"2026-05-03T19:46:33.915+0200","caller":"security/jwt.go:94","msg":"user valerio.vaudi@gmail.com has required authority: ROLE_USER","component":"Jwt"}
{"level":"info","ts":"2026-05-03T19:46:33.915+0200","caller":"security/jwt.go:102","msg":"authenticated user: valerio.vaudi@gmail.com\n","component":"Jwt"}
{"level":"error","ts":"2026-05-03T19:46:33.935+0200","caller":"api/endpoint.go:22","msg":"error occurred: operation error DynamoDB: Query, https response error StatusCode: 0, RequestID: , canceled, context canceled","component":"api.RegisterEndpoints"}
{"level":"info","ts":"2026-05-03T19:46:33.994+0200","caller":"security/jwt.go:77","msg":"authenticating user: valerio.vaudi@gmail.com\n","component":"Jwt"}
{"level":"info","ts":"2026-05-03T19:46:33.994+0200","caller":"security/jwt.go:86","msg":"user valerio.vaudi@gmail.com has those authority [ROLE_BUDGET ROLE_USER FACTOR_PASSWORD]\n","component":"Jwt"}
{"level":"info","ts":"2026-05-03T19:46:33.994+0200","caller":"security/jwt.go:94","msg":"user valerio.vaudi@gmail.com has required authority: ROLE_USER","component":"Jwt"}
{"level":"info","ts":"2026-05-03T19:46:33.994+0200","caller":"security/jwt.go:102","msg":"authenticated user: valerio.vaudi@gmail.com\n","component":"Jwt"}
{"level":"info","ts":"2026-05-03T19:46:34.026+0200","caller":"security/jwt.go:77","msg":"authenticating user: valerio.vaudi@gmail.com\n","component":"Jwt"}
{"level":"info","ts":"2026-05-03T19:46:34.026+0200","caller":"security/jwt.go:86","msg":"user valerio.vaudi@gmail.com has those authority [ROLE_BUDGET ROLE_USER FACTOR_PASSWORD]\n","component":"Jwt"}
{"level":"info","ts":"2026-05-03T19:46:34.026+0200","caller":"security/jwt.go:94","msg":"user valerio.vaudi@gmail.com has required authority: ROLE_USER","component":"Jwt"}
{"level":"info","ts":"2026-05-03T19:46:34.026+0200","caller":"security/jwt.go:102","msg":"authenticated user: valerio.vaudi@gmail.com\n","component":"Jwt"}
{"level":"info","ts":"2026-05-03T19:46:34.211+0200","caller":"security/jwt.go:77","msg":"authenticating user: valerio.vaudi@gmail.com\n","component":"Jwt"}
{"level":"info","ts":"2026-05-03T19:46:34.211+0200","caller":"security/jwt.go:86","msg":"user valerio.vaudi@gmail.com has those authority [ROLE_BUDGET ROLE_USER FACTOR_PASSWORD]\n","component":"Jwt"}
{"level":"info","ts":"2026-05-03T19:46:34.211+0200","caller":"security/jwt.go:94","msg":"user valerio.vaudi@gmail.com has required authority: ROLE_USER","component":"Jwt"}
{"level":"info","ts":"2026-05-03T19:46:34.211+0200","caller":"security/jwt.go:102","msg":"authenticated user: valerio.vaudi@gmail.com\n","component":"Jwt"}
{"level":"info","ts":"2026-05-03T19:46:34.498+0200","caller":"security/jwt.go:77","msg":"authenticating user: valerio.vaudi@gmail.com\n","component":"Jwt"}
{"level":"info","ts":"2026-05-03T19:46:34.498+0200","caller":"security/jwt.go:86","msg":"user valerio.vaudi@gmail.com has those authority [ROLE_BUDGET ROLE_USER FACTOR_PASSWORD]\n","component":"Jwt"}
{"level":"info","ts":"2026-05-03T19:46:34.498+0200","caller":"security/jwt.go:94","msg":"user valerio.vaudi@gmail.com has required authority: ROLE_USER","component":"Jwt"}
{"level":"info","ts":"2026-05-03T19:46:34.498+0200","caller":"security/jwt.go:102","msg":"authenticated user: valerio.vaudi@gmail.com\n","component":"Jwt"}
{"level":"info","ts":"2026-05-03T19:51:24.897+0200","caller":"security/jwt.go:77","msg":"authenticating user: valerio.vaudi@gmail.com\n","component":"Jwt"}
{"level":"info","ts":"2026-05-03T19:51:24.897+0200","caller":"security/jwt.go:86","msg":"user valerio.vaudi@gmail.com has those authority [ROLE_BUDGET ROLE_USER FACTOR_PASSWORD]\n","component":"Jwt"}
{"level":"info","ts":"2026-05-03T19:51:24.897+0200","caller":"security/jwt.go:94","msg":"user valerio.vaudi@gmail.com has required authority: ROLE_USER","component":"Jwt"}
{"level":"info","ts":"2026-05-03T19:51:24.897+0200","caller":"security/jwt.go:102","msg":"authenticated user: valerio.vaudi@gmail.com\n","component":"Jwt"}
{"level":"info","ts":"2026-05-03T19:51:24.999+0200","caller":"security/jwt.go:77","msg":"authenticating user: valerio.vaudi@gmail.com\n","component":"Jwt"}
{"level":"info","ts":"2026-05-03T19:51:24.999+0200","caller":"security/jwt.go:86","msg":"user valerio.vaudi@gmail.com has those authority [ROLE_BUDGET ROLE_USER FACTOR_PASSWORD]\n","component":"Jwt"}
{"level":"info","ts":"2026-05-03T19:51:24.999+0200","caller":"security/jwt.go:94","msg":"user valerio.vaudi@gmail.com has required authority: ROLE_USER","component":"Jwt"}
{"level":"info","ts":"2026-05-03T19:51:24.999+0200","caller":"security/jwt.go:102","msg":"authenticated user: valerio.vaudi@gmail.com\n","component":"Jwt"}
{"level":"info","ts":"2026-05-03T19:51:25.090+0200","caller":"security/jwt.go:77","msg":"authenticating user: valerio.vaudi@gmail.com\n","component":"Jwt"}
{"level":"info","ts":"2026-05-03T19:51:25.090+0200","caller":"security/jwt.go:86","msg":"user valerio.vaudi@gmail.com has those authority [ROLE_BUDGET ROLE_USER FACTOR_PASSWORD]\n","component":"Jwt"}
{"level":"info","ts":"2026-05-03T19:51:25.091+0200","caller":"security/jwt.go:94","msg":"user valerio.vaudi@gmail.com has required authority: ROLE_USER","component":"Jwt"}
{"level":"info","ts":"2026-05-03T19:51:25.091+0200","caller":"security/jwt.go:102","msg":"authenticated user: valerio.vaudi@gmail.com\n","component":"Jwt"}
{"level":"info","ts":"2026-05-03T19:51:25.279+0200","caller":"security/jwt.go:77","msg":"authenticating user: valerio.vaudi@gmail.com\n","component":"Jwt"}
{"level":"info","ts":"2026-05-03T19:51:25.279+0200","caller":"security/jwt.go:86","msg":"user valerio.vaudi@gmail.com has those authority [ROLE_BUDGET ROLE_USER FACTOR_PASSWORD]\n","component":"Jwt"}
{"level":"info","ts":"2026-05-03T19:51:25.279+0200","caller":"security/jwt.go:94","msg":"user valerio.vaudi@gmail.com has required authority: ROLE_USER","component":"Jwt"}
{"level":"info","ts":"2026-05-03T19:51:25.279+0200","caller":"security/jwt.go:102","msg":"authenticated user: valerio.vaudi@gmail.com\n","component":"Jwt"}
{"level":"info","ts":"2026-05-03T19:51:25.407+0200","caller":"security/jwt.go:77","msg":"authenticating user: valerio.vaudi@gmail.com\n","component":"Jwt"}
{"level":"info","ts":"2026-05-03T19:51:25.407+0200","caller":"security/jwt.go:86","msg":"user valerio.vaudi@gmail.com has those authority [ROLE_BUDGET ROLE_USER FACTOR_PASSWORD]\n","component":"Jwt"}
{"level":"info","ts":"2026-05-03T19:51:25.407+0200","caller":"security/jwt.go:94","msg":"user valerio.vaudi@gmail.com has required authority: ROLE_USER","component":"Jwt"}
{"level":"info","ts":"2026-05-03T19:51:25.407+0200","caller":"security/jwt.go:102","msg":"authenticated user: valerio.vaudi@gmail.com\n","component":"Jwt"}
{"level":"info","ts":"2026-05-03T19:51:25.590+0200","caller":"security/jwt.go:77","msg":"authenticating user: valerio.vaudi@gmail.com\n","component":"Jwt"}
{"level":"info","ts":"2026-05-03T19:51:25.590+0200","caller":"security/jwt.go:86","msg":"user valerio.vaudi@gmail.com has those authority [ROLE_BUDGET ROLE_USER FACTOR_PASSWORD]\n","component":"Jwt"}
{"level":"info","ts":"2026-05-03T19:51:25.590+0200","caller":"security/jwt.go:94","msg":"user valerio.vaudi@gmail.com has required authority: ROLE_USER","component":"Jwt"}
{"level":"info","ts":"2026-05-03T19:51:25.590+0200","caller":"security/jwt.go:102","msg":"authenticated user: valerio.vaudi@gmail.com\n","component":"Jwt"}
{"level":"info","ts":"2026-05-03T19:51:25.880+0200","caller":"security/jwt.go:77","msg":"authenticating user: valerio.vaudi@gmail.com\n","component":"Jwt"}
{"level":"info","ts":"2026-05-03T19:51:25.880+0200","caller":"security/jwt.go:86","msg":"user valerio.vaudi@gmail.com has those authority [ROLE_BUDGET ROLE_USER FACTOR_PASSWORD]\n","component":"Jwt"}
{"level":"info","ts":"2026-05-03T19:51:25.880+0200","caller":"security/jwt.go:94","msg":"user valerio.vaudi@gmail.com has required authority: ROLE_USER","component":"Jwt"}
{"level":"info","ts":"2026-05-03T19:51:25.880+0200","caller":"security/jwt.go:102","msg":"authenticated user: valerio.vaudi@gmail.com\n","component":"Jwt"}
{"level":"info","ts":"2026-05-03T19:52:46.603+0200","caller":"security/jwt.go:77","msg":"authenticating user: valerio.vaudi@gmail.com\n","component":"Jwt"}
{"level":"info","ts":"2026-05-03T19:52:46.603+0200","caller":"security/jwt.go:86","msg":"user valerio.vaudi@gmail.com has those authority [ROLE_BUDGET ROLE_USER FACTOR_PASSWORD]\n","component":"Jwt"}
{"level":"info","ts":"2026-05-03T19:52:46.603+0200","caller":"security/jwt.go:94","msg":"user valerio.vaudi@gmail.com has required authority: ROLE_USER","component":"Jwt"}
{"level":"info","ts":"2026-05-03T19:52:46.604+0200","caller":"security/jwt.go:102","msg":"authenticated user: valerio.vaudi@gmail.com\n","component":"Jwt"}
{"level":"info","ts":"2026-05-03T19:52:46.837+0200","caller":"security/jwt.go:77","msg":"authenticating user: valerio.vaudi@gmail.com\n","component":"Jwt"}
{"level":"info","ts":"2026-05-03T19:52:46.837+0200","caller":"security/jwt.go:86","msg":"user valerio.vaudi@gmail.com has those authority [ROLE_BUDGET ROLE_USER FACTOR_PASSWORD]\n","component":"Jwt"}
{"level":"info","ts":"2026-05-03T19:52:46.837+0200","caller":"security/jwt.go:94","msg":"user valerio.vaudi@gmail.com has required authority: ROLE_USER","component":"Jwt"}
{"level":"info","ts":"2026-05-03T19:52:46.837+0200","caller":"security/jwt.go:102","msg":"authenticated user: valerio.vaudi@gmail.com\n","component":"Jwt"}
{"level":"info","ts":"2026-05-03T19:53:54.523+0200","caller":"security/jwt.go:77","msg":"authenticating user: valerio.vaudi@gmail.com\n","component":"Jwt"}
{"level":"info","ts":"2026-05-03T19:53:54.523+0200","caller":"security/jwt.go:86","msg":"user valerio.vaudi@gmail.com has those authority [ROLE_BUDGET ROLE_USER FACTOR_PASSWORD]\n","component":"Jwt"}
{"level":"info","ts":"2026-05-03T19:53:54.524+0200","caller":"security/jwt.go:94","msg":"user valerio.vaudi@gmail.com has required authority: ROLE_USER","component":"Jwt"}
{"level":"info","ts":"2026-05-03T19:53:54.524+0200","caller":"security/jwt.go:102","msg":"authenticated user: valerio.vaudi@gmail.com\n","component":"Jwt"}
{"level":"info","ts":"2026-05-03T19:53:54.757+0200","caller":"security/jwt.go:77","msg":"authenticating user: valerio.vaudi@gmail.com\n","component":"Jwt"}
{"level":"info","ts":"2026-05-03T19:53:54.757+0200","caller":"security/jwt.go:86","msg":"user valerio.vaudi@gmail.com has those authority [ROLE_BUDGET ROLE_USER FACTOR_PASSWORD]\n","component":"Jwt"}
{"level":"info","ts":"2026-05-03T19:53:54.757+0200","caller":"security/jwt.go:94","msg":"user valerio.vaudi@gmail.com has required authority: ROLE_USER","component":"Jwt"}
{"level":"info","ts":"2026-05-03T19:53:54.757+0200","caller":"security/jwt.go:102","msg":"authenticated user: valerio.vaudi@gmail.com\n","component":"Jwt"}
{"level":"info","ts":"2026-05-03T19:55:13.255+0200","caller":"security/jwt.go:77","msg":"authenticating user: valerio.vaudi@gmail.com\n","component":"Jwt"}
{"level":"info","ts":"2026-05-03T19:55:13.255+0200","caller":"security/jwt.go:86","msg":"user valerio.vaudi@gmail.com has those authority [ROLE_BUDGET ROLE_USER FACTOR_PASSWORD]\n","component":"Jwt"}
{"level":"info","ts":"2026-05-03T19:55:13.255+0200","caller":"security/jwt.go:94","msg":"user valerio.vaudi@gmail.com has required authority: ROLE_USER","component":"Jwt"}
{"level":"info","ts":"2026-05-03T19:55:13.255+0200","caller":"security/jwt.go:102","msg":"authenticated user: valerio.vaudi@gmail.com\n","component":"Jwt"}
{"level":"info","ts":"2026-05-03T19:55:13.277+0200","caller":"security/jwt.go:77","msg":"authenticating user: valerio.vaudi@gmail.com\n","component":"Jwt"}
{"level":"info","ts":"2026-05-03T19:55:13.277+0200","caller":"security/jwt.go:86","msg":"user valerio.vaudi@gmail.com has those authority [ROLE_BUDGET ROLE_USER FACTOR_PASSWORD]\n","component":"Jwt"}
{"level":"info","ts":"2026-05-03T19:55:13.277+0200","caller":"security/jwt.go:94","msg":"user valerio.vaudi@gmail.com has required authority: ROLE_USER","component":"Jwt"}
{"level":"info","ts":"2026-05-03T19:55:13.277+0200","caller":"security/jwt.go:102","msg":"authenticated user: valerio.vaudi@gmail.com\n","component":"Jwt"}
{"level":"info","ts":"2026-05-03T19:55:13.429+0200","caller":"security/jwt.go:77","msg":"authenticating user: valerio.vaudi@gmail.com\n","component":"Jwt"}
{"level":"info","ts":"2026-05-03T19:55:13.430+0200","caller":"security/jwt.go:86","msg":"user valerio.vaudi@gmail.com has those authority [ROLE_BUDGET ROLE_USER FACTOR_PASSWORD]\n","component":"Jwt"}
{"level":"info","ts":"2026-05-03T19:55:13.430+0200","caller":"security/jwt.go:94","msg":"user valerio.vaudi@gmail.com has required authority: ROLE_USER","component":"Jwt"}
{"level":"info","ts":"2026-05-03T19:55:13.430+0200","caller":"security/jwt.go:102","msg":"authenticated user: valerio.vaudi@gmail.com\n","component":"Jwt"}
{"level":"info","ts":"2026-05-03T19:55:13.536+0200","caller":"security/jwt.go:77","msg":"authenticating user: valerio.vaudi@gmail.com\n","component":"Jwt"}
{"level":"info","ts":"2026-05-03T19:55:13.536+0200","caller":"security/jwt.go:86","msg":"user valerio.vaudi@gmail.com has those authority [ROLE_BUDGET ROLE_USER FACTOR_PASSWORD]\n","component":"Jwt"}
{"level":"info","ts":"2026-05-03T19:55:13.536+0200","caller":"security/jwt.go:94","msg":"user valerio.vaudi@gmail.com has required authority: ROLE_USER","component":"Jwt"}
{"level":"info","ts":"2026-05-03T19:55:13.536+0200","caller":"security/jwt.go:102","msg":"authenticated user: valerio.vaudi@gmail.com\n","component":"Jwt"}
{"level":"info","ts":"2026-05-03T21:56:19.392+0200","caller":"server/web_server.go:161","msg":"shutdown signal received, draining connections","component":"WebServerProvisioner"}
{"level":"info","ts":"2026-05-03T21:56:19.392+0200","caller":"server/web_server.go:97","msg":"Server Shutdown has been started ....","component":"WebServerProvisioner"}
{"level":"info","ts":"2026-05-03T21:56:19.392+0200","caller":"server/web_server.go:98","msg":"There are 3 configurer to be disposed","component":"WebServerProvisioner"}
{"level":"info","ts":"2026-05-03T21:56:19.392+0200","caller":"otel/tracing_provider.go:54","msg":"Shutting down OTel TracerProvider","component":"OtelProvider"}
{"level":"info","ts":"2026-05-03T21:56:19.392+0200","caller":"otel/metric_provider.go:30","msg":"Shutting down OTel MeterProvider","component":"OtelProvider"}
{"level":"info","ts":"2026-05-03T21:56:19.394+0200","caller":"otel/log_provider.go:30","msg":"Shutting down OTel LoggerProvider","component":"OtelProvider"}
{"level":"info","ts":"2026-05-03T21:56:19.407+0200","caller":"server/web_server.go:108","msg":"Server Shutdown completed ....","component":"WebServerProvisioner"}
{"level":"info","ts":"2026-05-03T21:56:19.417+0200","caller":"server/web_server.go:97","msg":"Server Shutdown has been started ....","component":"WebServerProvisioner"}
{"level":"info","ts":"2026-05-03T21:56:19.417+0200","caller":"server/web_server.go:98","msg":"There are 0 configurer to be disposed","component":"WebServerProvisioner"}
{"level":"info","ts":"2026-05-03T21:56:19.417+0200","caller":"server/web_server.go:108","msg":"Server Shutdown completed ....","component":"WebServerProvisioner"}
{"level":"info","ts":"2026-05-03T22:44:44.901+0200","caller":"server/web_server.go:65","msg":"configuring otel","component":"WebServerProvisioner"}
{"level":"info","ts":"2026-05-03T22:44:44.901+0200","caller":"otel/tracing_provider.go:35","msg":"Setting up OTel TracerProvider: service=tag-api protocol=http endpoint=localhost:4318","component":"OtelProvider"}
{"level":"info","ts":"2026-05-03T22:44:44.901+0200","caller":"otel/metric_provider.go:16","msg":"Setting up OTel MeterProvider: service=tag-api protocol=http endpoint=localhost:4318","component":"OtelProvider"}
{"level":"info","ts":"2026-05-03T22:44:44.901+0200","caller":"otel/log_provider.go:16","msg":"Setting up OTel LoggerProvider: service=tag-api protocol=http endpoint=localhost:4318","component":"OtelProvider"}
{"level":"info","ts":"2026-05-03T22:44:44.902+0200","caller":"server/web_server.go:65","msg":"configuring standard-middleware","component":"WebServerProvisioner"}
{"level":"info","ts":"2026-05-03T22:44:44.902+0200","caller":"server/web_server.go:65","msg":"configuring oauth2","component":"WebServerProvisioner"}
{"level":"info","ts":"2026-05-03T22:44:44.906+0200","caller":"security/jwt.go:30","msg":"OAuth2 middleware set up with role: ROLE_USER","component":"Jwt"}
{"level":"info","ts":"2026-05-03T22:44:44.907+0200","caller":"dynamodb/repository.go:38","msg":"Using AWS DynamoDB service without local endpoint","component":"dynamodb.TagDynamoDBRepository"}
{"level":"info","ts":"2026-05-03T22:44:44.907+0200","caller":"server/web_server.go:142","msg":"listening on 0.0.0.0:8000","component":"WebServerProvisioner"}
{"level":"info","ts":"2026-05-03T22:46:16.590+0200","caller":"server/web_server.go:161","msg":"shutdown signal received, draining connections","component":"WebServerProvisioner"}
{"level":"info","ts":"2026-05-03T22:46:16.591+0200","caller":"server/web_server.go:97","msg":"Server Shutdown has been started ....","component":"WebServerProvisioner"}
{"level":"info","ts":"2026-05-03T22:46:16.591+0200","caller":"server/web_server.go:98","msg":"There are 3 configurer to be disposed","component":"WebServerProvisioner"}
{"level":"info","ts":"2026-05-03T22:46:16.591+0200","caller":"otel/tracing_provider.go:54","msg":"Shutting down OTel TracerProvider","component":"OtelProvider"}
{"level":"info","ts":"2026-05-03T22:46:16.591+0200","caller":"otel/metric_provider.go:30","msg":"Shutting down OTel MeterProvider","component":"OtelProvider"}
{"level":"info","ts":"2026-05-03T22:46:16.593+0200","caller":"otel/log_provider.go:30","msg":"Shutting down OTel LoggerProvider","component":"OtelProvider"}
{"level":"info","ts":"2026-05-03T22:46:16.596+0200","caller":"server/web_server.go:108","msg":"Server Shutdown completed ....","component":"WebServerProvisioner"}
{"level":"info","ts":"2026-05-03T22:46:16.596+0200","caller":"server/web_server.go:97","msg":"Server Shutdown has been started ....","component":"WebServerProvisioner"}
{"level":"info","ts":"2026-05-03T22:46:16.596+0200","caller":"server/web_server.go:98","msg":"There are 0 configurer to be disposed","component":"WebServerProvisioner"}
{"level":"info","ts":"2026-05-03T22:46:16.596+0200","caller":"server/web_server.go:108","msg":"Server Shutdown completed ....","component":"WebServerProvisioner"}
{"level":"info","ts":"2026-05-03T22:46:18.426+0200","caller":"server/web_server.go:65","msg":"configuring otel","component":"WebServerProvisioner"}
{"level":"info","ts":"2026-05-03T22:46:18.426+0200","caller":"otel/tracing_provider.go:35","msg":"Setting up OTel TracerProvider: service=tag-api protocol=http endpoint=localhost:4318","component":"OtelProvider"}
{"level":"info","ts":"2026-05-03T22:46:18.426+0200","caller":"otel/metric_provider.go:16","msg":"Setting up OTel MeterProvider: service=tag-api protocol=http endpoint=localhost:4318","component":"OtelProvider"}
{"level":"info","ts":"2026-05-03T22:46:18.426+0200","caller":"otel/log_provider.go:16","msg":"Setting up OTel LoggerProvider: service=tag-api protocol=http endpoint=localhost:4318","component":"OtelProvider"}
{"level":"info","ts":"2026-05-03T22:46:18.427+0200","caller":"server/web_server.go:65","msg":"configuring standard-middleware","component":"WebServerProvisioner"}
{"level":"info","ts":"2026-05-03T22:46:18.427+0200","caller":"server/web_server.go:65","msg":"configuring oauth2","component":"WebServerProvisioner"}
{"level":"info","ts":"2026-05-03T22:46:18.431+0200","caller":"security/jwt.go:30","msg":"OAuth2 middleware set up with role: ROLE_USER","component":"Jwt"}
{"level":"info","ts":"2026-05-03T22:46:18.431+0200","caller":"dynamodb/repository.go:38","msg":"Using AWS DynamoDB service without local endpoint","component":"dynamodb.TagDynamoDBRepository"}
{"level":"info","ts":"2026-05-03T22:46:18.431+0200","caller":"server/web_server.go:142","msg":"listening on 0.0.0.0:8000","component":"WebServerProvisioner"}
{"level":"info","ts":"2026-05-03T22:47:00.281+0200","caller":"security/jwt.go:77","msg":"authenticating user: valerio.vaudi@gmail.com\n","component":"Jwt"}
{"level":"info","ts":"2026-05-03T22:47:00.281+0200","caller":"security/jwt.go:86","msg":"user valerio.vaudi@gmail.com has those authority [ROLE_BUDGET ROLE_USER FACTOR_PASSWORD]\n","component":"Jwt"}
{"level":"info","ts":"2026-05-03T22:47:00.281+0200","caller":"security/jwt.go:94","msg":"user valerio.vaudi@gmail.com has required authority: ROLE_USER","component":"Jwt"}
{"level":"info","ts":"2026-05-03T22:47:00.281+0200","caller":"security/jwt.go:102","msg":"authenticated user: valerio.vaudi@gmail.com\n","component":"Jwt"}
{"level":"info","ts":"2026-05-03T22:47:00.438+0200","caller":"security/jwt.go:77","msg":"authenticating user: valerio.vaudi@gmail.com\n","component":"Jwt"}
{"level":"info","ts":"2026-05-03T22:47:00.439+0200","caller":"security/jwt.go:86","msg":"user valerio.vaudi@gmail.com has those authority [ROLE_BUDGET ROLE_USER FACTOR_PASSWORD]\n","component":"Jwt"}
{"level":"info","ts":"2026-05-03T22:47:00.439+0200","caller":"security/jwt.go:94","msg":"user valerio.vaudi@gmail.com has required authority: ROLE_USER","component":"Jwt"}
{"level":"info","ts":"2026-05-03T22:47:00.439+0200","caller":"security/jwt.go:102","msg":"authenticated user: valerio.vaudi@gmail.com\n","component":"Jwt"}
{"level":"info","ts":"2026-05-03T22:47:00.664+0200","caller":"security/jwt.go:77","msg":"authenticating user: valerio.vaudi@gmail.com\n","component":"Jwt"}
{"level":"info","ts":"2026-05-03T22:47:00.665+0200","caller":"security/jwt.go:86","msg":"user valerio.vaudi@gmail.com has those authority [ROLE_BUDGET ROLE_USER FACTOR_PASSWORD]\n","component":"Jwt"}
{"level":"info","ts":"2026-05-03T22:47:00.665+0200","caller":"security/jwt.go:94","msg":"user valerio.vaudi@gmail.com has required authority: ROLE_USER","component":"Jwt"}
{"level":"info","ts":"2026-05-03T22:47:00.665+0200","caller":"security/jwt.go:102","msg":"authenticated user: valerio.vaudi@gmail.com\n","component":"Jwt"}
{"level":"info","ts":"2026-05-03T22:52:39.352+0200","caller":"security/jwt.go:77","msg":"authenticating user: valerio.vaudi@gmail.com\n","component":"Jwt"}
{"level":"info","ts":"2026-05-03T22:52:39.353+0200","caller":"security/jwt.go:86","msg":"user valerio.vaudi@gmail.com has those authority [ROLE_BUDGET ROLE_USER FACTOR_PASSWORD]\n","component":"Jwt"}
{"level":"info","ts":"2026-05-03T22:52:39.353+0200","caller":"security/jwt.go:94","msg":"user valerio.vaudi@gmail.com has required authority: ROLE_USER","component":"Jwt"}
{"level":"info","ts":"2026-05-03T22:52:39.353+0200","caller":"security/jwt.go:102","msg":"authenticated user: valerio.vaudi@gmail.com\n","component":"Jwt"}
{"level":"info","ts":"2026-05-03T22:52:39.447+0200","caller":"security/jwt.go:77","msg":"authenticating user: valerio.vaudi@gmail.com\n","component":"Jwt"}
{"level":"info","ts":"2026-05-03T22:52:39.447+0200","caller":"security/jwt.go:86","msg":"user valerio.vaudi@gmail.com has those authority [ROLE_BUDGET ROLE_USER FACTOR_PASSWORD]\n","component":"Jwt"}
{"level":"info","ts":"2026-05-03T22:52:39.447+0200","caller":"security/jwt.go:94","msg":"user valerio.vaudi@gmail.com has required authority: ROLE_USER","component":"Jwt"}
{"level":"info","ts":"2026-05-03T22:52:39.447+0200","caller":"security/jwt.go:102","msg":"authenticated user: valerio.vaudi@gmail.com\n","component":"Jwt"}
{"level":"info","ts":"2026-05-03T22:52:39.595+0200","caller":"security/jwt.go:77","msg":"authenticating user: valerio.vaudi@gmail.com\n","component":"Jwt"}
{"level":"info","ts":"2026-05-03T22:52:39.595+0200","caller":"security/jwt.go:86","msg":"user valerio.vaudi@gmail.com has those authority [ROLE_BUDGET ROLE_USER FACTOR_PASSWORD]\n","component":"Jwt"}
{"level":"info","ts":"2026-05-03T22:52:39.595+0200","caller":"security/jwt.go:94","msg":"user valerio.vaudi@gmail.com has required authority: ROLE_USER","component":"Jwt"}
{"level":"info","ts":"2026-05-03T22:52:39.595+0200","caller":"security/jwt.go:102","msg":"authenticated user: valerio.vaudi@gmail.com\n","component":"Jwt"}
{"level":"info","ts":"2026-05-03T22:52:39.766+0200","caller":"security/jwt.go:77","msg":"authenticating user: valerio.vaudi@gmail.com\n","component":"Jwt"}
{"level":"info","ts":"2026-05-03T22:52:39.766+0200","caller":"security/jwt.go:86","msg":"user valerio.vaudi@gmail.com has those authority [ROLE_BUDGET ROLE_USER FACTOR_PASSWORD]\n","component":"Jwt"}
{"level":"info","ts":"2026-05-03T22:52:39.766+0200","caller":"security/jwt.go:94","msg":"user valerio.vaudi@gmail.com has required authority: ROLE_USER","component":"Jwt"}
{"level":"info","ts":"2026-05-03T22:52:39.766+0200","caller":"security/jwt.go:102","msg":"authenticated user: valerio.vaudi@gmail.com\n","component":"Jwt"}
{"level":"info","ts":"2026-05-03T22:52:39.890+0200","caller":"security/jwt.go:77","msg":"authenticating user: valerio.vaudi@gmail.com\n","component":"Jwt"}
{"level":"info","ts":"2026-05-03T22:52:39.890+0200","caller":"security/jwt.go:86","msg":"user valerio.vaudi@gmail.com has those authority [ROLE_BUDGET ROLE_USER FACTOR_PASSWORD]\n","component":"Jwt"}
{"level":"info","ts":"2026-05-03T22:52:39.890+0200","caller":"security/jwt.go:94","msg":"user valerio.vaudi@gmail.com has required authority: ROLE_USER","component":"Jwt"}
{"level":"info","ts":"2026-05-03T22:52:39.890+0200","caller":"security/jwt.go:102","msg":"authenticated user: valerio.vaudi@gmail.com\n","component":"Jwt"}
{"level":"info","ts":"2026-05-03T22:52:40.055+0200","caller":"security/jwt.go:77","msg":"authenticating user: valerio.vaudi@gmail.com\n","component":"Jwt"}
{"level":"info","ts":"2026-05-03T22:52:40.055+0200","caller":"security/jwt.go:86","msg":"user valerio.vaudi@gmail.com has those authority [ROLE_BUDGET ROLE_USER FACTOR_PASSWORD]\n","component":"Jwt"}
{"level":"info","ts":"2026-05-03T22:52:40.055+0200","caller":"security/jwt.go:94","msg":"user valerio.vaudi@gmail.com has required authority: ROLE_USER","component":"Jwt"}
{"level":"info","ts":"2026-05-03T22:52:40.055+0200","caller":"security/jwt.go:102","msg":"authenticated user: valerio.vaudi@gmail.com\n","component":"Jwt"}
{"level":"info","ts":"2026-05-03T22:52:40.341+0200","caller":"security/jwt.go:77","msg":"authenticating user: valerio.vaudi@gmail.com\n","component":"Jwt"}
{"level":"info","ts":"2026-05-03T22:52:40.341+0200","caller":"security/jwt.go:86","msg":"user valerio.vaudi@gmail.com has those authority [ROLE_BUDGET ROLE_USER FACTOR_PASSWORD]\n","component":"Jwt"}
{"level":"info","ts":"2026-05-03T22:52:40.341+0200","caller":"security/jwt.go:94","msg":"user valerio.vaudi@gmail.com has required authority: ROLE_USER","component":"Jwt"}
{"level":"info","ts":"2026-05-03T22:52:40.341+0200","caller":"security/jwt.go:102","msg":"authenticated user: valerio.vaudi@gmail.com\n","component":"Jwt"}
{"level":"info","ts":"2026-05-05T07:12:41.591+0200","caller":"security/jwt.go:77","msg":"authenticating user: valerio.vaudi@gmail.com\n","component":"Jwt"}
{"level":"info","ts":"2026-05-05T07:12:41.594+0200","caller":"security/jwt.go:86","msg":"user valerio.vaudi@gmail.com has those authority [ROLE_BUDGET ROLE_USER FACTOR_PASSWORD]\n","component":"Jwt"}
{"level":"info","ts":"2026-05-05T07:12:41.594+0200","caller":"security/jwt.go:94","msg":"user valerio.vaudi@gmail.com has required authority: ROLE_USER","component":"Jwt"}
{"level":"info","ts":"2026-05-05T07:12:41.594+0200","caller":"security/jwt.go:102","msg":"authenticated user: valerio.vaudi@gmail.com\n","component":"Jwt"}
{"level":"info","ts":"2026-05-05T07:12:41.717+0200","caller":"security/jwt.go:77","msg":"authenticating user: valerio.vaudi@gmail.com\n","component":"Jwt"}
{"level":"info","ts":"2026-05-05T07:12:41.717+0200","caller":"security/jwt.go:86","msg":"user valerio.vaudi@gmail.com has those authority [ROLE_BUDGET ROLE_USER FACTOR_PASSWORD]\n","component":"Jwt"}
{"level":"info","ts":"2026-05-05T07:12:41.717+0200","caller":"security/jwt.go:94","msg":"user valerio.vaudi@gmail.com has required authority: ROLE_USER","component":"Jwt"}
{"level":"info","ts":"2026-05-05T07:12:41.717+0200","caller":"security/jwt.go:102","msg":"authenticated user: valerio.vaudi@gmail.com\n","component":"Jwt"}
{"level":"info","ts":"2026-05-05T07:12:41.947+0200","caller":"security/jwt.go:77","msg":"authenticating user: valerio.vaudi@gmail.com\n","component":"Jwt"}
{"level":"info","ts":"2026-05-05T07:12:41.947+0200","caller":"security/jwt.go:86","msg":"user valerio.vaudi@gmail.com has those authority [ROLE_BUDGET ROLE_USER FACTOR_PASSWORD]\n","component":"Jwt"}
{"level":"info","ts":"2026-05-05T07:12:41.947+0200","caller":"security/jwt.go:94","msg":"user valerio.vaudi@gmail.com has required authority: ROLE_USER","component":"Jwt"}
{"level":"info","ts":"2026-05-05T07:12:41.947+0200","caller":"security/jwt.go:102","msg":"authenticated user: valerio.vaudi@gmail.com\n","component":"Jwt"}
{"level":"info","ts":"2026-05-05T08:56:22.026+0200","caller":"security/jwt.go:77","msg":"authenticating user: valerio.vaudi@gmail.com\n","component":"Jwt"}
{"level":"info","ts":"2026-05-05T08:56:22.026+0200","caller":"security/jwt.go:86","msg":"user valerio.vaudi@gmail.com has those authority [ROLE_BUDGET ROLE_USER FACTOR_PASSWORD]\n","component":"Jwt"}
{"level":"info","ts":"2026-05-05T08:56:22.026+0200","caller":"security/jwt.go:94","msg":"user valerio.vaudi@gmail.com has required authority: ROLE_USER","component":"Jwt"}
{"level":"info","ts":"2026-05-05T08:56:22.026+0200","caller":"security/jwt.go:102","msg":"authenticated user: valerio.vaudi@gmail.com\n","component":"Jwt"}
{"level":"info","ts":"2026-05-05T08:56:22.270+0200","caller":"security/jwt.go:77","msg":"authenticating user: valerio.vaudi@gmail.com\n","component":"Jwt"}
{"level":"info","ts":"2026-05-05T08:56:22.270+0200","caller":"security/jwt.go:86","msg":"user valerio.vaudi@gmail.com has those authority [ROLE_BUDGET ROLE_USER FACTOR_PASSWORD]\n","component":"Jwt"}
{"level":"info","ts":"2026-05-05T08:56:22.270+0200","caller":"security/jwt.go:94","msg":"user valerio.vaudi@gmail.com has required authority: ROLE_USER","component":"Jwt"}
{"level":"info","ts":"2026-05-05T08:56:22.270+0200","caller":"security/jwt.go:102","msg":"authenticated user: valerio.vaudi@gmail.com\n","component":"Jwt"}
{"level":"info","ts":"2026-05-05T08:56:22.962+0200","caller":"security/jwt.go:77","msg":"authenticating user: valerio.vaudi@gmail.com\n","component":"Jwt"}
{"level":"info","ts":"2026-05-05T08:56:22.963+0200","caller":"security/jwt.go:86","msg":"user valerio.vaudi@gmail.com has those authority [ROLE_BUDGET ROLE_USER FACTOR_PASSWORD]\n","component":"Jwt"}
{"level":"info","ts":"2026-05-05T08:56:22.963+0200","caller":"security/jwt.go:94","msg":"user valerio.vaudi@gmail.com has required authority: ROLE_USER","component":"Jwt"}
{"level":"info","ts":"2026-05-05T08:56:22.963+0200","caller":"security/jwt.go:102","msg":"authenticated user: valerio.vaudi@gmail.com\n","component":"Jwt"}
{"level":"info","ts":"2026-05-06T22:59:57.120+0200","caller":"security/jwt.go:77","msg":"authenticating user: valerio.vaudi@gmail.com\n","component":"Jwt"}
{"level":"info","ts":"2026-05-06T22:59:57.120+0200","caller":"security/jwt.go:86","msg":"user valerio.vaudi@gmail.com has those authority [ROLE_BUDGET ROLE_USER FACTOR_PASSWORD]\n","component":"Jwt"}
{"level":"info","ts":"2026-05-06T22:59:57.120+0200","caller":"security/jwt.go:94","msg":"user valerio.vaudi@gmail.com has required authority: ROLE_USER","component":"Jwt"}
{"level":"info","ts":"2026-05-06T22:59:57.120+0200","caller":"security/jwt.go:102","msg":"authenticated user: valerio.vaudi@gmail.com\n","component":"Jwt"}
{"level":"info","ts":"2026-05-06T22:59:57.264+0200","caller":"security/jwt.go:77","msg":"authenticating user: valerio.vaudi@gmail.com\n","component":"Jwt"}
{"level":"info","ts":"2026-05-06T22:59:57.264+0200","caller":"security/jwt.go:86","msg":"user valerio.vaudi@gmail.com has those authority [ROLE_BUDGET ROLE_USER FACTOR_PASSWORD]\n","component":"Jwt"}
{"level":"info","ts":"2026-05-06T22:59:57.264+0200","caller":"security/jwt.go:94","msg":"user valerio.vaudi@gmail.com has required authority: ROLE_USER","component":"Jwt"}
{"level":"info","ts":"2026-05-06T22:59:57.264+0200","caller":"security/jwt.go:102","msg":"authenticated user: valerio.vaudi@gmail.com\n","component":"Jwt"}
{"level":"info","ts":"2026-05-06T22:59:57.507+0200","caller":"security/jwt.go:77","msg":"authenticating user: valerio.vaudi@gmail.com\n","component":"Jwt"}
{"level":"info","ts":"2026-05-06T22:59:57.507+0200","caller":"security/jwt.go:86","msg":"user valerio.vaudi@gmail.com has those authority [ROLE_BUDGET ROLE_USER FACTOR_PASSWORD]\n","component":"Jwt"}
{"level":"info","ts":"2026-05-06T22:59:57.507+0200","caller":"security/jwt.go:94","msg":"user valerio.vaudi@gmail.com has required authority: ROLE_USER","component":"Jwt"}
{"level":"info","ts":"2026-05-06T22:59:57.507+0200","caller":"security/jwt.go:102","msg":"authenticated user: valerio.vaudi@gmail.com\n","component":"Jwt"}
{"level":"info","ts":"2026-05-06T23:01:26.362+0200","caller":"security/jwt.go:77","msg":"authenticating user: valerio.vaudi@gmail.com\n","component":"Jwt"}
{"level":"info","ts":"2026-05-06T23:01:26.362+0200","caller":"security/jwt.go:86","msg":"user valerio.vaudi@gmail.com has those authority [ROLE_BUDGET ROLE_USER FACTOR_PASSWORD]\n","component":"Jwt"}
{"level":"info","ts":"2026-05-06T23:01:26.362+0200","caller":"security/jwt.go:94","msg":"user valerio.vaudi@gmail.com has required authority: ROLE_USER","component":"Jwt"}
{"level":"info","ts":"2026-05-06T23:01:26.362+0200","caller":"security/jwt.go:102","msg":"authenticated user: valerio.vaudi@gmail.com\n","component":"Jwt"}
{"level":"info","ts":"2026-05-06T23:01:26.709+0200","caller":"security/jwt.go:77","msg":"authenticating user: valerio.vaudi@gmail.com\n","component":"Jwt"}
{"level":"info","ts":"2026-05-06T23:01:26.709+0200","caller":"security/jwt.go:86","msg":"user valerio.vaudi@gmail.com has those authority [ROLE_BUDGET ROLE_USER FACTOR_PASSWORD]\n","component":"Jwt"}
{"level":"info","ts":"2026-05-06T23:01:26.709+0200","caller":"security/jwt.go:94","msg":"user valerio.vaudi@gmail.com has required authority: ROLE_USER","component":"Jwt"}
{"level":"info","ts":"2026-05-06T23:01:26.709+0200","caller":"security/jwt.go:102","msg":"authenticated user: valerio.vaudi@gmail.com\n","component":"Jwt"}
{"level":"info","ts":"2026-05-06T23:02:33.943+0200","caller":"security/jwt.go:77","msg":"authenticating user: valerio.vaudi@gmail.com\n","component":"Jwt"}
{"level":"info","ts":"2026-05-06T23:02:33.943+0200","caller":"security/jwt.go:86","msg":"user valerio.vaudi@gmail.com has those authority [ROLE_BUDGET ROLE_USER FACTOR_PASSWORD]\n","component":"Jwt"}
{"level":"info","ts":"2026-05-06T23:02:33.943+0200","caller":"security/jwt.go:94","msg":"user valerio.vaudi@gmail.com has required authority: ROLE_USER","component":"Jwt"}
{"level":"info","ts":"2026-05-06T23:02:33.943+0200","caller":"security/jwt.go:102","msg":"authenticated user: valerio.vaudi@gmail.com\n","component":"Jwt"}
{"level":"info","ts":"2026-05-06T23:02:34.179+0200","caller":"security/jwt.go:77","msg":"authenticating user: valerio.vaudi@gmail.com\n","component":"Jwt"}
{"level":"info","ts":"2026-05-06T23:02:34.179+0200","caller":"security/jwt.go:86","msg":"user valerio.vaudi@gmail.com has those authority [ROLE_BUDGET ROLE_USER FACTOR_PASSWORD]\n","component":"Jwt"}
{"level":"info","ts":"2026-05-06T23:02:34.179+0200","caller":"security/jwt.go:94","msg":"user valerio.vaudi@gmail.com has required authority: ROLE_USER","component":"Jwt"}
{"level":"info","ts":"2026-05-06T23:02:34.180+0200","caller":"security/jwt.go:102","msg":"authenticated user: valerio.vaudi@gmail.com\n","component":"Jwt"}
{"level":"info","ts":"2026-05-08T08:38:47.696+0200","caller":"server/web_server.go:65","msg":"configuring otel","component":"WebServerProvisioner"}
{"level":"info","ts":"2026-05-08T08:38:47.702+0200","caller":"otel/tracing_provider.go:35","msg":"Setting up OTel TracerProvider: service=tag-api protocol=http endpoint=localhost:4318","component":"OtelProvider"}
{"level":"info","ts":"2026-05-08T08:38:47.703+0200","caller":"otel/metric_provider.go:16","msg":"Setting up OTel MeterProvider: service=tag-api protocol=http endpoint=localhost:4318","component":"OtelProvider"}
{"level":"info","ts":"2026-05-08T08:38:47.705+0200","caller":"otel/log_provider.go:16","msg":"Setting up OTel LoggerProvider: service=tag-api protocol=http endpoint=localhost:4318","component":"OtelProvider"}
{"level":"info","ts":"2026-05-08T08:38:47.714+0200","caller":"server/web_server.go:65","msg":"configuring standard-middleware","component":"WebServerProvisioner"}
{"level":"info","ts":"2026-05-08T08:38:47.714+0200","caller":"server/web_server.go:65","msg":"configuring oauth2","component":"WebServerProvisioner"}
{"level":"info","ts":"2026-05-08T08:38:47.741+0200","caller":"security/jwt.go:30","msg":"OAuth2 middleware set up with role: ROLE_USER","component":"Jwt"}
{"level":"info","ts":"2026-05-08T08:38:47.744+0200","caller":"dynamodb/repository.go:38","msg":"Using AWS DynamoDB service without local endpoint","component":"dynamodb.TagDynamoDBRepository"}
{"level":"info","ts":"2026-05-08T08:38:47.745+0200","caller":"server/web_server.go:142","msg":"listening on 0.0.0.0:8000","component":"WebServerProvisioner"}
{"level":"info","ts":"2026-05-08T08:39:30.340+0200","caller":"security/jwt.go:77","msg":"authenticating user: valerio.vaudi@gmail.com\n","component":"Jwt"}
{"level":"info","ts":"2026-05-08T08:39:30.340+0200","caller":"security/jwt.go:86","msg":"user valerio.vaudi@gmail.com has those authority [ROLE_BUDGET ROLE_USER FACTOR_PASSWORD]\n","component":"Jwt"}
{"level":"info","ts":"2026-05-08T08:39:30.340+0200","caller":"security/jwt.go:94","msg":"user valerio.vaudi@gmail.com has required authority: ROLE_USER","component":"Jwt"}
{"level":"info","ts":"2026-05-08T08:39:30.340+0200","caller":"security/jwt.go:102","msg":"authenticated user: valerio.vaudi@gmail.com\n","component":"Jwt"}
{"level":"info","ts":"2026-05-08T08:39:30.491+0200","caller":"security/jwt.go:77","msg":"authenticating user: valerio.vaudi@gmail.com\n","component":"Jwt"}
{"level":"info","ts":"2026-05-08T08:39:30.491+0200","caller":"security/jwt.go:86","msg":"user valerio.vaudi@gmail.com has those authority [ROLE_BUDGET ROLE_USER FACTOR_PASSWORD]\n","component":"Jwt"}
{"level":"info","ts":"2026-05-08T08:39:30.491+0200","caller":"security/jwt.go:94","msg":"user valerio.vaudi@gmail.com has required authority: ROLE_USER","component":"Jwt"}
{"level":"info","ts":"2026-05-08T08:39:30.491+0200","caller":"security/jwt.go:102","msg":"authenticated user: valerio.vaudi@gmail.com\n","component":"Jwt"}
{"level":"info","ts":"2026-05-08T08:39:30.738+0200","caller":"security/jwt.go:77","msg":"authenticating user: valerio.vaudi@gmail.com\n","component":"Jwt"}
{"level":"info","ts":"2026-05-08T08:39:30.739+0200","caller":"security/jwt.go:86","msg":"user valerio.vaudi@gmail.com has those authority [ROLE_BUDGET ROLE_USER FACTOR_PASSWORD]\n","component":"Jwt"}
{"level":"info","ts":"2026-05-08T08:39:30.739+0200","caller":"security/jwt.go:94","msg":"user valerio.vaudi@gmail.com has required authority: ROLE_USER","component":"Jwt"}
{"level":"info","ts":"2026-05-08T08:39:30.739+0200","caller":"security/jwt.go:102","msg":"authenticated user: valerio.vaudi@gmail.com\n","component":"Jwt"}
{"level":"info","ts":"2026-05-08T11:15:57.572+0200","caller":"security/jwt.go:77","msg":"authenticating user: valerio.vaudi@gmail.com\n","component":"Jwt"}
{"level":"info","ts":"2026-05-08T11:15:57.572+0200","caller":"security/jwt.go:86","msg":"user valerio.vaudi@gmail.com has those authority [ROLE_BUDGET ROLE_USER FACTOR_PASSWORD]\n","component":"Jwt"}
{"level":"info","ts":"2026-05-08T11:15:57.572+0200","caller":"security/jwt.go:94","msg":"user valerio.vaudi@gmail.com has required authority: ROLE_USER","component":"Jwt"}
{"level":"info","ts":"2026-05-08T11:15:57.572+0200","caller":"security/jwt.go:102","msg":"authenticated user: valerio.vaudi@gmail.com\n","component":"Jwt"}
{"level":"info","ts":"2026-05-08T11:15:57.697+0200","caller":"security/jwt.go:77","msg":"authenticating user: valerio.vaudi@gmail.com\n","component":"Jwt"}
{"level":"info","ts":"2026-05-08T11:15:57.697+0200","caller":"security/jwt.go:86","msg":"user valerio.vaudi@gmail.com has those authority [ROLE_BUDGET ROLE_USER FACTOR_PASSWORD]\n","component":"Jwt"}
{"level":"info","ts":"2026-05-08T11:15:57.697+0200","caller":"security/jwt.go:94","msg":"user valerio.vaudi@gmail.com has required authority: ROLE_USER","component":"Jwt"}
{"level":"info","ts":"2026-05-08T11:15:57.697+0200","caller":"security/jwt.go:102","msg":"authenticated user: valerio.vaudi@gmail.com\n","component":"Jwt"}
{"level":"info","ts":"2026-05-08T11:15:57.900+0200","caller":"security/jwt.go:77","msg":"authenticating user: valerio.vaudi@gmail.com\n","component":"Jwt"}
{"level":"info","ts":"2026-05-08T11:15:57.904+0200","caller":"security/jwt.go:86","msg":"user valerio.vaudi@gmail.com has those authority [ROLE_BUDGET ROLE_USER FACTOR_PASSWORD]\n","component":"Jwt"}
{"level":"info","ts":"2026-05-08T11:15:57.904+0200","caller":"security/jwt.go:94","msg":"user valerio.vaudi@gmail.com has required authority: ROLE_USER","component":"Jwt"}
{"level":"info","ts":"2026-05-08T11:15:57.904+0200","caller":"security/jwt.go:102","msg":"authenticated user: valerio.vaudi@gmail.com\n","component":"Jwt"}
{"level":"info","ts":"2026-05-08T11:15:57.959+0200","caller":"security/jwt.go:77","msg":"authenticating user: valerio.vaudi@gmail.com\n","component":"Jwt"}
{"level":"info","ts":"2026-05-08T11:15:57.959+0200","caller":"security/jwt.go:86","msg":"user valerio.vaudi@gmail.com has those authority [ROLE_BUDGET ROLE_USER FACTOR_PASSWORD]\n","component":"Jwt"}
{"level":"info","ts":"2026-05-08T11:15:57.960+0200","caller":"security/jwt.go:94","msg":"user valerio.vaudi@gmail.com has required authority: ROLE_USER","component":"Jwt"}
{"level":"info","ts":"2026-05-08T11:15:57.960+0200","caller":"security/jwt.go:102","msg":"authenticated user: valerio.vaudi@gmail.com\n","component":"Jwt"}
{"level":"info","ts":"2026-05-08T12:14:53.515+0200","caller":"security/jwt.go:77","msg":"authenticating user: valerio.vaudi@gmail.com\n","component":"Jwt"}
{"level":"info","ts":"2026-05-08T12:14:53.515+0200","caller":"security/jwt.go:86","msg":"user valerio.vaudi@gmail.com has those authority [ROLE_BUDGET ROLE_USER FACTOR_PASSWORD]\n","component":"Jwt"}
{"level":"info","ts":"2026-05-08T12:14:53.515+0200","caller":"security/jwt.go:94","msg":"user valerio.vaudi@gmail.com has required authority: ROLE_USER","component":"Jwt"}
{"level":"info","ts":"2026-05-08T12:14:53.515+0200","caller":"security/jwt.go:102","msg":"authenticated user: valerio.vaudi@gmail.com\n","component":"Jwt"}
{"level":"info","ts":"2026-05-08T12:14:53.633+0200","caller":"security/jwt.go:77","msg":"authenticating user: valerio.vaudi@gmail.com\n","component":"Jwt"}
{"level":"info","ts":"2026-05-08T12:14:53.633+0200","caller":"security/jwt.go:86","msg":"user valerio.vaudi@gmail.com has those authority [ROLE_BUDGET ROLE_USER FACTOR_PASSWORD]\n","component":"Jwt"}
{"level":"info","ts":"2026-05-08T12:14:53.633+0200","caller":"security/jwt.go:94","msg":"user valerio.vaudi@gmail.com has required authority: ROLE_USER","component":"Jwt"}
{"level":"info","ts":"2026-05-08T12:14:53.633+0200","caller":"security/jwt.go:102","msg":"authenticated user: valerio.vaudi@gmail.com\n","component":"Jwt"}
{"level":"info","ts":"2026-05-08T12:14:53.866+0200","caller":"security/jwt.go:77","msg":"authenticating user: valerio.vaudi@gmail.com\n","component":"Jwt"}
{"level":"info","ts":"2026-05-08T12:14:53.866+0200","caller":"security/jwt.go:86","msg":"user valerio.vaudi@gmail.com has those authority [ROLE_BUDGET ROLE_USER FACTOR_PASSWORD]\n","component":"Jwt"}
{"level":"info","ts":"2026-05-08T12:14:53.866+0200","caller":"security/jwt.go:94","msg":"user valerio.vaudi@gmail.com has required authority: ROLE_USER","component":"Jwt"}
{"level":"info","ts":"2026-05-08T12:14:53.866+0200","caller":"security/jwt.go:102","msg":"authenticated user: valerio.vaudi@gmail.com\n","component":"Jwt"}
{"level":"info","ts":"2026-05-08T12:23:02.653+0200","caller":"server/web_server.go:161","msg":"shutdown signal received, draining connections","component":"WebServerProvisioner"}
{"level":"info","ts":"2026-05-08T12:23:02.653+0200","caller":"server/web_server.go:97","msg":"Server Shutdown has been started ....","component":"WebServerProvisioner"}
{"level":"info","ts":"2026-05-08T12:23:02.653+0200","caller":"server/web_server.go:98","msg":"There are 3 configurer to be disposed","component":"WebServerProvisioner"}
{"level":"info","ts":"2026-05-08T12:23:02.653+0200","caller":"otel/tracing_provider.go:54","msg":"Shutting down OTel TracerProvider","component":"OtelProvider"}
{"level":"info","ts":"2026-05-08T12:23:02.657+0200","caller":"otel/metric_provider.go:30","msg":"Shutting down OTel MeterProvider","component":"OtelProvider"}
{"level":"info","ts":"2026-05-08T12:23:02.662+0200","caller":"otel/log_provider.go:30","msg":"Shutting down OTel LoggerProvider","component":"OtelProvider"}
{"level":"info","ts":"2026-05-08T12:23:02.664+0200","caller":"server/web_server.go:108","msg":"Server Shutdown completed ....","component":"WebServerProvisioner"}
{"level":"info","ts":"2026-05-08T12:23:02.665+0200","caller":"server/web_server.go:97","msg":"Server Shutdown has been started ....","component":"WebServerProvisioner"}
{"level":"info","ts":"2026-05-08T12:23:02.665+0200","caller":"server/web_server.go:98","msg":"There are 0 configurer to be disposed","component":"WebServerProvisioner"}
{"level":"info","ts":"2026-05-08T12:23:02.665+0200","caller":"server/web_server.go:108","msg":"Server Shutdown completed ....","component":"WebServerProvisioner"}
{"level":"info","ts":"2026-05-08T12:23:03.913+0200","caller":"server/web_server.go:65","msg":"configuring otel","component":"WebServerProvisioner"}
{"level":"info","ts":"2026-05-08T12:23:03.914+0200","caller":"otel/tracing_provider.go:35","msg":"Setting up OTel TracerProvider: service=tag-api protocol=http endpoint=localhost:4318","component":"OtelProvider"}
{"level":"info","ts":"2026-05-08T12:23:03.914+0200","caller":"otel/metric_provider.go:16","msg":"Setting up OTel MeterProvider: service=tag-api protocol=http endpoint=localhost:4318","component":"OtelProvider"}
{"level":"info","ts":"2026-05-08T12:23:03.914+0200","caller":"otel/log_provider.go:16","msg":"Setting up OTel LoggerProvider: service=tag-api protocol=http endpoint=localhost:4318","component":"OtelProvider"}
{"level":"info","ts":"2026-05-08T12:23:03.914+0200","caller":"server/web_server.go:65","msg":"configuring standard-middleware","component":"WebServerProvisioner"}
{"level":"info","ts":"2026-05-08T12:23:03.914+0200","caller":"server/web_server.go:65","msg":"configuring oauth2","component":"WebServerProvisioner"}
{"level":"info","ts":"2026-05-08T12:23:03.918+0200","caller":"security/jwt.go:30","msg":"OAuth2 middleware set up with role: ROLE_USER","component":"Jwt"}
{"level":"info","ts":"2026-05-08T12:23:03.918+0200","caller":"dynamodb/repository.go:38","msg":"Using AWS DynamoDB service without local endpoint","component":"dynamodb.TagDynamoDBRepository"}
{"level":"info","ts":"2026-05-08T12:23:03.918+0200","caller":"server/web_server.go:142","msg":"listening on 0.0.0.0:8000","component":"WebServerProvisioner"}
{"level":"info","ts":"2026-05-08T12:23:14.995+0200","caller":"security/jwt.go:77","msg":"authenticating user: valerio.vaudi@gmail.com\n","component":"Jwt"}
{"level":"info","ts":"2026-05-08T12:23:14.995+0200","caller":"security/jwt.go:86","msg":"user valerio.vaudi@gmail.com has those authority [ROLE_BUDGET ROLE_USER FACTOR_PASSWORD]\n","component":"Jwt"}
{"level":"info","ts":"2026-05-08T12:23:14.995+0200","caller":"security/jwt.go:94","msg":"user valerio.vaudi@gmail.com has required authority: ROLE_USER","component":"Jwt"}
{"level":"info","ts":"2026-05-08T12:23:14.995+0200","caller":"security/jwt.go:102","msg":"authenticated user: valerio.vaudi@gmail.com\n","component":"Jwt"}
{"level":"info","ts":"2026-05-08T12:23:15.098+0200","caller":"security/jwt.go:77","msg":"authenticating user: valerio.vaudi@gmail.com\n","component":"Jwt"}
{"level":"info","ts":"2026-05-08T12:23:15.098+0200","caller":"security/jwt.go:86","msg":"user valerio.vaudi@gmail.com has those authority [ROLE_BUDGET ROLE_USER FACTOR_PASSWORD]\n","component":"Jwt"}
{"level":"info","ts":"2026-05-08T12:23:15.098+0200","caller":"security/jwt.go:94","msg":"user valerio.vaudi@gmail.com has required authority: ROLE_USER","component":"Jwt"}
{"level":"info","ts":"2026-05-08T12:23:15.098+0200","caller":"security/jwt.go:102","msg":"authenticated user: valerio.vaudi@gmail.com\n","component":"Jwt"}
{"level":"info","ts":"2026-05-08T12:23:15.346+0200","caller":"security/jwt.go:77","msg":"authenticating user: valerio.vaudi@gmail.com\n","component":"Jwt"}
{"level":"info","ts":"2026-05-08T12:23:15.346+0200","caller":"security/jwt.go:86","msg":"user valerio.vaudi@gmail.com has those authority [ROLE_BUDGET ROLE_USER FACTOR_PASSWORD]\n","component":"Jwt"}
{"level":"info","ts":"2026-05-08T12:23:15.346+0200","caller":"security/jwt.go:94","msg":"user valerio.vaudi@gmail.com has required authority: ROLE_USER","component":"Jwt"}
{"level":"info","ts":"2026-05-08T12:23:15.346+0200","caller":"security/jwt.go:102","msg":"authenticated user: valerio.vaudi@gmail.com\n","component":"Jwt"}
{"level":"info","ts":"2026-05-08T13:41:16.262+0200","caller":"security/jwt.go:77","msg":"authenticating user: valerio.vaudi@gmail.com\n","component":"Jwt"}
{"level":"info","ts":"2026-05-08T13:41:16.262+0200","caller":"security/jwt.go:86","msg":"user valerio.vaudi@gmail.com has those authority [ROLE_BUDGET ROLE_USER FACTOR_PASSWORD]\n","component":"Jwt"}
{"level":"info","ts":"2026-05-08T13:41:16.262+0200","caller":"security/jwt.go:94","msg":"user valerio.vaudi@gmail.com has required authority: ROLE_USER","component":"Jwt"}
{"level":"info","ts":"2026-05-08T13:41:16.262+0200","caller":"security/jwt.go:102","msg":"authenticated user: valerio.vaudi@gmail.com\n","component":"Jwt"}
{"level":"info","ts":"2026-05-08T13:41:16.383+0200","caller":"security/jwt.go:77","msg":"authenticating user: valerio.vaudi@gmail.com\n","component":"Jwt"}
{"level":"info","ts":"2026-05-08T13:41:16.383+0200","caller":"security/jwt.go:86","msg":"user valerio.vaudi@gmail.com has those authority [ROLE_BUDGET ROLE_USER FACTOR_PASSWORD]\n","component":"Jwt"}
{"level":"info","ts":"2026-05-08T13:41:16.383+0200","caller":"security/jwt.go:94","msg":"user valerio.vaudi@gmail.com has required authority: ROLE_USER","component":"Jwt"}
{"level":"info","ts":"2026-05-08T13:41:16.383+0200","caller":"security/jwt.go:102","msg":"authenticated user: valerio.vaudi@gmail.com\n","component":"Jwt"}
{"level":"info","ts":"2026-05-08T13:41:16.452+0200","caller":"security/jwt.go:77","msg":"authenticating user: valerio.vaudi@gmail.com\n","component":"Jwt"}
{"level":"info","ts":"2026-05-08T13:41:16.452+0200","caller":"security/jwt.go:86","msg":"user valerio.vaudi@gmail.com has those authority [ROLE_BUDGET ROLE_USER FACTOR_PASSWORD]\n","component":"Jwt"}
{"level":"info","ts":"2026-05-08T13:41:16.452+0200","caller":"security/jwt.go:94","msg":"user valerio.vaudi@gmail.com has required authority: ROLE_USER","component":"Jwt"}
{"level":"info","ts":"2026-05-08T13:41:16.452+0200","caller":"security/jwt.go:102","msg":"authenticated user: valerio.vaudi@gmail.com\n","component":"Jwt"}
{"level":"info","ts":"2026-05-08T13:41:16.631+0200","caller":"security/jwt.go:77","msg":"authenticating user: valerio.vaudi@gmail.com\n","component":"Jwt"}
{"level":"info","ts":"2026-05-08T13:41:16.631+0200","caller":"security/jwt.go:86","msg":"user valerio.vaudi@gmail.com has those authority [ROLE_BUDGET ROLE_USER FACTOR_PASSWORD]\n","component":"Jwt"}
{"level":"info","ts":"2026-05-08T13:41:16.632+0200","caller":"security/jwt.go:94","msg":"user valerio.vaudi@gmail.com has required authority: ROLE_USER","component":"Jwt"}
{"level":"info","ts":"2026-05-08T13:41:16.632+0200","caller":"security/jwt.go:102","msg":"authenticated user: valerio.vaudi@gmail.com\n","component":"Jwt"}
{"level":"info","ts":"2026-05-08T16:42:23.516+0200","caller":"security/jwt.go:77","msg":"authenticating user: valerio.vaudi@gmail.com\n","component":"Jwt"}
{"level":"info","ts":"2026-05-08T16:42:23.516+0200","caller":"security/jwt.go:86","msg":"user valerio.vaudi@gmail.com has those authority [ROLE_BUDGET ROLE_USER FACTOR_PASSWORD]\n","component":"Jwt"}
{"level":"info","ts":"2026-05-08T16:42:23.516+0200","caller":"security/jwt.go:94","msg":"user valerio.vaudi@gmail.com has required authority: ROLE_USER","component":"Jwt"}
{"level":"info","ts":"2026-05-08T16:42:23.516+0200","caller":"security/jwt.go:102","msg":"authenticated user: valerio.vaudi@gmail.com\n","component":"Jwt"}
{"level":"info","ts":"2026-05-08T16:42:23.697+0200","caller":"security/jwt.go:77","msg":"authenticating user: valerio.vaudi@gmail.com\n","component":"Jwt"}
{"level":"info","ts":"2026-05-08T16:42:23.697+0200","caller":"security/jwt.go:86","msg":"user valerio.vaudi@gmail.com has those authority [ROLE_BUDGET ROLE_USER FACTOR_PASSWORD]\n","component":"Jwt"}
{"level":"info","ts":"2026-05-08T16:42:23.697+0200","caller":"security/jwt.go:94","msg":"user valerio.vaudi@gmail.com has required authority: ROLE_USER","component":"Jwt"}
{"level":"info","ts":"2026-05-08T16:42:23.697+0200","caller":"security/jwt.go:102","msg":"authenticated user: valerio.vaudi@gmail.com\n","component":"Jwt"}
{"level":"info","ts":"2026-05-08T16:42:23.930+0200","caller":"security/jwt.go:77","msg":"authenticating user: valerio.vaudi@gmail.com\n","component":"Jwt"}
{"level":"info","ts":"2026-05-08T16:42:23.930+0200","caller":"security/jwt.go:86","msg":"user valerio.vaudi@gmail.com has those authority [ROLE_BUDGET ROLE_USER FACTOR_PASSWORD]\n","component":"Jwt"}
{"level":"info","ts":"2026-05-08T16:42:23.930+0200","caller":"security/jwt.go:94","msg":"user valerio.vaudi@gmail.com has required authority: ROLE_USER","component":"Jwt"}
{"level":"info","ts":"2026-05-08T16:42:23.930+0200","caller":"security/jwt.go:102","msg":"authenticated user: valerio.vaudi@gmail.com\n","component":"Jwt"}
{"level":"error","ts":"2026-05-08T16:43:56.631+0200","caller":"security/jwt.go:64","msg":"failed to verify jwt token: jwt.Parse: failed to parse token: unknown payload type (payload is not JWT?)\n","component":"Jwt"}
{"level":"info","ts":"2026-05-08T16:44:05.736+0200","caller":"security/jwt.go:77","msg":"authenticating user: valerio.vaudi@gmail.com\n","component":"Jwt"}
{"level":"info","ts":"2026-05-08T16:44:05.736+0200","caller":"security/jwt.go:86","msg":"user valerio.vaudi@gmail.com has those authority [ROLE_BUDGET ROLE_USER FACTOR_PASSWORD]\n","component":"Jwt"}
{"level":"info","ts":"2026-05-08T16:44:05.736+0200","caller":"security/jwt.go:94","msg":"user valerio.vaudi@gmail.com has required authority: ROLE_USER","component":"Jwt"}
{"level":"info","ts":"2026-05-08T16:44:05.736+0200","caller":"security/jwt.go:102","msg":"authenticated user: valerio.vaudi@gmail.com\n","component":"Jwt"}
{"level":"info","ts":"2026-05-08T16:44:05.870+0200","caller":"security/jwt.go:77","msg":"authenticating user: valerio.vaudi@gmail.com\n","component":"Jwt"}
{"level":"info","ts":"2026-05-08T16:44:05.870+0200","caller":"security/jwt.go:86","msg":"user valerio.vaudi@gmail.com has those authority [ROLE_BUDGET ROLE_USER FACTOR_PASSWORD]\n","component":"Jwt"}
{"level":"info","ts":"2026-05-08T16:44:05.870+0200","caller":"security/jwt.go:94","msg":"user valerio.vaudi@gmail.com has required authority: ROLE_USER","component":"Jwt"}
{"level":"info","ts":"2026-05-08T16:44:05.870+0200","caller":"security/jwt.go:102","msg":"authenticated user: valerio.vaudi@gmail.com\n","component":"Jwt"}
{"level":"info","ts":"2026-05-08T16:44:06.101+0200","caller":"security/jwt.go:77","msg":"authenticating user: valerio.vaudi@gmail.com\n","component":"Jwt"}
{"level":"info","ts":"2026-05-08T16:44:06.101+0200","caller":"security/jwt.go:86","msg":"user valerio.vaudi@gmail.com has those authority [ROLE_BUDGET ROLE_USER FACTOR_PASSWORD]\n","component":"Jwt"}
{"level":"info","ts":"2026-05-08T16:44:06.101+0200","caller":"security/jwt.go:94","msg":"user valerio.vaudi@gmail.com has required authority: ROLE_USER","component":"Jwt"}
{"level":"info","ts":"2026-05-08T16:44:06.101+0200","caller":"security/jwt.go:102","msg":"authenticated user: valerio.vaudi@gmail.com\n","component":"Jwt"}
{"level":"info","ts":"2026-05-08T16:44:43.920+0200","caller":"security/jwt.go:77","msg":"authenticating user: valerio.vaudi@gmail.com\n","component":"Jwt"}
{"level":"info","ts":"2026-05-08T16:44:43.920+0200","caller":"security/jwt.go:86","msg":"user valerio.vaudi@gmail.com has those authority [ROLE_BUDGET ROLE_USER FACTOR_PASSWORD]\n","component":"Jwt"}
{"level":"info","ts":"2026-05-08T16:44:43.920+0200","caller":"security/jwt.go:94","msg":"user valerio.vaudi@gmail.com has required authority: ROLE_USER","component":"Jwt"}
{"level":"info","ts":"2026-05-08T16:44:43.920+0200","caller":"security/jwt.go:102","msg":"authenticated user: valerio.vaudi@gmail.com\n","component":"Jwt"}
{"level":"info","ts":"2026-05-08T16:44:44.285+0200","caller":"security/jwt.go:77","msg":"authenticating user: valerio.vaudi@gmail.com\n","component":"Jwt"}
{"level":"info","ts":"2026-05-08T16:44:44.286+0200","caller":"security/jwt.go:86","msg":"user valerio.vaudi@gmail.com has those authority [ROLE_BUDGET ROLE_USER FACTOR_PASSWORD]\n","component":"Jwt"}
{"level":"info","ts":"2026-05-08T16:44:44.286+0200","caller":"security/jwt.go:94","msg":"user valerio.vaudi@gmail.com has required authority: ROLE_USER","component":"Jwt"}
{"level":"info","ts":"2026-05-08T16:44:44.286+0200","caller":"security/jwt.go:102","msg":"authenticated user: valerio.vaudi@gmail.com\n","component":"Jwt"}
{"level":"info","ts":"2026-05-08T16:44:44.928+0200","caller":"security/jwt.go:77","msg":"authenticating user: valerio.vaudi@gmail.com\n","component":"Jwt"}
{"level":"info","ts":"2026-05-08T16:44:44.928+0200","caller":"security/jwt.go:86","msg":"user valerio.vaudi@gmail.com has those authority [ROLE_BUDGET ROLE_USER FACTOR_PASSWORD]\n","component":"Jwt"}
{"level":"info","ts":"2026-05-08T16:44:44.928+0200","caller":"security/jwt.go:94","msg":"user valerio.vaudi@gmail.com has required authority: ROLE_USER","component":"Jwt"}
{"level":"info","ts":"2026-05-08T16:44:44.928+0200","caller":"security/jwt.go:102","msg":"authenticated user: valerio.vaudi@gmail.com\n","component":"Jwt"}
{"level":"info","ts":"2026-05-08T16:47:13.787+0200","caller":"security/jwt.go:77","msg":"authenticating user: valerio.vaudi@gmail.com\n","component":"Jwt"}
{"level":"info","ts":"2026-05-08T16:47:13.787+0200","caller":"security/jwt.go:86","msg":"user valerio.vaudi@gmail.com has those authority [ROLE_BUDGET ROLE_USER FACTOR_PASSWORD]\n","component":"Jwt"}
{"level":"info","ts":"2026-05-08T16:47:13.787+0200","caller":"security/jwt.go:94","msg":"user valerio.vaudi@gmail.com has required authority: ROLE_USER","component":"Jwt"}
{"level":"info","ts":"2026-05-08T16:47:13.787+0200","caller":"security/jwt.go:102","msg":"authenticated user: valerio.vaudi@gmail.com\n","component":"Jwt"}
{"level":"info","ts":"2026-05-08T16:47:13.928+0200","caller":"security/jwt.go:77","msg":"authenticating user: valerio.vaudi@gmail.com\n","component":"Jwt"}
{"level":"info","ts":"2026-05-08T16:47:13.928+0200","caller":"security/jwt.go:86","msg":"user valerio.vaudi@gmail.com has those authority [ROLE_BUDGET ROLE_USER FACTOR_PASSWORD]\n","component":"Jwt"}
{"level":"info","ts":"2026-05-08T16:47:13.928+0200","caller":"security/jwt.go:94","msg":"user valerio.vaudi@gmail.com has required authority: ROLE_USER","component":"Jwt"}
{"level":"info","ts":"2026-05-08T16:47:13.928+0200","caller":"security/jwt.go:102","msg":"authenticated user: valerio.vaudi@gmail.com\n","component":"Jwt"}
{"level":"info","ts":"2026-05-08T16:47:14.165+0200","caller":"security/jwt.go:77","msg":"authenticating user: valerio.vaudi@gmail.com\n","component":"Jwt"}
{"level":"info","ts":"2026-05-08T16:47:14.165+0200","caller":"security/jwt.go:86","msg":"user valerio.vaudi@gmail.com has those authority [ROLE_BUDGET ROLE_USER FACTOR_PASSWORD]\n","component":"Jwt"}
{"level":"info","ts":"2026-05-08T16:47:14.165+0200","caller":"security/jwt.go:94","msg":"user valerio.vaudi@gmail.com has required authority: ROLE_USER","component":"Jwt"}
{"level":"info","ts":"2026-05-08T16:47:14.165+0200","caller":"security/jwt.go:102","msg":"authenticated user: valerio.vaudi@gmail.com\n","component":"Jwt"}
{"level":"info","ts":"2026-05-08T16:48:46.087+0200","caller":"security/jwt.go:77","msg":"authenticating user: valerio.vaudi@gmail.com\n","component":"Jwt"}
{"level":"info","ts":"2026-05-08T16:48:46.087+0200","caller":"security/jwt.go:86","msg":"user valerio.vaudi@gmail.com has those authority [ROLE_BUDGET ROLE_USER FACTOR_PASSWORD]\n","component":"Jwt"}
{"level":"info","ts":"2026-05-08T16:48:46.087+0200","caller":"security/jwt.go:94","msg":"user valerio.vaudi@gmail.com has required authority: ROLE_USER","component":"Jwt"}
{"level":"info","ts":"2026-05-08T16:48:46.087+0200","caller":"security/jwt.go:102","msg":"authenticated user: valerio.vaudi@gmail.com\n","component":"Jwt"}
{"level":"info","ts":"2026-05-08T16:48:46.219+0200","caller":"security/jwt.go:77","msg":"authenticating user: valerio.vaudi@gmail.com\n","component":"Jwt"}
{"level":"info","ts":"2026-05-08T16:48:46.220+0200","caller":"security/jwt.go:86","msg":"user valerio.vaudi@gmail.com has those authority [ROLE_BUDGET ROLE_USER FACTOR_PASSWORD]\n","component":"Jwt"}
{"level":"info","ts":"2026-05-08T16:48:46.220+0200","caller":"security/jwt.go:94","msg":"user valerio.vaudi@gmail.com has required authority: ROLE_USER","component":"Jwt"}
{"level":"info","ts":"2026-05-08T16:48:46.220+0200","caller":"security/jwt.go:102","msg":"authenticated user: valerio.vaudi@gmail.com\n","component":"Jwt"}
{"level":"info","ts":"2026-05-08T16:48:46.452+0200","caller":"security/jwt.go:77","msg":"authenticating user: valerio.vaudi@gmail.com\n","component":"Jwt"}
{"level":"info","ts":"2026-05-08T16:48:46.453+0200","caller":"security/jwt.go:86","msg":"user valerio.vaudi@gmail.com has those authority [ROLE_BUDGET ROLE_USER FACTOR_PASSWORD]\n","component":"Jwt"}
{"level":"info","ts":"2026-05-08T16:48:46.453+0200","caller":"security/jwt.go:94","msg":"user valerio.vaudi@gmail.com has required authority: ROLE_USER","component":"Jwt"}
{"level":"info","ts":"2026-05-08T16:48:46.453+0200","caller":"security/jwt.go:102","msg":"authenticated user: valerio.vaudi@gmail.com\n","component":"Jwt"}
{"level":"info","ts":"2026-05-08T16:51:59.937+0200","caller":"security/jwt.go:77","msg":"authenticating user: valerio.vaudi@gmail.com\n","component":"Jwt"}
{"level":"info","ts":"2026-05-08T16:51:59.937+0200","caller":"security/jwt.go:86","msg":"user valerio.vaudi@gmail.com has those authority [ROLE_BUDGET ROLE_USER FACTOR_PASSWORD]\n","component":"Jwt"}
{"level":"info","ts":"2026-05-08T16:51:59.937+0200","caller":"security/jwt.go:94","msg":"user valerio.vaudi@gmail.com has required authority: ROLE_USER","component":"Jwt"}
{"level":"info","ts":"2026-05-08T16:51:59.937+0200","caller":"security/jwt.go:102","msg":"authenticated user: valerio.vaudi@gmail.com\n","component":"Jwt"}
{"level":"info","ts":"2026-05-08T16:52:00.066+0200","caller":"security/jwt.go:77","msg":"authenticating user: valerio.vaudi@gmail.com\n","component":"Jwt"}
{"level":"info","ts":"2026-05-08T16:52:00.066+0200","caller":"security/jwt.go:86","msg":"user valerio.vaudi@gmail.com has those authority [ROLE_BUDGET ROLE_USER FACTOR_PASSWORD]\n","component":"Jwt"}
{"level":"info","ts":"2026-05-08T16:52:00.066+0200","caller":"security/jwt.go:94","msg":"user valerio.vaudi@gmail.com has required authority: ROLE_USER","component":"Jwt"}
{"level":"info","ts":"2026-05-08T16:52:00.066+0200","caller":"security/jwt.go:102","msg":"authenticated user: valerio.vaudi@gmail.com\n","component":"Jwt"}
{"level":"info","ts":"2026-05-08T16:52:00.306+0200","caller":"security/jwt.go:77","msg":"authenticating user: valerio.vaudi@gmail.com\n","component":"Jwt"}
{"level":"info","ts":"2026-05-08T16:52:00.306+0200","caller":"security/jwt.go:86","msg":"user valerio.vaudi@gmail.com has those authority [ROLE_BUDGET ROLE_USER FACTOR_PASSWORD]\n","component":"Jwt"}
{"level":"info","ts":"2026-05-08T16:52:00.306+0200","caller":"security/jwt.go:94","msg":"user valerio.vaudi@gmail.com has required authority: ROLE_USER","component":"Jwt"}
{"level":"info","ts":"2026-05-08T16:52:00.306+0200","caller":"security/jwt.go:102","msg":"authenticated user: valerio.vaudi@gmail.com\n","component":"Jwt"}
{"level":"info","ts":"2026-05-08T17:13:21.764+0200","caller":"security/jwt.go:77","msg":"authenticating user: valerio.vaudi@gmail.com\n","component":"Jwt"}
{"level":"info","ts":"2026-05-08T17:13:21.764+0200","caller":"security/jwt.go:86","msg":"user valerio.vaudi@gmail.com has those authority [ROLE_BUDGET ROLE_USER FACTOR_PASSWORD]\n","component":"Jwt"}
{"level":"info","ts":"2026-05-08T17:13:21.764+0200","caller":"security/jwt.go:94","msg":"user valerio.vaudi@gmail.com has required authority: ROLE_USER","component":"Jwt"}
{"level":"info","ts":"2026-05-08T17:13:21.764+0200","caller":"security/jwt.go:102","msg":"authenticated user: valerio.vaudi@gmail.com\n","component":"Jwt"}
{"level":"info","ts":"2026-05-08T17:13:21.898+0200","caller":"security/jwt.go:77","msg":"authenticating user: valerio.vaudi@gmail.com\n","component":"Jwt"}
{"level":"info","ts":"2026-05-08T17:13:21.898+0200","caller":"security/jwt.go:86","msg":"user valerio.vaudi@gmail.com has those authority [ROLE_BUDGET ROLE_USER FACTOR_PASSWORD]\n","component":"Jwt"}
{"level":"info","ts":"2026-05-08T17:13:21.898+0200","caller":"security/jwt.go:94","msg":"user valerio.vaudi@gmail.com has required authority: ROLE_USER","component":"Jwt"}
{"level":"info","ts":"2026-05-08T17:13:21.898+0200","caller":"security/jwt.go:102","msg":"authenticated user: valerio.vaudi@gmail.com\n","component":"Jwt"}
{"level":"info","ts":"2026-05-08T17:13:22.139+0200","caller":"security/jwt.go:77","msg":"authenticating user: valerio.vaudi@gmail.com\n","component":"Jwt"}
{"level":"info","ts":"2026-05-08T17:13:22.139+0200","caller":"security/jwt.go:86","msg":"user valerio.vaudi@gmail.com has those authority [ROLE_BUDGET ROLE_USER FACTOR_PASSWORD]\n","component":"Jwt"}
{"level":"info","ts":"2026-05-08T17:13:22.140+0200","caller":"security/jwt.go:94","msg":"user valerio.vaudi@gmail.com has required authority: ROLE_USER","component":"Jwt"}
{"level":"info","ts":"2026-05-08T17:13:22.140+0200","caller":"security/jwt.go:102","msg":"authenticated user: valerio.vaudi@gmail.com\n","component":"Jwt"}
{"level":"info","ts":"2026-05-08T17:16:47.080+0200","caller":"security/jwt.go:77","msg":"authenticating user: valerio.vaudi@gmail.com\n","component":"Jwt"}
{"level":"info","ts":"2026-05-08T17:16:47.081+0200","caller":"security/jwt.go:86","msg":"user valerio.vaudi@gmail.com has those authority [ROLE_BUDGET ROLE_USER FACTOR_PASSWORD]\n","component":"Jwt"}
{"level":"info","ts":"2026-05-08T17:16:47.081+0200","caller":"security/jwt.go:94","msg":"user valerio.vaudi@gmail.com has required authority: ROLE_USER","component":"Jwt"}
{"level":"info","ts":"2026-05-08T17:16:47.081+0200","caller":"security/jwt.go:102","msg":"authenticated user: valerio.vaudi@gmail.com\n","component":"Jwt"}
{"level":"info","ts":"2026-05-08T17:16:47.202+0200","caller":"security/jwt.go:77","msg":"authenticating user: valerio.vaudi@gmail.com\n","component":"Jwt"}
{"level":"info","ts":"2026-05-08T17:16:47.202+0200","caller":"security/jwt.go:86","msg":"user valerio.vaudi@gmail.com has those authority [ROLE_BUDGET ROLE_USER FACTOR_PASSWORD]\n","component":"Jwt"}
{"level":"info","ts":"2026-05-08T17:16:47.202+0200","caller":"security/jwt.go:94","msg":"user valerio.vaudi@gmail.com has required authority: ROLE_USER","component":"Jwt"}
{"level":"info","ts":"2026-05-08T17:16:47.202+0200","caller":"security/jwt.go:102","msg":"authenticated user: valerio.vaudi@gmail.com\n","component":"Jwt"}
{"level":"info","ts":"2026-05-08T17:16:47.346+0200","caller":"security/jwt.go:77","msg":"authenticating user: valerio.vaudi@gmail.com\n","component":"Jwt"}
{"level":"info","ts":"2026-05-08T17:16:47.346+0200","caller":"security/jwt.go:86","msg":"user valerio.vaudi@gmail.com has those authority [ROLE_BUDGET ROLE_USER FACTOR_PASSWORD]\n","component":"Jwt"}
{"level":"info","ts":"2026-05-08T17:16:47.346+0200","caller":"security/jwt.go:94","msg":"user valerio.vaudi@gmail.com has required authority: ROLE_USER","component":"Jwt"}
{"level":"info","ts":"2026-05-08T17:16:47.346+0200","caller":"security/jwt.go:102","msg":"authenticated user: valerio.vaudi@gmail.com\n","component":"Jwt"}
{"level":"info","ts":"2026-05-08T17:16:47.480+0200","caller":"security/jwt.go:77","msg":"authenticating user: valerio.vaudi@gmail.com\n","component":"Jwt"}
{"level":"info","ts":"2026-05-08T17:16:47.480+0200","caller":"security/jwt.go:86","msg":"user valerio.vaudi@gmail.com has those authority [ROLE_BUDGET ROLE_USER FACTOR_PASSWORD]\n","component":"Jwt"}
{"level":"info","ts":"2026-05-08T17:16:47.480+0200","caller":"security/jwt.go:94","msg":"user valerio.vaudi@gmail.com has required authority: ROLE_USER","component":"Jwt"}
{"level":"info","ts":"2026-05-08T17:16:47.480+0200","caller":"security/jwt.go:102","msg":"authenticated user: valerio.vaudi@gmail.com\n","component":"Jwt"}
{"level":"info","ts":"2026-05-08T17:17:35.584+0200","caller":"security/jwt.go:77","msg":"authenticating user: valerio.vaudi@gmail.com\n","component":"Jwt"}
{"level":"info","ts":"2026-05-08T17:17:35.584+0200","caller":"security/jwt.go:86","msg":"user valerio.vaudi@gmail.com has those authority [ROLE_BUDGET ROLE_USER FACTOR_PASSWORD]\n","component":"Jwt"}
{"level":"info","ts":"2026-05-08T17:17:35.584+0200","caller":"security/jwt.go:94","msg":"user valerio.vaudi@gmail.com has required authority: ROLE_USER","component":"Jwt"}
{"level":"info","ts":"2026-05-08T17:17:35.584+0200","caller":"security/jwt.go:102","msg":"authenticated user: valerio.vaudi@gmail.com\n","component":"Jwt"}
{"level":"info","ts":"2026-05-08T17:18:09.508+0200","caller":"security/jwt.go:77","msg":"authenticating user: valerio.vaudi@gmail.com\n","component":"Jwt"}
{"level":"info","ts":"2026-05-08T17:18:09.508+0200","caller":"security/jwt.go:86","msg":"user valerio.vaudi@gmail.com has those authority [ROLE_BUDGET ROLE_USER FACTOR_PASSWORD]\n","component":"Jwt"}
{"level":"info","ts":"2026-05-08T17:18:09.508+0200","caller":"security/jwt.go:94","msg":"user valerio.vaudi@gmail.com has required authority: ROLE_USER","component":"Jwt"}
{"level":"info","ts":"2026-05-08T17:18:09.508+0200","caller":"security/jwt.go:102","msg":"authenticated user: valerio.vaudi@gmail.com\n","component":"Jwt"}
{"level":"info","ts":"2026-05-08T17:18:09.529+0200","caller":"security/jwt.go:77","msg":"authenticating user: valerio.vaudi@gmail.com\n","component":"Jwt"}
{"level":"info","ts":"2026-05-08T17:18:09.529+0200","caller":"security/jwt.go:86","msg":"user valerio.vaudi@gmail.com has those authority [ROLE_BUDGET ROLE_USER FACTOR_PASSWORD]\n","component":"Jwt"}
{"level":"info","ts":"2026-05-08T17:18:09.529+0200","caller":"security/jwt.go:94","msg":"user valerio.vaudi@gmail.com has required authority: ROLE_USER","component":"Jwt"}
{"level":"info","ts":"2026-05-08T17:18:09.529+0200","caller":"security/jwt.go:102","msg":"authenticated user: valerio.vaudi@gmail.com\n","component":"Jwt"}
{"level":"info","ts":"2026-05-08T17:18:09.766+0200","caller":"security/jwt.go:77","msg":"authenticating user: valerio.vaudi@gmail.com\n","component":"Jwt"}
{"level":"info","ts":"2026-05-08T17:18:09.766+0200","caller":"security/jwt.go:86","msg":"user valerio.vaudi@gmail.com has those authority [ROLE_BUDGET ROLE_USER FACTOR_PASSWORD]\n","component":"Jwt"}
{"level":"info","ts":"2026-05-08T17:18:09.766+0200","caller":"security/jwt.go:94","msg":"user valerio.vaudi@gmail.com has required authority: ROLE_USER","component":"Jwt"}
{"level":"info","ts":"2026-05-08T17:18:09.766+0200","caller":"security/jwt.go:102","msg":"authenticated user: valerio.vaudi@gmail.com\n","component":"Jwt"}
{"level":"info","ts":"2026-05-08T17:22:26.470+0200","caller":"security/jwt.go:77","msg":"authenticating user: valerio.vaudi@gmail.com\n","component":"Jwt"}
{"level":"info","ts":"2026-05-08T17:22:26.470+0200","caller":"security/jwt.go:86","msg":"user valerio.vaudi@gmail.com has those authority [ROLE_BUDGET ROLE_USER FACTOR_PASSWORD]\n","component":"Jwt"}
{"level":"info","ts":"2026-05-08T17:22:26.470+0200","caller":"security/jwt.go:94","msg":"user valerio.vaudi@gmail.com has required authority: ROLE_USER","component":"Jwt"}
{"level":"info","ts":"2026-05-08T17:22:26.470+0200","caller":"security/jwt.go:102","msg":"authenticated user: valerio.vaudi@gmail.com\n","component":"Jwt"}
{"level":"info","ts":"2026-05-08T17:22:26.608+0200","caller":"security/jwt.go:77","msg":"authenticating user: valerio.vaudi@gmail.com\n","component":"Jwt"}
{"level":"info","ts":"2026-05-08T17:22:26.608+0200","caller":"security/jwt.go:86","msg":"user valerio.vaudi@gmail.com has those authority [ROLE_BUDGET ROLE_USER FACTOR_PASSWORD]\n","component":"Jwt"}
{"level":"info","ts":"2026-05-08T17:22:26.608+0200","caller":"security/jwt.go:94","msg":"user valerio.vaudi@gmail.com has required authority: ROLE_USER","component":"Jwt"}
{"level":"info","ts":"2026-05-08T17:22:26.608+0200","caller":"security/jwt.go:102","msg":"authenticated user: valerio.vaudi@gmail.com\n","component":"Jwt"}
{"level":"info","ts":"2026-05-08T17:22:26.838+0200","caller":"security/jwt.go:77","msg":"authenticating user: valerio.vaudi@gmail.com\n","component":"Jwt"}
{"level":"info","ts":"2026-05-08T17:22:26.838+0200","caller":"security/jwt.go:86","msg":"user valerio.vaudi@gmail.com has those authority [ROLE_BUDGET ROLE_USER FACTOR_PASSWORD]\n","component":"Jwt"}
{"level":"info","ts":"2026-05-08T17:22:26.838+0200","caller":"security/jwt.go:94","msg":"user valerio.vaudi@gmail.com has required authority: ROLE_USER","component":"Jwt"}
{"level":"info","ts":"2026-05-08T17:22:26.838+0200","caller":"security/jwt.go:102","msg":"authenticated user: valerio.vaudi@gmail.com\n","component":"Jwt"}
{"level":"info","ts":"2026-05-09T08:11:23.099+0200","caller":"security/jwt.go:77","msg":"authenticating user: valerio.vaudi@gmail.com\n","component":"Jwt"}
{"level":"info","ts":"2026-05-09T08:11:23.099+0200","caller":"security/jwt.go:86","msg":"user valerio.vaudi@gmail.com has those authority [ROLE_BUDGET ROLE_USER FACTOR_PASSWORD]\n","component":"Jwt"}
{"level":"info","ts":"2026-05-09T08:11:23.099+0200","caller":"security/jwt.go:94","msg":"user valerio.vaudi@gmail.com has required authority: ROLE_USER","component":"Jwt"}
{"level":"info","ts":"2026-05-09T08:11:23.099+0200","caller":"security/jwt.go:102","msg":"authenticated user: valerio.vaudi@gmail.com\n","component":"Jwt"}
{"level":"info","ts":"2026-05-09T08:11:23.222+0200","caller":"security/jwt.go:77","msg":"authenticating user: valerio.vaudi@gmail.com\n","component":"Jwt"}
{"level":"info","ts":"2026-05-09T08:11:23.222+0200","caller":"security/jwt.go:86","msg":"user valerio.vaudi@gmail.com has those authority [ROLE_BUDGET ROLE_USER FACTOR_PASSWORD]\n","component":"Jwt"}
{"level":"info","ts":"2026-05-09T08:11:23.222+0200","caller":"security/jwt.go:94","msg":"user valerio.vaudi@gmail.com has required authority: ROLE_USER","component":"Jwt"}
{"level":"info","ts":"2026-05-09T08:11:23.222+0200","caller":"security/jwt.go:102","msg":"authenticated user: valerio.vaudi@gmail.com\n","component":"Jwt"}
{"level":"info","ts":"2026-05-09T08:11:23.438+0200","caller":"security/jwt.go:77","msg":"authenticating user: valerio.vaudi@gmail.com\n","component":"Jwt"}
{"level":"info","ts":"2026-05-09T08:11:23.438+0200","caller":"security/jwt.go:86","msg":"user valerio.vaudi@gmail.com has those authority [ROLE_BUDGET ROLE_USER FACTOR_PASSWORD]\n","component":"Jwt"}
{"level":"info","ts":"2026-05-09T08:11:23.438+0200","caller":"security/jwt.go:94","msg":"user valerio.vaudi@gmail.com has required authority: ROLE_USER","component":"Jwt"}
{"level":"info","ts":"2026-05-09T08:11:23.438+0200","caller":"security/jwt.go:102","msg":"authenticated user: valerio.vaudi@gmail.com\n","component":"Jwt"}
{"level":"error","ts":"2026-05-09T08:11:28.672+0200","caller":"security/jwt.go:64","msg":"failed to verify jwt token: jwt.Parse: failed to parse token: unknown payload type (payload is not JWT?)\n","component":"Jwt"}
{"level":"info","ts":"2026-05-09T08:11:35.822+0200","caller":"security/jwt.go:77","msg":"authenticating user: valerio.vaudi@gmail.com\n","component":"Jwt"}
{"level":"info","ts":"2026-05-09T08:11:35.822+0200","caller":"security/jwt.go:86","msg":"user valerio.vaudi@gmail.com has those authority [ROLE_BUDGET ROLE_USER FACTOR_PASSWORD]\n","component":"Jwt"}
{"level":"info","ts":"2026-05-09T08:11:35.822+0200","caller":"security/jwt.go:94","msg":"user valerio.vaudi@gmail.com has required authority: ROLE_USER","component":"Jwt"}
{"level":"info","ts":"2026-05-09T08:11:35.822+0200","caller":"security/jwt.go:102","msg":"authenticated user: valerio.vaudi@gmail.com\n","component":"Jwt"}
{"level":"info","ts":"2026-05-09T09:15:44.707+0200","caller":"security/jwt.go:77","msg":"authenticating user: valerio.vaudi@gmail.com\n","component":"Jwt"}
{"level":"info","ts":"2026-05-09T09:15:44.708+0200","caller":"security/jwt.go:86","msg":"user valerio.vaudi@gmail.com has those authority [ROLE_BUDGET ROLE_USER FACTOR_PASSWORD]\n","component":"Jwt"}
{"level":"info","ts":"2026-05-09T09:15:44.708+0200","caller":"security/jwt.go:94","msg":"user valerio.vaudi@gmail.com has required authority: ROLE_USER","component":"Jwt"}
{"level":"info","ts":"2026-05-09T09:15:44.708+0200","caller":"security/jwt.go:102","msg":"authenticated user: valerio.vaudi@gmail.com\n","component":"Jwt"}
{"level":"info","ts":"2026-05-09T09:15:44.856+0200","caller":"security/jwt.go:77","msg":"authenticating user: valerio.vaudi@gmail.com\n","component":"Jwt"}
{"level":"info","ts":"2026-05-09T09:15:44.856+0200","caller":"security/jwt.go:86","msg":"user valerio.vaudi@gmail.com has those authority [ROLE_BUDGET ROLE_USER FACTOR_PASSWORD]\n","component":"Jwt"}
{"level":"info","ts":"2026-05-09T09:15:44.856+0200","caller":"security/jwt.go:94","msg":"user valerio.vaudi@gmail.com has required authority: ROLE_USER","component":"Jwt"}
{"level":"info","ts":"2026-05-09T09:15:44.856+0200","caller":"security/jwt.go:102","msg":"authenticated user: valerio.vaudi@gmail.com\n","component":"Jwt"}
{"level":"info","ts":"2026-05-09T09:15:44.870+0200","caller":"security/jwt.go:77","msg":"authenticating user: valerio.vaudi@gmail.com\n","component":"Jwt"}
{"level":"info","ts":"2026-05-09T09:15:44.870+0200","caller":"security/jwt.go:86","msg":"user valerio.vaudi@gmail.com has those authority [ROLE_BUDGET ROLE_USER FACTOR_PASSWORD]\n","component":"Jwt"}
{"level":"info","ts":"2026-05-09T09:15:44.870+0200","caller":"security/jwt.go:94","msg":"user valerio.vaudi@gmail.com has required authority: ROLE_USER","component":"Jwt"}
{"level":"info","ts":"2026-05-09T09:15:44.870+0200","caller":"security/jwt.go:102","msg":"authenticated user: valerio.vaudi@gmail.com\n","component":"Jwt"}
{"level":"info","ts":"2026-05-09T09:15:45.128+0200","caller":"security/jwt.go:77","msg":"authenticating user: valerio.vaudi@gmail.com\n","component":"Jwt"}
{"level":"info","ts":"2026-05-09T09:15:45.128+0200","caller":"security/jwt.go:86","msg":"user valerio.vaudi@gmail.com has those authority [ROLE_BUDGET ROLE_USER FACTOR_PASSWORD]\n","component":"Jwt"}
{"level":"info","ts":"2026-05-09T09:15:45.128+0200","caller":"security/jwt.go:94","msg":"user valerio.vaudi@gmail.com has required authority: ROLE_USER","component":"Jwt"}
{"level":"info","ts":"2026-05-09T09:15:45.129+0200","caller":"security/jwt.go:102","msg":"authenticated user: valerio.vaudi@gmail.com\n","component":"Jwt"}
{"level":"info","ts":"2026-05-09T09:15:45.147+0200","caller":"security/jwt.go:77","msg":"authenticating user: valerio.vaudi@gmail.com\n","component":"Jwt"}
{"level":"info","ts":"2026-05-09T09:15:45.147+0200","caller":"security/jwt.go:86","msg":"user valerio.vaudi@gmail.com has those authority [ROLE_BUDGET ROLE_USER FACTOR_PASSWORD]\n","component":"Jwt"}
{"level":"info","ts":"2026-05-09T09:15:45.147+0200","caller":"security/jwt.go:94","msg":"user valerio.vaudi@gmail.com has required authority: ROLE_USER","component":"Jwt"}
{"level":"info","ts":"2026-05-09T09:15:45.147+0200","caller":"security/jwt.go:102","msg":"authenticated user: valerio.vaudi@gmail.com\n","component":"Jwt"}
{"level":"info","ts":"2026-05-09T09:47:49.477+0200","caller":"security/jwt.go:77","msg":"authenticating user: valerio.vaudi@gmail.com\n","component":"Jwt"}
{"level":"info","ts":"2026-05-09T09:47:49.477+0200","caller":"security/jwt.go:86","msg":"user valerio.vaudi@gmail.com has those authority [ROLE_BUDGET ROLE_USER FACTOR_PASSWORD]\n","component":"Jwt"}
{"level":"info","ts":"2026-05-09T09:47:49.477+0200","caller":"security/jwt.go:94","msg":"user valerio.vaudi@gmail.com has required authority: ROLE_USER","component":"Jwt"}
{"level":"info","ts":"2026-05-09T09:47:49.477+0200","caller":"security/jwt.go:102","msg":"authenticated user: valerio.vaudi@gmail.com\n","component":"Jwt"}
{"level":"info","ts":"2026-05-09T09:47:49.602+0200","caller":"security/jwt.go:77","msg":"authenticating user: valerio.vaudi@gmail.com\n","component":"Jwt"}
{"level":"info","ts":"2026-05-09T09:47:49.602+0200","caller":"security/jwt.go:86","msg":"user valerio.vaudi@gmail.com has those authority [ROLE_BUDGET ROLE_USER FACTOR_PASSWORD]\n","component":"Jwt"}
{"level":"info","ts":"2026-05-09T09:47:49.602+0200","caller":"security/jwt.go:94","msg":"user valerio.vaudi@gmail.com has required authority: ROLE_USER","component":"Jwt"}
{"level":"info","ts":"2026-05-09T09:47:49.602+0200","caller":"security/jwt.go:102","msg":"authenticated user: valerio.vaudi@gmail.com\n","component":"Jwt"}
{"level":"info","ts":"2026-05-09T09:47:49.639+0200","caller":"security/jwt.go:77","msg":"authenticating user: valerio.vaudi@gmail.com\n","component":"Jwt"}
{"level":"info","ts":"2026-05-09T09:47:49.639+0200","caller":"security/jwt.go:86","msg":"user valerio.vaudi@gmail.com has those authority [ROLE_BUDGET ROLE_USER FACTOR_PASSWORD]\n","component":"Jwt"}
{"level":"info","ts":"2026-05-09T09:47:49.639+0200","caller":"security/jwt.go:94","msg":"user valerio.vaudi@gmail.com has required authority: ROLE_USER","component":"Jwt"}
{"level":"info","ts":"2026-05-09T09:47:49.639+0200","caller":"security/jwt.go:102","msg":"authenticated user: valerio.vaudi@gmail.com\n","component":"Jwt"}
{"level":"info","ts":"2026-05-09T09:47:49.866+0200","caller":"security/jwt.go:77","msg":"authenticating user: valerio.vaudi@gmail.com\n","component":"Jwt"}
{"level":"info","ts":"2026-05-09T09:47:49.866+0200","caller":"security/jwt.go:86","msg":"user valerio.vaudi@gmail.com has those authority [ROLE_BUDGET ROLE_USER FACTOR_PASSWORD]\n","component":"Jwt"}
{"level":"info","ts":"2026-05-09T09:47:49.866+0200","caller":"security/jwt.go:94","msg":"user valerio.vaudi@gmail.com has required authority: ROLE_USER","component":"Jwt"}
{"level":"info","ts":"2026-05-09T09:47:49.866+0200","caller":"security/jwt.go:102","msg":"authenticated user: valerio.vaudi@gmail.com\n","component":"Jwt"}
{"level":"info","ts":"2026-05-09T10:00:59.417+0200","caller":"security/jwt.go:77","msg":"authenticating user: valerio.vaudi@gmail.com\n","component":"Jwt"}
{"level":"info","ts":"2026-05-09T10:00:59.417+0200","caller":"security/jwt.go:86","msg":"user valerio.vaudi@gmail.com has those authority [ROLE_BUDGET ROLE_USER FACTOR_PASSWORD]\n","component":"Jwt"}
{"level":"info","ts":"2026-05-09T10:00:59.417+0200","caller":"security/jwt.go:94","msg":"user valerio.vaudi@gmail.com has required authority: ROLE_USER","component":"Jwt"}
{"level":"info","ts":"2026-05-09T10:00:59.417+0200","caller":"security/jwt.go:102","msg":"authenticated user: valerio.vaudi@gmail.com\n","component":"Jwt"}
{"level":"info","ts":"2026-05-09T10:00:59.536+0200","caller":"security/jwt.go:77","msg":"authenticating user: valerio.vaudi@gmail.com\n","component":"Jwt"}
{"level":"info","ts":"2026-05-09T10:00:59.536+0200","caller":"security/jwt.go:86","msg":"user valerio.vaudi@gmail.com has those authority [ROLE_BUDGET ROLE_USER FACTOR_PASSWORD]\n","component":"Jwt"}
{"level":"info","ts":"2026-05-09T10:00:59.536+0200","caller":"security/jwt.go:94","msg":"user valerio.vaudi@gmail.com has required authority: ROLE_USER","component":"Jwt"}
{"level":"info","ts":"2026-05-09T10:00:59.536+0200","caller":"security/jwt.go:102","msg":"authenticated user: valerio.vaudi@gmail.com\n","component":"Jwt"}
{"level":"info","ts":"2026-05-09T10:00:59.769+0200","caller":"security/jwt.go:77","msg":"authenticating user: valerio.vaudi@gmail.com\n","component":"Jwt"}
{"level":"info","ts":"2026-05-09T10:00:59.770+0200","caller":"security/jwt.go:86","msg":"user valerio.vaudi@gmail.com has those authority [ROLE_BUDGET ROLE_USER FACTOR_PASSWORD]\n","component":"Jwt"}
{"level":"info","ts":"2026-05-09T10:00:59.771+0200","caller":"security/jwt.go:94","msg":"user valerio.vaudi@gmail.com has required authority: ROLE_USER","component":"Jwt"}
{"level":"info","ts":"2026-05-09T10:00:59.772+0200","caller":"security/jwt.go:102","msg":"authenticated user: valerio.vaudi@gmail.com\n","component":"Jwt"}
{"level":"error","ts":"2026-05-09T14:05:29.480+0200","caller":"security/jwt.go:64","msg":"failed to verify jwt token: jwt.Parse: failed to parse token: unknown payload type (payload is not JWT?)\n","component":"Jwt"}
{"level":"info","ts":"2026-05-09T14:05:37.334+0200","caller":"security/jwt.go:77","msg":"authenticating user: valerio.vaudi@gmail.com\n","component":"Jwt"}
{"level":"info","ts":"2026-05-09T14:05:37.334+0200","caller":"security/jwt.go:86","msg":"user valerio.vaudi@gmail.com has those authority [ROLE_BUDGET ROLE_USER FACTOR_PASSWORD]\n","component":"Jwt"}
{"level":"info","ts":"2026-05-09T14:05:37.334+0200","caller":"security/jwt.go:94","msg":"user valerio.vaudi@gmail.com has required authority: ROLE_USER","component":"Jwt"}
{"level":"info","ts":"2026-05-09T14:05:37.334+0200","caller":"security/jwt.go:102","msg":"authenticated user: valerio.vaudi@gmail.com\n","component":"Jwt"}
{"level":"info","ts":"2026-05-09T14:05:37.470+0200","caller":"security/jwt.go:77","msg":"authenticating user: valerio.vaudi@gmail.com\n","component":"Jwt"}
{"level":"info","ts":"2026-05-09T14:05:37.470+0200","caller":"security/jwt.go:86","msg":"user valerio.vaudi@gmail.com has those authority [ROLE_BUDGET ROLE_USER FACTOR_PASSWORD]\n","component":"Jwt"}
{"level":"info","ts":"2026-05-09T14:05:37.470+0200","caller":"security/jwt.go:94","msg":"user valerio.vaudi@gmail.com has required authority: ROLE_USER","component":"Jwt"}
{"level":"info","ts":"2026-05-09T14:05:37.470+0200","caller":"security/jwt.go:102","msg":"authenticated user: valerio.vaudi@gmail.com\n","component":"Jwt"}
{"level":"info","ts":"2026-05-09T14:05:37.710+0200","caller":"security/jwt.go:77","msg":"authenticating user: valerio.vaudi@gmail.com\n","component":"Jwt"}
{"level":"info","ts":"2026-05-09T14:05:37.710+0200","caller":"security/jwt.go:86","msg":"user valerio.vaudi@gmail.com has those authority [ROLE_BUDGET ROLE_USER FACTOR_PASSWORD]\n","component":"Jwt"}
{"level":"info","ts":"2026-05-09T14:05:37.710+0200","caller":"security/jwt.go:94","msg":"user valerio.vaudi@gmail.com has required authority: ROLE_USER","component":"Jwt"}
{"level":"info","ts":"2026-05-09T14:05:37.710+0200","caller":"security/jwt.go:102","msg":"authenticated user: valerio.vaudi@gmail.com\n","component":"Jwt"}
{"level":"info","ts":"2026-05-09T23:37:22.423+0200","caller":"security/jwt.go:77","msg":"authenticating user: valerio.vaudi@gmail.com\n","component":"Jwt"}
{"level":"info","ts":"2026-05-09T23:37:22.423+0200","caller":"security/jwt.go:86","msg":"user valerio.vaudi@gmail.com has those authority [ROLE_BUDGET ROLE_USER FACTOR_PASSWORD]\n","component":"Jwt"}
{"level":"info","ts":"2026-05-09T23:37:22.423+0200","caller":"security/jwt.go:94","msg":"user valerio.vaudi@gmail.com has required authority: ROLE_USER","component":"Jwt"}
{"level":"info","ts":"2026-05-09T23:37:22.423+0200","caller":"security/jwt.go:102","msg":"authenticated user: valerio.vaudi@gmail.com\n","component":"Jwt"}
{"level":"info","ts":"2026-05-09T23:37:22.564+0200","caller":"security/jwt.go:77","msg":"authenticating user: valerio.vaudi@gmail.com\n","component":"Jwt"}
{"level":"info","ts":"2026-05-09T23:37:22.565+0200","caller":"security/jwt.go:86","msg":"user valerio.vaudi@gmail.com has those authority [ROLE_BUDGET ROLE_USER FACTOR_PASSWORD]\n","component":"Jwt"}
{"level":"info","ts":"2026-05-09T23:37:22.565+0200","caller":"security/jwt.go:94","msg":"user valerio.vaudi@gmail.com has required authority: ROLE_USER","component":"Jwt"}
{"level":"info","ts":"2026-05-09T23:37:22.565+0200","caller":"security/jwt.go:102","msg":"authenticated user: valerio.vaudi@gmail.com\n","component":"Jwt"}
{"level":"info","ts":"2026-05-09T23:37:22.802+0200","caller":"security/jwt.go:77","msg":"authenticating user: valerio.vaudi@gmail.com\n","component":"Jwt"}
{"level":"info","ts":"2026-05-09T23:37:22.802+0200","caller":"security/jwt.go:86","msg":"user valerio.vaudi@gmail.com has those authority [ROLE_BUDGET ROLE_USER FACTOR_PASSWORD]\n","component":"Jwt"}
{"level":"info","ts":"2026-05-09T23:37:22.802+0200","caller":"security/jwt.go:94","msg":"user valerio.vaudi@gmail.com has required authority: ROLE_USER","component":"Jwt"}
{"level":"info","ts":"2026-05-09T23:37:22.802+0200","caller":"security/jwt.go:102","msg":"authenticated user: valerio.vaudi@gmail.com\n","component":"Jwt"}
{"level":"info","ts":"2026-05-09T23:38:25.581+0200","caller":"security/jwt.go:77","msg":"authenticating user: valerio.vaudi@gmail.com\n","component":"Jwt"}
{"level":"info","ts":"2026-05-09T23:38:25.582+0200","caller":"security/jwt.go:86","msg":"user valerio.vaudi@gmail.com has those authority [ROLE_BUDGET ROLE_USER FACTOR_PASSWORD]\n","component":"Jwt"}
{"level":"info","ts":"2026-05-09T23:38:25.582+0200","caller":"security/jwt.go:94","msg":"user valerio.vaudi@gmail.com has required authority: ROLE_USER","component":"Jwt"}
{"level":"info","ts":"2026-05-09T23:38:25.582+0200","caller":"security/jwt.go:102","msg":"authenticated user: valerio.vaudi@gmail.com\n","component":"Jwt"}
{"level":"info","ts":"2026-05-09T23:38:25.920+0200","caller":"security/jwt.go:77","msg":"authenticating user: valerio.vaudi@gmail.com\n","component":"Jwt"}
{"level":"info","ts":"2026-05-09T23:38:25.920+0200","caller":"security/jwt.go:86","msg":"user valerio.vaudi@gmail.com has those authority [ROLE_BUDGET ROLE_USER FACTOR_PASSWORD]\n","component":"Jwt"}
{"level":"info","ts":"2026-05-09T23:38:25.920+0200","caller":"security/jwt.go:94","msg":"user valerio.vaudi@gmail.com has required authority: ROLE_USER","component":"Jwt"}
{"level":"info","ts":"2026-05-09T23:38:25.920+0200","caller":"security/jwt.go:102","msg":"authenticated user: valerio.vaudi@gmail.com\n","component":"Jwt"}
{"level":"info","ts":"2026-05-09T23:39:44.370+0200","caller":"security/jwt.go:77","msg":"authenticating user: valerio.vaudi@gmail.com\n","component":"Jwt"}
{"level":"info","ts":"2026-05-09T23:39:44.371+0200","caller":"security/jwt.go:86","msg":"user valerio.vaudi@gmail.com has those authority [ROLE_BUDGET ROLE_USER FACTOR_PASSWORD]\n","component":"Jwt"}
{"level":"info","ts":"2026-05-09T23:39:44.371+0200","caller":"security/jwt.go:94","msg":"user valerio.vaudi@gmail.com has required authority: ROLE_USER","component":"Jwt"}
{"level":"info","ts":"2026-05-09T23:39:44.371+0200","caller":"security/jwt.go:102","msg":"authenticated user: valerio.vaudi@gmail.com\n","component":"Jwt"}
{"level":"info","ts":"2026-05-09T23:39:44.598+0200","caller":"security/jwt.go:77","msg":"authenticating user: valerio.vaudi@gmail.com\n","component":"Jwt"}
{"level":"info","ts":"2026-05-09T23:39:44.598+0200","caller":"security/jwt.go:86","msg":"user valerio.vaudi@gmail.com has those authority [ROLE_BUDGET ROLE_USER FACTOR_PASSWORD]\n","component":"Jwt"}
{"level":"info","ts":"2026-05-09T23:39:44.598+0200","caller":"security/jwt.go:94","msg":"user valerio.vaudi@gmail.com has required authority: ROLE_USER","component":"Jwt"}
{"level":"info","ts":"2026-05-09T23:39:44.598+0200","caller":"security/jwt.go:102","msg":"authenticated user: valerio.vaudi@gmail.com\n","component":"Jwt"}
{"level":"info","ts":"2026-05-10T15:25:18.687+0200","caller":"server/web_server.go:161","msg":"shutdown signal received, draining connections","component":"WebServerProvisioner"}
{"level":"info","ts":"2026-05-10T15:25:18.688+0200","caller":"server/web_server.go:97","msg":"Server Shutdown has been started ....","component":"WebServerProvisioner"}
{"level":"info","ts":"2026-05-10T15:25:18.688+0200","caller":"server/web_server.go:98","msg":"There are 3 configurer to be disposed","component":"WebServerProvisioner"}
{"level":"info","ts":"2026-05-10T15:25:18.688+0200","caller":"otel/tracing_provider.go:54","msg":"Shutting down OTel TracerProvider","component":"OtelProvider"}
{"level":"info","ts":"2026-05-10T15:25:18.688+0200","caller":"otel/metric_provider.go:30","msg":"Shutting down OTel MeterProvider","component":"OtelProvider"}
{"level":"info","ts":"2026-05-10T15:25:18.691+0200","caller":"otel/log_provider.go:30","msg":"Shutting down OTel LoggerProvider","component":"OtelProvider"}
{"level":"info","ts":"2026-05-10T15:25:18.697+0200","caller":"server/web_server.go:108","msg":"Server Shutdown completed ....","component":"WebServerProvisioner"}
{"level":"info","ts":"2026-05-10T15:25:18.698+0200","caller":"server/web_server.go:97","msg":"Server Shutdown has been started ....","component":"WebServerProvisioner"}
{"level":"info","ts":"2026-05-10T15:25:18.698+0200","caller":"server/web_server.go:98","msg":"There are 0 configurer to be disposed","component":"WebServerProvisioner"}
{"level":"info","ts":"2026-05-10T15:25:18.698+0200","caller":"server/web_server.go:108","msg":"Server Shutdown completed ....","component":"WebServerProvisioner"}
{"level":"info","ts":"2026-05-10T16:16:23.604+0200","caller":"server/web_server.go:65","msg":"configuring otel","component":"WebServerProvisioner"}
{"level":"info","ts":"2026-05-10T16:16:23.604+0200","caller":"otel/tracing_provider.go:35","msg":"Setting up OTel TracerProvider: service=tag-api protocol=http endpoint=localhost:4318","component":"OtelProvider"}
{"level":"info","ts":"2026-05-10T16:16:23.604+0200","caller":"otel/metric_provider.go:16","msg":"Setting up OTel MeterProvider: service=tag-api protocol=http endpoint=localhost:4318","component":"OtelProvider"}
{"level":"info","ts":"2026-05-10T16:16:23.604+0200","caller":"otel/log_provider.go:16","msg":"Setting up OTel LoggerProvider: service=tag-api protocol=http endpoint=localhost:4318","component":"OtelProvider"}
{"level":"info","ts":"2026-05-10T16:16:23.605+0200","caller":"server/web_server.go:65","msg":"configuring standard-middleware","component":"WebServerProvisioner"}
{"level":"info","ts":"2026-05-10T16:16:23.605+0200","caller":"server/web_server.go:65","msg":"configuring oauth2","component":"WebServerProvisioner"}
{"level":"error","ts":"2026-05-10T16:16:33.606+0200","caller":"security/jwk.go:38","msg":"jwk: register \"http://local.api.vauthenticator.com:9090/oauth2/jwks\": failed to add resource to httprc.Client: context deadline exceeded","component":"Jwk"}
{"level":"error","ts":"2026-05-10T16:16:33.606+0200","caller":"security/jwt.go:26","msg":"oauth2 setup: jwk: register \"http://local.api.vauthenticator.com:9090/oauth2/jwks\": failed to add resource to httprc.Client: context deadline exceeded","component":"Jwt"}
{"level":"error","ts":"2026-05-10T16:16:33.606+0200","caller":"server/web_server.go:67","msg":"oauth2 configure failed: oauth2 setup: oauth2 setup: jwk: register \"http://local.api.vauthenticator.com:9090/oauth2/jwks\": failed to add resource to httprc.Client: context deadline exceeded","component":"WebServerProvisioner"}
{"level":"info","ts":"2026-05-10T16:16:33.606+0200","caller":"server/web_server.go:97","msg":"Server Shutdown has been started ....","component":"WebServerProvisioner"}
{"level":"info","ts":"2026-05-10T16:16:33.606+0200","caller":"server/web_server.go:98","msg":"There are 3 configurer to be disposed","component":"WebServerProvisioner"}
{"level":"info","ts":"2026-05-10T16:16:33.606+0200","caller":"otel/tracing_provider.go:54","msg":"Shutting down OTel TracerProvider","component":"OtelProvider"}
{"level":"info","ts":"2026-05-10T16:16:33.607+0200","caller":"otel/metric_provider.go:30","msg":"Shutting down OTel MeterProvider","component":"OtelProvider"}
{"level":"info","ts":"2026-05-10T16:16:33.610+0200","caller":"otel/log_provider.go:30","msg":"Shutting down OTel LoggerProvider","component":"OtelProvider"}
{"level":"info","ts":"2026-05-10T16:16:33.611+0200","caller":"server/web_server.go:108","msg":"Server Shutdown completed ....","component":"WebServerProvisioner"}
{"level":"info","ts":"2026-05-10T16:58:18.175+0200","caller":"server/web_server.go:65","msg":"configuring otel","component":"WebServerProvisioner"}
{"level":"info","ts":"2026-05-10T16:58:18.175+0200","caller":"otel/tracing_provider.go:35","msg":"Setting up OTel TracerProvider: service=tag-api protocol=http endpoint=localhost:4318","component":"OtelProvider"}
{"level":"info","ts":"2026-05-10T16:58:18.175+0200","caller":"otel/metric_provider.go:16","msg":"Setting up OTel MeterProvider: service=tag-api protocol=http endpoint=localhost:4318","component":"OtelProvider"}
{"level":"info","ts":"2026-05-10T16:58:18.175+0200","caller":"otel/log_provider.go:16","msg":"Setting up OTel LoggerProvider: service=tag-api protocol=http endpoint=localhost:4318","component":"OtelProvider"}
{"level":"info","ts":"2026-05-10T16:58:18.176+0200","caller":"server/web_server.go:65","msg":"configuring standard-middleware","component":"WebServerProvisioner"}
{"level":"info","ts":"2026-05-10T16:58:18.176+0200","caller":"server/web_server.go:65","msg":"configuring oauth2","component":"WebServerProvisioner"}
{"level":"info","ts":"2026-05-10T16:58:18.179+0200","caller":"security/jwt.go:30","msg":"OAuth2 middleware set up with role: ROLE_USER","component":"Jwt"}
{"level":"info","ts":"2026-05-10T16:58:18.179+0200","caller":"dynamodb/repository.go:38","msg":"Using AWS DynamoDB service without local endpoint","component":"dynamodb.TagDynamoDBRepository"}
{"level":"info","ts":"2026-05-10T16:58:18.179+0200","caller":"server/web_server.go:142","msg":"listening on 0.0.0.0:8000","component":"WebServerProvisioner"}
{"level":"info","ts":"2026-05-10T17:05:47.534+0200","caller":"security/jwt.go:77","msg":"authenticating user: valerio.vaudi@gmail.com\n","component":"Jwt"}
{"level":"info","ts":"2026-05-10T17:05:47.535+0200","caller":"security/jwt.go:86","msg":"user valerio.vaudi@gmail.com has those authority [ROLE_BUDGET ROLE_USER FACTOR_PASSWORD]\n","component":"Jwt"}
{"level":"info","ts":"2026-05-10T17:05:47.535+0200","caller":"security/jwt.go:94","msg":"user valerio.vaudi@gmail.com has required authority: ROLE_USER","component":"Jwt"}
{"level":"info","ts":"2026-05-10T17:05:47.535+0200","caller":"security/jwt.go:102","msg":"authenticated user: valerio.vaudi@gmail.com\n","component":"Jwt"}
{"level":"info","ts":"2026-05-10T17:05:47.704+0200","caller":"security/jwt.go:77","msg":"authenticating user: valerio.vaudi@gmail.com\n","component":"Jwt"}
{"level":"info","ts":"2026-05-10T17:05:47.704+0200","caller":"security/jwt.go:86","msg":"user valerio.vaudi@gmail.com has those authority [ROLE_BUDGET ROLE_USER FACTOR_PASSWORD]\n","component":"Jwt"}
{"level":"info","ts":"2026-05-10T17:05:47.704+0200","caller":"security/jwt.go:94","msg":"user valerio.vaudi@gmail.com has required authority: ROLE_USER","component":"Jwt"}
{"level":"info","ts":"2026-05-10T17:05:47.704+0200","caller":"security/jwt.go:102","msg":"authenticated user: valerio.vaudi@gmail.com\n","component":"Jwt"}
{"level":"info","ts":"2026-05-10T17:05:47.965+0200","caller":"security/jwt.go:77","msg":"authenticating user: valerio.vaudi@gmail.com\n","component":"Jwt"}
{"level":"info","ts":"2026-05-10T17:05:47.965+0200","caller":"security/jwt.go:86","msg":"user valerio.vaudi@gmail.com has those authority [ROLE_BUDGET ROLE_USER FACTOR_PASSWORD]\n","component":"Jwt"}
{"level":"info","ts":"2026-05-10T17:05:47.965+0200","caller":"security/jwt.go:94","msg":"user valerio.vaudi@gmail.com has required authority: ROLE_USER","component":"Jwt"}
{"level":"info","ts":"2026-05-10T17:05:47.965+0200","caller":"security/jwt.go:102","msg":"authenticated user: valerio.vaudi@gmail.com\n","component":"Jwt"}
{"level":"info","ts":"2026-05-13T18:23:29.010+0200","caller":"server/web_server.go:65","msg":"configuring otel","component":"WebServerProvisioner"}
{"level":"info","ts":"2026-05-13T18:23:29.010+0200","caller":"otel/tracing_provider.go:35","msg":"Setting up OTel TracerProvider: service=tag-api protocol=http endpoint=localhost:4318","component":"OtelProvider"}
{"level":"info","ts":"2026-05-13T18:23:29.010+0200","caller":"otel/metric_provider.go:16","msg":"Setting up OTel MeterProvider: service=tag-api protocol=http endpoint=localhost:4318","component":"OtelProvider"}
{"level":"info","ts":"2026-05-13T18:23:29.010+0200","caller":"otel/log_provider.go:16","msg":"Setting up OTel LoggerProvider: service=tag-api protocol=http endpoint=localhost:4318","component":"OtelProvider"}
{"level":"info","ts":"2026-05-13T18:23:29.011+0200","caller":"server/web_server.go:65","msg":"configuring standard-middleware","component":"WebServerProvisioner"}
{"level":"info","ts":"2026-05-13T18:23:29.011+0200","caller":"server/web_server.go:65","msg":"configuring oauth2","component":"WebServerProvisioner"}
{"level":"info","ts":"2026-05-13T18:23:29.016+0200","caller":"security/jwt.go:30","msg":"OAuth2 middleware set up with role: ROLE_USER","component":"Jwt"}
{"level":"info","ts":"2026-05-13T18:23:29.016+0200","caller":"dynamodb/repository.go:38","msg":"Using AWS DynamoDB service without local endpoint","component":"dynamodb.TagDynamoDBRepository"}
{"level":"info","ts":"2026-05-13T18:23:29.016+0200","caller":"server/web_server.go:142","msg":"listening on 0.0.0.0:8000","component":"WebServerProvisioner"}
{"level":"info","ts":"2026-05-13T18:23:53.204+0200","caller":"security/jwt.go:77","msg":"authenticating user: valerio.vaudi@gmail.com\n","component":"Jwt"}
{"level":"info","ts":"2026-05-13T18:23:53.205+0200","caller":"security/jwt.go:86","msg":"user valerio.vaudi@gmail.com has those authority [ROLE_BUDGET ROLE_USER FACTOR_PASSWORD]\n","component":"Jwt"}
{"level":"info","ts":"2026-05-13T18:23:53.205+0200","caller":"security/jwt.go:94","msg":"user valerio.vaudi@gmail.com has required authority: ROLE_USER","component":"Jwt"}
{"level":"info","ts":"2026-05-13T18:23:53.206+0200","caller":"security/jwt.go:102","msg":"authenticated user: valerio.vaudi@gmail.com\n","component":"Jwt"}
{"level":"info","ts":"2026-05-13T18:23:53.364+0200","caller":"security/jwt.go:77","msg":"authenticating user: valerio.vaudi@gmail.com\n","component":"Jwt"}
{"level":"info","ts":"2026-05-13T18:23:53.364+0200","caller":"security/jwt.go:86","msg":"user valerio.vaudi@gmail.com has those authority [ROLE_BUDGET ROLE_USER FACTOR_PASSWORD]\n","component":"Jwt"}
{"level":"info","ts":"2026-05-13T18:23:53.364+0200","caller":"security/jwt.go:94","msg":"user valerio.vaudi@gmail.com has required authority: ROLE_USER","component":"Jwt"}
{"level":"info","ts":"2026-05-13T18:23:53.364+0200","caller":"security/jwt.go:102","msg":"authenticated user: valerio.vaudi@gmail.com\n","component":"Jwt"}
{"level":"info","ts":"2026-05-13T18:23:53.601+0200","caller":"security/jwt.go:77","msg":"authenticating user: valerio.vaudi@gmail.com\n","component":"Jwt"}
{"level":"info","ts":"2026-05-13T18:23:53.601+0200","caller":"security/jwt.go:86","msg":"user valerio.vaudi@gmail.com has those authority [ROLE_BUDGET ROLE_USER FACTOR_PASSWORD]\n","component":"Jwt"}
{"level":"info","ts":"2026-05-13T18:23:53.601+0200","caller":"security/jwt.go:94","msg":"user valerio.vaudi@gmail.com has required authority: ROLE_USER","component":"Jwt"}
{"level":"info","ts":"2026-05-13T18:23:53.601+0200","caller":"security/jwt.go:102","msg":"authenticated user: valerio.vaudi@gmail.com\n","component":"Jwt"}
{"level":"info","ts":"2026-05-13T18:25:06.532+0200","caller":"security/jwt.go:77","msg":"authenticating user: valerio.vaudi@gmail.com\n","component":"Jwt"}
{"level":"info","ts":"2026-05-13T18:25:06.533+0200","caller":"security/jwt.go:86","msg":"user valerio.vaudi@gmail.com has those authority [ROLE_BUDGET ROLE_USER FACTOR_PASSWORD]\n","component":"Jwt"}
{"level":"info","ts":"2026-05-13T18:25:06.533+0200","caller":"security/jwt.go:94","msg":"user valerio.vaudi@gmail.com has required authority: ROLE_USER","component":"Jwt"}
{"level":"info","ts":"2026-05-13T18:25:06.533+0200","caller":"security/jwt.go:102","msg":"authenticated user: valerio.vaudi@gmail.com\n","component":"Jwt"}
{"level":"info","ts":"2026-05-13T18:25:07.392+0200","caller":"security/jwt.go:77","msg":"authenticating user: valerio.vaudi@gmail.com\n","component":"Jwt"}
{"level":"info","ts":"2026-05-13T18:25:07.392+0200","caller":"security/jwt.go:86","msg":"user valerio.vaudi@gmail.com has those authority [ROLE_BUDGET ROLE_USER FACTOR_PASSWORD]\n","component":"Jwt"}
{"level":"info","ts":"2026-05-13T18:25:07.392+0200","caller":"security/jwt.go:94","msg":"user valerio.vaudi@gmail.com has required authority: ROLE_USER","component":"Jwt"}
{"level":"info","ts":"2026-05-13T18:25:07.392+0200","caller":"security/jwt.go:102","msg":"authenticated user: valerio.vaudi@gmail.com\n","component":"Jwt"}
{"level":"info","ts":"2026-05-13T18:26:22.665+0200","caller":"security/jwt.go:77","msg":"authenticating user: valerio.vaudi@gmail.com\n","component":"Jwt"}
{"level":"info","ts":"2026-05-13T18:26:22.665+0200","caller":"security/jwt.go:86","msg":"user valerio.vaudi@gmail.com has those authority [ROLE_BUDGET ROLE_USER FACTOR_PASSWORD]\n","component":"Jwt"}
{"level":"info","ts":"2026-05-13T18:26:22.665+0200","caller":"security/jwt.go:94","msg":"user valerio.vaudi@gmail.com has required authority: ROLE_USER","component":"Jwt"}
{"level":"info","ts":"2026-05-13T18:26:22.665+0200","caller":"security/jwt.go:102","msg":"authenticated user: valerio.vaudi@gmail.com\n","component":"Jwt"}
{"level":"info","ts":"2026-05-13T18:26:23.276+0200","caller":"security/jwt.go:77","msg":"authenticating user: valerio.vaudi@gmail.com\n","component":"Jwt"}
{"level":"info","ts":"2026-05-13T18:26:23.276+0200","caller":"security/jwt.go:86","msg":"user valerio.vaudi@gmail.com has those authority [ROLE_BUDGET ROLE_USER FACTOR_PASSWORD]\n","component":"Jwt"}
{"level":"info","ts":"2026-05-13T18:26:23.277+0200","caller":"security/jwt.go:94","msg":"user valerio.vaudi@gmail.com has required authority: ROLE_USER","component":"Jwt"}
{"level":"info","ts":"2026-05-13T18:26:23.277+0200","caller":"security/jwt.go:102","msg":"authenticated user: valerio.vaudi@gmail.com\n","component":"Jwt"}
{"level":"info","ts":"2026-05-13T18:27:38.170+0200","caller":"security/jwt.go:77","msg":"authenticating user: valerio.vaudi@gmail.com\n","component":"Jwt"}
{"level":"info","ts":"2026-05-13T18:27:38.170+0200","caller":"security/jwt.go:86","msg":"user valerio.vaudi@gmail.com has those authority [ROLE_BUDGET ROLE_USER FACTOR_PASSWORD]\n","component":"Jwt"}
{"level":"info","ts":"2026-05-13T18:27:38.170+0200","caller":"security/jwt.go:94","msg":"user valerio.vaudi@gmail.com has required authority: ROLE_USER","component":"Jwt"}
{"level":"info","ts":"2026-05-13T18:27:38.170+0200","caller":"security/jwt.go:102","msg":"authenticated user: valerio.vaudi@gmail.com\n","component":"Jwt"}
{"level":"info","ts":"2026-05-13T18:27:38.411+0200","caller":"security/jwt.go:77","msg":"authenticating user: valerio.vaudi@gmail.com\n","component":"Jwt"}
{"level":"info","ts":"2026-05-13T18:27:38.411+0200","caller":"security/jwt.go:86","msg":"user valerio.vaudi@gmail.com has those authority [ROLE_BUDGET ROLE_USER FACTOR_PASSWORD]\n","component":"Jwt"}
{"level":"info","ts":"2026-05-13T18:27:38.411+0200","caller":"security/jwt.go:94","msg":"user valerio.vaudi@gmail.com has required authority: ROLE_USER","component":"Jwt"}
{"level":"info","ts":"2026-05-13T18:27:38.411+0200","caller":"security/jwt.go:102","msg":"authenticated user: valerio.vaudi@gmail.com\n","component":"Jwt"}
{"level":"info","ts":"2026-05-13T18:29:50.863+0200","caller":"security/jwt.go:77","msg":"authenticating user: valerio.vaudi@gmail.com\n","component":"Jwt"}
{"level":"info","ts":"2026-05-13T18:29:50.863+0200","caller":"security/jwt.go:86","msg":"user valerio.vaudi@gmail.com has those authority [ROLE_BUDGET ROLE_USER FACTOR_PASSWORD]\n","component":"Jwt"}
{"level":"info","ts":"2026-05-13T18:29:50.863+0200","caller":"security/jwt.go:94","msg":"user valerio.vaudi@gmail.com has required authority: ROLE_USER","component":"Jwt"}
{"level":"info","ts":"2026-05-13T18:29:50.863+0200","caller":"security/jwt.go:102","msg":"authenticated user: valerio.vaudi@gmail.com\n","component":"Jwt"}
{"level":"info","ts":"2026-05-13T18:29:51.164+0200","caller":"security/jwt.go:77","msg":"authenticating user: valerio.vaudi@gmail.com\n","component":"Jwt"}
{"level":"info","ts":"2026-05-13T18:29:51.165+0200","caller":"security/jwt.go:86","msg":"user valerio.vaudi@gmail.com has those authority [ROLE_BUDGET ROLE_USER FACTOR_PASSWORD]\n","component":"Jwt"}
{"level":"info","ts":"2026-05-13T18:29:51.165+0200","caller":"security/jwt.go:94","msg":"user valerio.vaudi@gmail.com has required authority: ROLE_USER","component":"Jwt"}
{"level":"info","ts":"2026-05-13T18:29:51.165+0200","caller":"security/jwt.go:102","msg":"authenticated user: valerio.vaudi@gmail.com\n","component":"Jwt"}
{"level":"info","ts":"2026-05-13T18:31:18.414+0200","caller":"security/jwt.go:77","msg":"authenticating user: valerio.vaudi@gmail.com\n","component":"Jwt"}
{"level":"info","ts":"2026-05-13T18:31:18.415+0200","caller":"security/jwt.go:86","msg":"user valerio.vaudi@gmail.com has those authority [ROLE_BUDGET ROLE_USER FACTOR_PASSWORD]\n","component":"Jwt"}
{"level":"info","ts":"2026-05-13T18:31:18.415+0200","caller":"security/jwt.go:94","msg":"user valerio.vaudi@gmail.com has required authority: ROLE_USER","component":"Jwt"}
{"level":"info","ts":"2026-05-13T18:31:18.415+0200","caller":"security/jwt.go:102","msg":"authenticated user: valerio.vaudi@gmail.com\n","component":"Jwt"}
{"level":"info","ts":"2026-05-13T18:31:18.654+0200","caller":"security/jwt.go:77","msg":"authenticating user: valerio.vaudi@gmail.com\n","component":"Jwt"}
{"level":"info","ts":"2026-05-13T18:31:18.654+0200","caller":"security/jwt.go:86","msg":"user valerio.vaudi@gmail.com has those authority [ROLE_BUDGET ROLE_USER FACTOR_PASSWORD]\n","component":"Jwt"}
{"level":"info","ts":"2026-05-13T18:31:18.654+0200","caller":"security/jwt.go:94","msg":"user valerio.vaudi@gmail.com has required authority: ROLE_USER","component":"Jwt"}
{"level":"info","ts":"2026-05-13T18:31:18.654+0200","caller":"security/jwt.go:102","msg":"authenticated user: valerio.vaudi@gmail.com\n","component":"Jwt"}
{"level":"info","ts":"2026-05-20T22:15:59.692+0200","caller":"server/web_server.go:65","msg":"configuring otel","component":"WebServerProvisioner"}
{"level":"info","ts":"2026-05-20T22:15:59.693+0200","caller":"otel/tracing_provider.go:35","msg":"Setting up OTel TracerProvider: service=tag-api protocol=http endpoint=localhost:4318","component":"OtelProvider"}
{"level":"info","ts":"2026-05-20T22:15:59.693+0200","caller":"otel/metric_provider.go:16","msg":"Setting up OTel MeterProvider: service=tag-api protocol=http endpoint=localhost:4318","component":"OtelProvider"}
{"level":"info","ts":"2026-05-20T22:15:59.693+0200","caller":"otel/log_provider.go:16","msg":"Setting up OTel LoggerProvider: service=tag-api protocol=http endpoint=localhost:4318","component":"OtelProvider"}
{"level":"info","ts":"2026-05-20T22:15:59.693+0200","caller":"server/web_server.go:65","msg":"configuring standard-middleware","component":"WebServerProvisioner"}
{"level":"info","ts":"2026-05-20T22:15:59.694+0200","caller":"server/web_server.go:65","msg":"configuring oauth2","component":"WebServerProvisioner"}
{"level":"info","ts":"2026-05-20T22:15:59.701+0200","caller":"security/jwt.go:30","msg":"OAuth2 middleware set up with role: ROLE_USER","component":"Jwt"}
{"level":"info","ts":"2026-05-20T22:15:59.701+0200","caller":"dynamodb/repository.go:38","msg":"Using AWS DynamoDB service without local endpoint","component":"dynamodb.TagDynamoDBRepository"}
{"level":"info","ts":"2026-05-20T22:15:59.701+0200","caller":"server/web_server.go:142","msg":"listening on 0.0.0.0:8000","component":"WebServerProvisioner"}
{"level":"info","ts":"2026-05-20T22:18:16.145+0200","caller":"security/jwt.go:77","msg":"authenticating user: valerio.vaudi@gmail.com\n","component":"Jwt"}
{"level":"info","ts":"2026-05-20T22:18:16.148+0200","caller":"security/jwt.go:86","msg":"user valerio.vaudi@gmail.com has those authority [ROLE_BUDGET ROLE_USER FACTOR_PASSWORD]\n","component":"Jwt"}
{"level":"info","ts":"2026-05-20T22:18:16.148+0200","caller":"security/jwt.go:94","msg":"user valerio.vaudi@gmail.com has required authority: ROLE_USER","component":"Jwt"}
{"level":"info","ts":"2026-05-20T22:18:16.148+0200","caller":"security/jwt.go:102","msg":"authenticated user: valerio.vaudi@gmail.com\n","component":"Jwt"}
{"level":"info","ts":"2026-05-20T22:18:16.306+0200","caller":"security/jwt.go:77","msg":"authenticating user: valerio.vaudi@gmail.com\n","component":"Jwt"}
{"level":"info","ts":"2026-05-20T22:18:16.306+0200","caller":"security/jwt.go:86","msg":"user valerio.vaudi@gmail.com has those authority [ROLE_BUDGET ROLE_USER FACTOR_PASSWORD]\n","component":"Jwt"}
{"level":"info","ts":"2026-05-20T22:18:16.306+0200","caller":"security/jwt.go:94","msg":"user valerio.vaudi@gmail.com has required authority: ROLE_USER","component":"Jwt"}
{"level":"info","ts":"2026-05-20T22:18:16.306+0200","caller":"security/jwt.go:102","msg":"authenticated user: valerio.vaudi@gmail.com\n","component":"Jwt"}
{"level":"info","ts":"2026-05-20T22:18:16.549+0200","caller":"security/jwt.go:77","msg":"authenticating user: valerio.vaudi@gmail.com\n","component":"Jwt"}
{"level":"info","ts":"2026-05-20T22:18:16.549+0200","caller":"security/jwt.go:86","msg":"user valerio.vaudi@gmail.com has those authority [ROLE_BUDGET ROLE_USER FACTOR_PASSWORD]\n","component":"Jwt"}
{"level":"info","ts":"2026-05-20T22:18:16.549+0200","caller":"security/jwt.go:94","msg":"user valerio.vaudi@gmail.com has required authority: ROLE_USER","component":"Jwt"}
{"level":"info","ts":"2026-05-20T22:18:16.549+0200","caller":"security/jwt.go:102","msg":"authenticated user: valerio.vaudi@gmail.com\n","component":"Jwt"}
{"level":"info","ts":"2026-05-20T22:19:32.699+0200","caller":"security/jwt.go:77","msg":"authenticating user: valerio.vaudi@gmail.com\n","component":"Jwt"}
{"level":"info","ts":"2026-05-20T22:19:32.699+0200","caller":"security/jwt.go:86","msg":"user valerio.vaudi@gmail.com has those authority [ROLE_BUDGET ROLE_USER FACTOR_PASSWORD]\n","component":"Jwt"}
{"level":"info","ts":"2026-05-20T22:19:32.699+0200","caller":"security/jwt.go:94","msg":"user valerio.vaudi@gmail.com has required authority: ROLE_USER","component":"Jwt"}
{"level":"info","ts":"2026-05-20T22:19:32.699+0200","caller":"security/jwt.go:102","msg":"authenticated user: valerio.vaudi@gmail.com\n","component":"Jwt"}
{"level":"info","ts":"2026-05-20T22:19:32.931+0200","caller":"security/jwt.go:77","msg":"authenticating user: valerio.vaudi@gmail.com\n","component":"Jwt"}
{"level":"info","ts":"2026-05-20T22:19:32.931+0200","caller":"security/jwt.go:86","msg":"user valerio.vaudi@gmail.com has those authority [ROLE_BUDGET ROLE_USER FACTOR_PASSWORD]\n","component":"Jwt"}
{"level":"info","ts":"2026-05-20T22:19:32.931+0200","caller":"security/jwt.go:94","msg":"user valerio.vaudi@gmail.com has required authority: ROLE_USER","component":"Jwt"}
{"level":"info","ts":"2026-05-20T22:19:32.931+0200","caller":"security/jwt.go:102","msg":"authenticated user: valerio.vaudi@gmail.com\n","component":"Jwt"}
{"level":"info","ts":"2026-05-20T22:20:49.003+0200","caller":"security/jwt.go:77","msg":"authenticating user: valerio.vaudi@gmail.com\n","component":"Jwt"}
{"level":"info","ts":"2026-05-20T22:20:49.003+0200","caller":"security/jwt.go:86","msg":"user valerio.vaudi@gmail.com has those authority [ROLE_BUDGET ROLE_USER FACTOR_PASSWORD]\n","component":"Jwt"}
{"level":"info","ts":"2026-05-20T22:20:49.003+0200","caller":"security/jwt.go:94","msg":"user valerio.vaudi@gmail.com has required authority: ROLE_USER","component":"Jwt"}
{"level":"info","ts":"2026-05-20T22:20:49.003+0200","caller":"security/jwt.go:102","msg":"authenticated user: valerio.vaudi@gmail.com\n","component":"Jwt"}
{"level":"info","ts":"2026-05-20T22:20:49.232+0200","caller":"security/jwt.go:77","msg":"authenticating user: valerio.vaudi@gmail.com\n","component":"Jwt"}
{"level":"info","ts":"2026-05-20T22:20:49.232+0200","caller":"security/jwt.go:86","msg":"user valerio.vaudi@gmail.com has those authority [ROLE_BUDGET ROLE_USER FACTOR_PASSWORD]\n","component":"Jwt"}
{"level":"info","ts":"2026-05-20T22:20:49.232+0200","caller":"security/jwt.go:94","msg":"user valerio.vaudi@gmail.com has required authority: ROLE_USER","component":"Jwt"}
{"level":"info","ts":"2026-05-20T22:20:49.232+0200","caller":"security/jwt.go:102","msg":"authenticated user: valerio.vaudi@gmail.com\n","component":"Jwt"}
{"level":"info","ts":"2026-05-20T22:22:28.126+0200","caller":"security/jwt.go:77","msg":"authenticating user: valerio.vaudi@gmail.com\n","component":"Jwt"}
{"level":"info","ts":"2026-05-20T22:22:28.126+0200","caller":"security/jwt.go:86","msg":"user valerio.vaudi@gmail.com has those authority [ROLE_BUDGET ROLE_USER FACTOR_PASSWORD]\n","component":"Jwt"}
{"level":"info","ts":"2026-05-20T22:22:28.126+0200","caller":"security/jwt.go:94","msg":"user valerio.vaudi@gmail.com has required authority: ROLE_USER","component":"Jwt"}
{"level":"info","ts":"2026-05-20T22:22:28.126+0200","caller":"security/jwt.go:102","msg":"authenticated user: valerio.vaudi@gmail.com\n","component":"Jwt"}
{"level":"info","ts":"2026-05-20T22:22:28.419+0200","caller":"security/jwt.go:77","msg":"authenticating user: valerio.vaudi@gmail.com\n","component":"Jwt"}
{"level":"info","ts":"2026-05-20T22:22:28.419+0200","caller":"security/jwt.go:86","msg":"user valerio.vaudi@gmail.com has those authority [ROLE_BUDGET ROLE_USER FACTOR_PASSWORD]\n","component":"Jwt"}
{"level":"info","ts":"2026-05-20T22:22:28.419+0200","caller":"security/jwt.go:94","msg":"user valerio.vaudi@gmail.com has required authority: ROLE_USER","component":"Jwt"}
{"level":"info","ts":"2026-05-20T22:22:28.419+0200","caller":"security/jwt.go:102","msg":"authenticated user: valerio.vaudi@gmail.com\n","component":"Jwt"}
{"level":"info","ts":"2026-05-20T22:23:38.905+0200","caller":"security/jwt.go:77","msg":"authenticating user: valerio.vaudi@gmail.com\n","component":"Jwt"}
{"level":"info","ts":"2026-05-20T22:23:38.905+0200","caller":"security/jwt.go:86","msg":"user valerio.vaudi@gmail.com has those authority [ROLE_BUDGET ROLE_USER FACTOR_PASSWORD]\n","component":"Jwt"}
{"level":"info","ts":"2026-05-20T22:23:38.906+0200","caller":"security/jwt.go:94","msg":"user valerio.vaudi@gmail.com has required authority: ROLE_USER","component":"Jwt"}
{"level":"info","ts":"2026-05-20T22:23:38.906+0200","caller":"security/jwt.go:102","msg":"authenticated user: valerio.vaudi@gmail.com\n","component":"Jwt"}
{"level":"info","ts":"2026-05-20T22:23:39.139+0200","caller":"security/jwt.go:77","msg":"authenticating user: valerio.vaudi@gmail.com\n","component":"Jwt"}
{"level":"info","ts":"2026-05-20T22:23:39.139+0200","caller":"security/jwt.go:86","msg":"user valerio.vaudi@gmail.com has those authority [ROLE_BUDGET ROLE_USER FACTOR_PASSWORD]\n","component":"Jwt"}
{"level":"info","ts":"2026-05-20T22:23:39.139+0200","caller":"security/jwt.go:94","msg":"user valerio.vaudi@gmail.com has required authority: ROLE_USER","component":"Jwt"}
{"level":"info","ts":"2026-05-20T22:23:39.139+0200","caller":"security/jwt.go:102","msg":"authenticated user: valerio.vaudi@gmail.com\n","component":"Jwt"}
{"level":"info","ts":"2026-05-20T22:25:15.218+0200","caller":"security/jwt.go:77","msg":"authenticating user: valerio.vaudi@gmail.com\n","component":"Jwt"}
{"level":"info","ts":"2026-05-20T22:25:15.218+0200","caller":"security/jwt.go:86","msg":"user valerio.vaudi@gmail.com has those authority [ROLE_BUDGET ROLE_USER FACTOR_PASSWORD]\n","component":"Jwt"}
{"level":"info","ts":"2026-05-20T22:25:15.218+0200","caller":"security/jwt.go:94","msg":"user valerio.vaudi@gmail.com has required authority: ROLE_USER","component":"Jwt"}
{"level":"info","ts":"2026-05-20T22:25:15.218+0200","caller":"security/jwt.go:102","msg":"authenticated user: valerio.vaudi@gmail.com\n","component":"Jwt"}
{"level":"info","ts":"2026-05-20T22:25:16.405+0200","caller":"security/jwt.go:77","msg":"authenticating user: valerio.vaudi@gmail.com\n","component":"Jwt"}
{"level":"info","ts":"2026-05-20T22:25:16.405+0200","caller":"security/jwt.go:86","msg":"user valerio.vaudi@gmail.com has those authority [ROLE_BUDGET ROLE_USER FACTOR_PASSWORD]\n","component":"Jwt"}
{"level":"info","ts":"2026-05-20T22:25:16.405+0200","caller":"security/jwt.go:94","msg":"user valerio.vaudi@gmail.com has required authority: ROLE_USER","component":"Jwt"}
{"level":"info","ts":"2026-05-20T22:25:16.405+0200","caller":"security/jwt.go:102","msg":"authenticated user: valerio.vaudi@gmail.com\n","component":"Jwt"}
{"level":"info","ts":"2026-05-20T22:26:20.086+0200","caller":"security/jwt.go:77","msg":"authenticating user: valerio.vaudi@gmail.com\n","component":"Jwt"}
{"level":"info","ts":"2026-05-20T22:26:20.086+0200","caller":"security/jwt.go:86","msg":"user valerio.vaudi@gmail.com has those authority [ROLE_BUDGET ROLE_USER FACTOR_PASSWORD]\n","component":"Jwt"}
{"level":"info","ts":"2026-05-20T22:26:20.086+0200","caller":"security/jwt.go:94","msg":"user valerio.vaudi@gmail.com has required authority: ROLE_USER","component":"Jwt"}
{"level":"info","ts":"2026-05-20T22:26:20.086+0200","caller":"security/jwt.go:102","msg":"authenticated user: valerio.vaudi@gmail.com\n","component":"Jwt"}
{"level":"info","ts":"2026-05-20T22:26:20.623+0200","caller":"security/jwt.go:77","msg":"authenticating user: valerio.vaudi@gmail.com\n","component":"Jwt"}
{"level":"info","ts":"2026-05-20T22:26:20.623+0200","caller":"security/jwt.go:86","msg":"user valerio.vaudi@gmail.com has those authority [ROLE_BUDGET ROLE_USER FACTOR_PASSWORD]\n","component":"Jwt"}
{"level":"info","ts":"2026-05-20T22:26:20.623+0200","caller":"security/jwt.go:94","msg":"user valerio.vaudi@gmail.com has required authority: ROLE_USER","component":"Jwt"}
{"level":"info","ts":"2026-05-20T22:26:20.623+0200","caller":"security/jwt.go:102","msg":"authenticated user: valerio.vaudi@gmail.com\n","component":"Jwt"}
{"level":"info","ts":"2026-05-20T22:28:04.740+0200","caller":"security/jwt.go:77","msg":"authenticating user: valerio.vaudi@gmail.com\n","component":"Jwt"}
{"level":"info","ts":"2026-05-20T22:28:04.740+0200","caller":"security/jwt.go:86","msg":"user valerio.vaudi@gmail.com has those authority [ROLE_BUDGET ROLE_USER FACTOR_PASSWORD]\n","component":"Jwt"}
{"level":"info","ts":"2026-05-20T22:28:04.740+0200","caller":"security/jwt.go:94","msg":"user valerio.vaudi@gmail.com has required authority: ROLE_USER","component":"Jwt"}
{"level":"info","ts":"2026-05-20T22:28:04.740+0200","caller":"security/jwt.go:102","msg":"authenticated user: valerio.vaudi@gmail.com\n","component":"Jwt"}
{"level":"info","ts":"2026-05-20T22:28:05.051+0200","caller":"security/jwt.go:77","msg":"authenticating user: valerio.vaudi@gmail.com\n","component":"Jwt"}
{"level":"info","ts":"2026-05-20T22:28:05.052+0200","caller":"security/jwt.go:86","msg":"user valerio.vaudi@gmail.com has those authority [ROLE_BUDGET ROLE_USER FACTOR_PASSWORD]\n","component":"Jwt"}
{"level":"info","ts":"2026-05-20T22:28:05.052+0200","caller":"security/jwt.go:94","msg":"user valerio.vaudi@gmail.com has required authority: ROLE_USER","component":"Jwt"}
{"level":"info","ts":"2026-05-20T22:28:05.052+0200","caller":"security/jwt.go:102","msg":"authenticated user: valerio.vaudi@gmail.com\n","component":"Jwt"}
{"level":"info","ts":"2026-05-20T22:29:33.219+0200","caller":"security/jwt.go:77","msg":"authenticating user: valerio.vaudi@gmail.com\n","component":"Jwt"}
{"level":"info","ts":"2026-05-20T22:29:33.219+0200","caller":"security/jwt.go:86","msg":"user valerio.vaudi@gmail.com has those authority [ROLE_BUDGET ROLE_USER FACTOR_PASSWORD]\n","component":"Jwt"}
{"level":"info","ts":"2026-05-20T22:29:33.219+0200","caller":"security/jwt.go:94","msg":"user valerio.vaudi@gmail.com has required authority: ROLE_USER","component":"Jwt"}
{"level":"info","ts":"2026-05-20T22:29:33.219+0200","caller":"security/jwt.go:102","msg":"authenticated user: valerio.vaudi@gmail.com\n","component":"Jwt"}
{"level":"info","ts":"2026-05-20T22:29:33.639+0200","caller":"security/jwt.go:77","msg":"authenticating user: valerio.vaudi@gmail.com\n","component":"Jwt"}
{"level":"info","ts":"2026-05-20T22:29:33.639+0200","caller":"security/jwt.go:86","msg":"user valerio.vaudi@gmail.com has those authority [ROLE_BUDGET ROLE_USER FACTOR_PASSWORD]\n","component":"Jwt"}
{"level":"info","ts":"2026-05-20T22:29:33.639+0200","caller":"security/jwt.go:94","msg":"user valerio.vaudi@gmail.com has required authority: ROLE_USER","component":"Jwt"}
{"level":"info","ts":"2026-05-20T22:29:33.639+0200","caller":"security/jwt.go:102","msg":"authenticated user: valerio.vaudi@gmail.com\n","component":"Jwt"}
{"level":"info","ts":"2026-05-20T22:31:09.778+0200","caller":"security/jwt.go:77","msg":"authenticating user: valerio.vaudi@gmail.com\n","component":"Jwt"}
{"level":"info","ts":"2026-05-20T22:31:09.778+0200","caller":"security/jwt.go:86","msg":"user valerio.vaudi@gmail.com has those authority [ROLE_BUDGET ROLE_USER FACTOR_PASSWORD]\n","component":"Jwt"}
{"level":"info","ts":"2026-05-20T22:31:09.778+0200","caller":"security/jwt.go:94","msg":"user valerio.vaudi@gmail.com has required authority: ROLE_USER","component":"Jwt"}
{"level":"info","ts":"2026-05-20T22:31:09.778+0200","caller":"security/jwt.go:102","msg":"authenticated user: valerio.vaudi@gmail.com\n","component":"Jwt"}
{"level":"info","ts":"2026-05-20T22:31:10.088+0200","caller":"security/jwt.go:77","msg":"authenticating user: valerio.vaudi@gmail.com\n","component":"Jwt"}
{"level":"info","ts":"2026-05-20T22:31:10.088+0200","caller":"security/jwt.go:86","msg":"user valerio.vaudi@gmail.com has those authority [ROLE_BUDGET ROLE_USER FACTOR_PASSWORD]\n","component":"Jwt"}
{"level":"info","ts":"2026-05-20T22:31:10.088+0200","caller":"security/jwt.go:94","msg":"user valerio.vaudi@gmail.com has required authority: ROLE_USER","component":"Jwt"}
{"level":"info","ts":"2026-05-20T22:31:10.088+0200","caller":"security/jwt.go:102","msg":"authenticated user: valerio.vaudi@gmail.com\n","component":"Jwt"}
{"level":"info","ts":"2026-05-20T22:32:11.350+0200","caller":"security/jwt.go:77","msg":"authenticating user: valerio.vaudi@gmail.com\n","component":"Jwt"}
{"level":"info","ts":"2026-05-20T22:32:11.351+0200","caller":"security/jwt.go:86","msg":"user valerio.vaudi@gmail.com has those authority [ROLE_BUDGET ROLE_USER FACTOR_PASSWORD]\n","component":"Jwt"}
{"level":"info","ts":"2026-05-20T22:32:11.351+0200","caller":"security/jwt.go:94","msg":"user valerio.vaudi@gmail.com has required authority: ROLE_USER","component":"Jwt"}
{"level":"info","ts":"2026-05-20T22:32:11.351+0200","caller":"security/jwt.go:102","msg":"authenticated user: valerio.vaudi@gmail.com\n","component":"Jwt"}
{"level":"info","ts":"2026-05-20T22:32:11.649+0200","caller":"security/jwt.go:77","msg":"authenticating user: valerio.vaudi@gmail.com\n","component":"Jwt"}
{"level":"info","ts":"2026-05-20T22:32:11.650+0200","caller":"security/jwt.go:86","msg":"user valerio.vaudi@gmail.com has those authority [ROLE_BUDGET ROLE_USER FACTOR_PASSWORD]\n","component":"Jwt"}
{"level":"info","ts":"2026-05-20T22:32:11.650+0200","caller":"security/jwt.go:94","msg":"user valerio.vaudi@gmail.com has required authority: ROLE_USER","component":"Jwt"}
{"level":"info","ts":"2026-05-20T22:32:11.650+0200","caller":"security/jwt.go:102","msg":"authenticated user: valerio.vaudi@gmail.com\n","component":"Jwt"}
{"level":"info","ts":"2026-05-20T22:44:03.475+0200","caller":"security/jwt.go:77","msg":"authenticating user: valerio.vaudi@gmail.com\n","component":"Jwt"}
{"level":"info","ts":"2026-05-20T22:44:03.475+0200","caller":"security/jwt.go:86","msg":"user valerio.vaudi@gmail.com has those authority [ROLE_BUDGET ROLE_USER FACTOR_PASSWORD]\n","component":"Jwt"}
{"level":"info","ts":"2026-05-20T22:44:03.475+0200","caller":"security/jwt.go:94","msg":"user valerio.vaudi@gmail.com has required authority: ROLE_USER","component":"Jwt"}
{"level":"info","ts":"2026-05-20T22:44:03.475+0200","caller":"security/jwt.go:102","msg":"authenticated user: valerio.vaudi@gmail.com\n","component":"Jwt"}
{"level":"info","ts":"2026-05-20T22:44:03.592+0200","caller":"security/jwt.go:77","msg":"authenticating user: valerio.vaudi@gmail.com\n","component":"Jwt"}
{"level":"info","ts":"2026-05-20T22:44:03.592+0200","caller":"security/jwt.go:86","msg":"user valerio.vaudi@gmail.com has those authority [ROLE_BUDGET ROLE_USER FACTOR_PASSWORD]\n","component":"Jwt"}
{"level":"info","ts":"2026-05-20T22:44:03.592+0200","caller":"security/jwt.go:94","msg":"user valerio.vaudi@gmail.com has required authority: ROLE_USER","component":"Jwt"}
{"level":"info","ts":"2026-05-20T22:44:03.592+0200","caller":"security/jwt.go:102","msg":"authenticated user: valerio.vaudi@gmail.com\n","component":"Jwt"}
{"level":"info","ts":"2026-05-20T22:44:03.840+0200","caller":"security/jwt.go:77","msg":"authenticating user: valerio.vaudi@gmail.com\n","component":"Jwt"}
{"level":"info","ts":"2026-05-20T22:44:03.840+0200","caller":"security/jwt.go:86","msg":"user valerio.vaudi@gmail.com has those authority [ROLE_BUDGET ROLE_USER FACTOR_PASSWORD]\n","component":"Jwt"}
{"level":"info","ts":"2026-05-20T22:44:03.840+0200","caller":"security/jwt.go:94","msg":"user valerio.vaudi@gmail.com has required authority: ROLE_USER","component":"Jwt"}
{"level":"info","ts":"2026-05-20T22:44:03.840+0200","caller":"security/jwt.go:102","msg":"authenticated user: valerio.vaudi@gmail.com\n","component":"Jwt"}
{"level":"info","ts":"2026-05-20T22:58:41.994+0200","caller":"security/jwt.go:77","msg":"authenticating user: valerio.vaudi@gmail.com\n","component":"Jwt"}
{"level":"info","ts":"2026-05-20T22:58:41.994+0200","caller":"security/jwt.go:86","msg":"user valerio.vaudi@gmail.com has those authority [ROLE_BUDGET ROLE_USER FACTOR_PASSWORD]\n","component":"Jwt"}
{"level":"info","ts":"2026-05-20T22:58:41.994+0200","caller":"security/jwt.go:94","msg":"user valerio.vaudi@gmail.com has required authority: ROLE_USER","component":"Jwt"}
{"level":"info","ts":"2026-05-20T22:58:41.994+0200","caller":"security/jwt.go:102","msg":"authenticated user: valerio.vaudi@gmail.com\n","component":"Jwt"}
{"level":"info","ts":"2026-05-20T22:58:42.122+0200","caller":"security/jwt.go:77","msg":"authenticating user: valerio.vaudi@gmail.com\n","component":"Jwt"}
{"level":"info","ts":"2026-05-20T22:58:42.122+0200","caller":"security/jwt.go:86","msg":"user valerio.vaudi@gmail.com has those authority [ROLE_BUDGET ROLE_USER FACTOR_PASSWORD]\n","component":"Jwt"}
{"level":"info","ts":"2026-05-20T22:58:42.122+0200","caller":"security/jwt.go:94","msg":"user valerio.vaudi@gmail.com has required authority: ROLE_USER","component":"Jwt"}
{"level":"info","ts":"2026-05-20T22:58:42.122+0200","caller":"security/jwt.go:102","msg":"authenticated user: valerio.vaudi@gmail.com\n","component":"Jwt"}
{"level":"info","ts":"2026-05-20T22:58:42.963+0200","caller":"security/jwt.go:77","msg":"authenticating user: valerio.vaudi@gmail.com\n","component":"Jwt"}
{"level":"info","ts":"2026-05-20T22:58:42.963+0200","caller":"security/jwt.go:86","msg":"user valerio.vaudi@gmail.com has those authority [ROLE_BUDGET ROLE_USER FACTOR_PASSWORD]\n","component":"Jwt"}
{"level":"info","ts":"2026-05-20T22:58:42.964+0200","caller":"security/jwt.go:94","msg":"user valerio.vaudi@gmail.com has required authority: ROLE_USER","component":"Jwt"}
{"level":"info","ts":"2026-05-20T22:58:42.964+0200","caller":"security/jwt.go:102","msg":"authenticated user: valerio.vaudi@gmail.com\n","component":"Jwt"}
{"level":"info","ts":"2026-05-20T22:59:45.948+0200","caller":"security/jwt.go:77","msg":"authenticating user: valerio.vaudi@gmail.com\n","component":"Jwt"}
{"level":"info","ts":"2026-05-20T22:59:45.948+0200","caller":"security/jwt.go:86","msg":"user valerio.vaudi@gmail.com has those authority [ROLE_BUDGET ROLE_USER FACTOR_PASSWORD]\n","component":"Jwt"}
{"level":"info","ts":"2026-05-20T22:59:45.948+0200","caller":"security/jwt.go:94","msg":"user valerio.vaudi@gmail.com has required authority: ROLE_USER","component":"Jwt"}
{"level":"info","ts":"2026-05-20T22:59:45.948+0200","caller":"security/jwt.go:102","msg":"authenticated user: valerio.vaudi@gmail.com\n","component":"Jwt"}
{"level":"info","ts":"2026-05-20T22:59:50.353+0200","caller":"security/jwt.go:77","msg":"authenticating user: valerio.vaudi@gmail.com\n","component":"Jwt"}
{"level":"info","ts":"2026-05-20T22:59:50.356+0200","caller":"security/jwt.go:86","msg":"user valerio.vaudi@gmail.com has those authority [ROLE_BUDGET ROLE_USER FACTOR_PASSWORD]\n","component":"Jwt"}
{"level":"info","ts":"2026-05-20T22:59:50.357+0200","caller":"security/jwt.go:94","msg":"user valerio.vaudi@gmail.com has required authority: ROLE_USER","component":"Jwt"}
{"level":"info","ts":"2026-05-20T22:59:50.357+0200","caller":"security/jwt.go:102","msg":"authenticated user: valerio.vaudi@gmail.com\n","component":"Jwt"}
{"level":"info","ts":"2026-05-20T22:59:50.384+0200","caller":"security/jwt.go:77","msg":"authenticating user: valerio.vaudi@gmail.com\n","component":"Jwt"}
{"level":"info","ts":"2026-05-20T22:59:50.386+0200","caller":"security/jwt.go:86","msg":"user valerio.vaudi@gmail.com has those authority [ROLE_BUDGET ROLE_USER FACTOR_PASSWORD]\n","component":"Jwt"}
{"level":"info","ts":"2026-05-20T22:59:50.386+0200","caller":"security/jwt.go:94","msg":"user valerio.vaudi@gmail.com has required authority: ROLE_USER","component":"Jwt"}
{"level":"info","ts":"2026-05-20T22:59:50.386+0200","caller":"security/jwt.go:102","msg":"authenticated user: valerio.vaudi@gmail.com\n","component":"Jwt"}
{"level":"info","ts":"2026-05-20T22:59:53.106+0200","caller":"security/jwt.go:77","msg":"authenticating user: valerio.vaudi@gmail.com\n","component":"Jwt"}
{"level":"info","ts":"2026-05-20T22:59:53.106+0200","caller":"security/jwt.go:86","msg":"user valerio.vaudi@gmail.com has those authority [ROLE_BUDGET ROLE_USER FACTOR_PASSWORD]\n","component":"Jwt"}
{"level":"info","ts":"2026-05-20T22:59:53.107+0200","caller":"security/jwt.go:94","msg":"user valerio.vaudi@gmail.com has required authority: ROLE_USER","component":"Jwt"}
{"level":"info","ts":"2026-05-20T22:59:53.107+0200","caller":"security/jwt.go:102","msg":"authenticated user: valerio.vaudi@gmail.com\n","component":"Jwt"}
{"level":"info","ts":"2026-05-20T22:59:53.144+0200","caller":"security/jwt.go:77","msg":"authenticating user: valerio.vaudi@gmail.com\n","component":"Jwt"}
{"level":"info","ts":"2026-05-20T22:59:53.144+0200","caller":"security/jwt.go:86","msg":"user valerio.vaudi@gmail.com has those authority [ROLE_BUDGET ROLE_USER FACTOR_PASSWORD]\n","component":"Jwt"}
{"level":"info","ts":"2026-05-20T22:59:53.144+0200","caller":"security/jwt.go:94","msg":"user valerio.vaudi@gmail.com has required authority: ROLE_USER","component":"Jwt"}
{"level":"info","ts":"2026-05-20T22:59:53.144+0200","caller":"security/jwt.go:102","msg":"authenticated user: valerio.vaudi@gmail.com\n","component":"Jwt"}
{"level":"info","ts":"2026-05-20T22:59:53.379+0200","caller":"security/jwt.go:77","msg":"authenticating user: valerio.vaudi@gmail.com\n","component":"Jwt"}
{"level":"info","ts":"2026-05-20T22:59:53.380+0200","caller":"security/jwt.go:86","msg":"user valerio.vaudi@gmail.com has those authority [ROLE_BUDGET ROLE_USER FACTOR_PASSWORD]\n","component":"Jwt"}
{"level":"info","ts":"2026-05-20T22:59:53.380+0200","caller":"security/jwt.go:94","msg":"user valerio.vaudi@gmail.com has required authority: ROLE_USER","component":"Jwt"}
{"level":"info","ts":"2026-05-20T22:59:53.380+0200","caller":"security/jwt.go:102","msg":"authenticated user: valerio.vaudi@gmail.com\n","component":"Jwt"}
{"level":"info","ts":"2026-05-21T23:50:03.569+0200","caller":"security/jwt.go:77","msg":"authenticating user: valerio.vaudi@gmail.com\n","component":"Jwt"}
{"level":"info","ts":"2026-05-21T23:50:03.570+0200","caller":"security/jwt.go:86","msg":"user valerio.vaudi@gmail.com has those authority [ROLE_BUDGET ROLE_USER FACTOR_PASSWORD]\n","component":"Jwt"}
{"level":"info","ts":"2026-05-21T23:50:03.570+0200","caller":"security/jwt.go:94","msg":"user valerio.vaudi@gmail.com has required authority: ROLE_USER","component":"Jwt"}
{"level":"info","ts":"2026-05-21T23:50:03.570+0200","caller":"security/jwt.go:102","msg":"authenticated user: valerio.vaudi@gmail.com\n","component":"Jwt"}
{"level":"info","ts":"2026-05-21T23:50:03.726+0200","caller":"security/jwt.go:77","msg":"authenticating user: valerio.vaudi@gmail.com\n","component":"Jwt"}
{"level":"info","ts":"2026-05-21T23:50:03.726+0200","caller":"security/jwt.go:86","msg":"user valerio.vaudi@gmail.com has those authority [ROLE_BUDGET ROLE_USER FACTOR_PASSWORD]\n","component":"Jwt"}
{"level":"info","ts":"2026-05-21T23:50:03.727+0200","caller":"security/jwt.go:94","msg":"user valerio.vaudi@gmail.com has required authority: ROLE_USER","component":"Jwt"}
{"level":"info","ts":"2026-05-21T23:50:03.727+0200","caller":"security/jwt.go:102","msg":"authenticated user: valerio.vaudi@gmail.com\n","component":"Jwt"}
{"level":"info","ts":"2026-05-21T23:50:03.980+0200","caller":"security/jwt.go:77","msg":"authenticating user: valerio.vaudi@gmail.com\n","component":"Jwt"}
{"level":"info","ts":"2026-05-21T23:50:03.980+0200","caller":"security/jwt.go:86","msg":"user valerio.vaudi@gmail.com has those authority [ROLE_BUDGET ROLE_USER FACTOR_PASSWORD]\n","component":"Jwt"}
{"level":"info","ts":"2026-05-21T23:50:03.980+0200","caller":"security/jwt.go:94","msg":"user valerio.vaudi@gmail.com has required authority: ROLE_USER","component":"Jwt"}
{"level":"info","ts":"2026-05-21T23:50:03.980+0200","caller":"security/jwt.go:102","msg":"authenticated user: valerio.vaudi@gmail.com\n","component":"Jwt"}
{"level":"info","ts":"2026-05-21T23:51:16.793+0200","caller":"security/jwt.go:77","msg":"authenticating user: valerio.vaudi@gmail.com\n","component":"Jwt"}
{"level":"info","ts":"2026-05-21T23:51:16.793+0200","caller":"security/jwt.go:86","msg":"user valerio.vaudi@gmail.com has those authority [ROLE_BUDGET ROLE_USER FACTOR_PASSWORD]\n","component":"Jwt"}
{"level":"info","ts":"2026-05-21T23:51:16.793+0200","caller":"security/jwt.go:94","msg":"user valerio.vaudi@gmail.com has required authority: ROLE_USER","component":"Jwt"}
{"level":"info","ts":"2026-05-21T23:51:16.793+0200","caller":"security/jwt.go:102","msg":"authenticated user: valerio.vaudi@gmail.com\n","component":"Jwt"}
{"level":"info","ts":"2026-05-21T23:51:17.026+0200","caller":"security/jwt.go:77","msg":"authenticating user: valerio.vaudi@gmail.com\n","component":"Jwt"}
{"level":"info","ts":"2026-05-21T23:51:17.026+0200","caller":"security/jwt.go:86","msg":"user valerio.vaudi@gmail.com has those authority [ROLE_BUDGET ROLE_USER FACTOR_PASSWORD]\n","component":"Jwt"}
{"level":"info","ts":"2026-05-21T23:51:17.026+0200","caller":"security/jwt.go:94","msg":"user valerio.vaudi@gmail.com has required authority: ROLE_USER","component":"Jwt"}
{"level":"info","ts":"2026-05-21T23:51:17.026+0200","caller":"security/jwt.go:102","msg":"authenticated user: valerio.vaudi@gmail.com\n","component":"Jwt"}
{"level":"error","ts":"2026-05-22T00:01:10.326+0200","caller":"security/jwt.go:64","msg":"failed to verify jwt token: jwt.Parse: failed to parse token: unknown payload type (payload is not JWT?)\n","component":"Jwt"}
{"level":"info","ts":"2026-05-22T00:01:15.180+0200","caller":"security/jwt.go:77","msg":"authenticating user: valerio.vaudi@gmail.com\n","component":"Jwt"}
{"level":"info","ts":"2026-05-22T00:01:15.180+0200","caller":"security/jwt.go:86","msg":"user valerio.vaudi@gmail.com has those authority [ROLE_BUDGET ROLE_USER FACTOR_PASSWORD]\n","component":"Jwt"}
{"level":"info","ts":"2026-05-22T00:01:15.180+0200","caller":"security/jwt.go:94","msg":"user valerio.vaudi@gmail.com has required authority: ROLE_USER","component":"Jwt"}
{"level":"info","ts":"2026-05-22T00:01:15.180+0200","caller":"security/jwt.go:102","msg":"authenticated user: valerio.vaudi@gmail.com\n","component":"Jwt"}
{"level":"info","ts":"2026-05-22T00:01:15.328+0200","caller":"security/jwt.go:77","msg":"authenticating user: valerio.vaudi@gmail.com\n","component":"Jwt"}
{"level":"info","ts":"2026-05-22T00:01:15.328+0200","caller":"security/jwt.go:86","msg":"user valerio.vaudi@gmail.com has those authority [ROLE_BUDGET ROLE_USER FACTOR_PASSWORD]\n","component":"Jwt"}
{"level":"info","ts":"2026-05-22T00:01:15.328+0200","caller":"security/jwt.go:94","msg":"user valerio.vaudi@gmail.com has required authority: ROLE_USER","component":"Jwt"}
{"level":"info","ts":"2026-05-22T00:01:15.328+0200","caller":"security/jwt.go:102","msg":"authenticated user: valerio.vaudi@gmail.com\n","component":"Jwt"}
{"level":"info","ts":"2026-05-22T00:01:15.560+0200","caller":"security/jwt.go:77","msg":"authenticating user: valerio.vaudi@gmail.com\n","component":"Jwt"}
{"level":"info","ts":"2026-05-22T00:01:15.560+0200","caller":"security/jwt.go:86","msg":"user valerio.vaudi@gmail.com has those authority [ROLE_BUDGET ROLE_USER FACTOR_PASSWORD]\n","component":"Jwt"}
{"level":"info","ts":"2026-05-22T00:01:15.560+0200","caller":"security/jwt.go:94","msg":"user valerio.vaudi@gmail.com has required authority: ROLE_USER","component":"Jwt"}
{"level":"info","ts":"2026-05-22T00:01:15.560+0200","caller":"security/jwt.go:102","msg":"authenticated user: valerio.vaudi@gmail.com\n","component":"Jwt"}
{"level":"info","ts":"2026-05-22T00:03:15.062+0200","caller":"security/jwt.go:77","msg":"authenticating user: valerio.vaudi@gmail.com\n","component":"Jwt"}
{"level":"info","ts":"2026-05-22T00:03:15.062+0200","caller":"security/jwt.go:86","msg":"user valerio.vaudi@gmail.com has those authority [ROLE_BUDGET ROLE_USER FACTOR_PASSWORD]\n","component":"Jwt"}
{"level":"info","ts":"2026-05-22T00:03:15.063+0200","caller":"security/jwt.go:94","msg":"user valerio.vaudi@gmail.com has required authority: ROLE_USER","component":"Jwt"}
{"level":"info","ts":"2026-05-22T00:03:15.063+0200","caller":"security/jwt.go:102","msg":"authenticated user: valerio.vaudi@gmail.com\n","component":"Jwt"}
{"level":"info","ts":"2026-05-22T00:03:15.169+0200","caller":"security/jwt.go:77","msg":"authenticating user: valerio.vaudi@gmail.com\n","component":"Jwt"}
{"level":"info","ts":"2026-05-22T00:03:15.169+0200","caller":"security/jwt.go:86","msg":"user valerio.vaudi@gmail.com has those authority [ROLE_BUDGET ROLE_USER FACTOR_PASSWORD]\n","component":"Jwt"}
{"level":"info","ts":"2026-05-22T00:03:15.169+0200","caller":"security/jwt.go:94","msg":"user valerio.vaudi@gmail.com has required authority: ROLE_USER","component":"Jwt"}
{"level":"info","ts":"2026-05-22T00:03:15.169+0200","caller":"security/jwt.go:102","msg":"authenticated user: valerio.vaudi@gmail.com\n","component":"Jwt"}
{"level":"info","ts":"2026-05-22T00:03:15.399+0200","caller":"security/jwt.go:77","msg":"authenticating user: valerio.vaudi@gmail.com\n","component":"Jwt"}
{"level":"info","ts":"2026-05-22T00:03:15.399+0200","caller":"security/jwt.go:86","msg":"user valerio.vaudi@gmail.com has those authority [ROLE_BUDGET ROLE_USER FACTOR_PASSWORD]\n","component":"Jwt"}
{"level":"info","ts":"2026-05-22T00:03:15.399+0200","caller":"security/jwt.go:94","msg":"user valerio.vaudi@gmail.com has required authority: ROLE_USER","component":"Jwt"}
{"level":"info","ts":"2026-05-22T00:03:15.399+0200","caller":"security/jwt.go:102","msg":"authenticated user: valerio.vaudi@gmail.com\n","component":"Jwt"}
{"level":"info","ts":"2026-05-22T00:05:47.274+0200","caller":"security/jwt.go:77","msg":"authenticating user: valerio.vaudi@gmail.com\n","component":"Jwt"}
{"level":"info","ts":"2026-05-22T00:05:47.274+0200","caller":"security/jwt.go:86","msg":"user valerio.vaudi@gmail.com has those authority [ROLE_BUDGET ROLE_USER FACTOR_PASSWORD]\n","component":"Jwt"}
{"level":"info","ts":"2026-05-22T00:05:47.274+0200","caller":"security/jwt.go:94","msg":"user valerio.vaudi@gmail.com has required authority: ROLE_USER","component":"Jwt"}
{"level":"info","ts":"2026-05-22T00:05:47.274+0200","caller":"security/jwt.go:102","msg":"authenticated user: valerio.vaudi@gmail.com\n","component":"Jwt"}
{"level":"info","ts":"2026-05-22T00:05:47.646+0200","caller":"security/jwt.go:77","msg":"authenticating user: valerio.vaudi@gmail.com\n","component":"Jwt"}
{"level":"info","ts":"2026-05-22T00:05:47.646+0200","caller":"security/jwt.go:86","msg":"user valerio.vaudi@gmail.com has those authority [ROLE_BUDGET ROLE_USER FACTOR_PASSWORD]\n","component":"Jwt"}
{"level":"info","ts":"2026-05-22T00:05:47.646+0200","caller":"security/jwt.go:94","msg":"user valerio.vaudi@gmail.com has required authority: ROLE_USER","component":"Jwt"}
{"level":"info","ts":"2026-05-22T00:05:47.646+0200","caller":"security/jwt.go:102","msg":"authenticated user: valerio.vaudi@gmail.com\n","component":"Jwt"}
{"level":"info","ts":"2026-05-22T22:14:33.754+0200","caller":"security/jwt.go:77","msg":"authenticating user: valerio.vaudi@gmail.com\n","component":"Jwt"}
{"level":"info","ts":"2026-05-22T22:14:33.755+0200","caller":"security/jwt.go:86","msg":"user valerio.vaudi@gmail.com has those authority [ROLE_BUDGET ROLE_USER FACTOR_PASSWORD]\n","component":"Jwt"}
{"level":"info","ts":"2026-05-22T22:14:33.755+0200","caller":"security/jwt.go:94","msg":"user valerio.vaudi@gmail.com has required authority: ROLE_USER","component":"Jwt"}
{"level":"info","ts":"2026-05-22T22:14:33.755+0200","caller":"security/jwt.go:102","msg":"authenticated user: valerio.vaudi@gmail.com\n","component":"Jwt"}
{"level":"info","ts":"2026-05-22T22:14:33.907+0200","caller":"security/jwt.go:77","msg":"authenticating user: valerio.vaudi@gmail.com\n","component":"Jwt"}
{"level":"info","ts":"2026-05-22T22:14:33.907+0200","caller":"security/jwt.go:86","msg":"user valerio.vaudi@gmail.com has those authority [ROLE_BUDGET ROLE_USER FACTOR_PASSWORD]\n","component":"Jwt"}
{"level":"info","ts":"2026-05-22T22:14:33.907+0200","caller":"security/jwt.go:94","msg":"user valerio.vaudi@gmail.com has required authority: ROLE_USER","component":"Jwt"}
{"level":"info","ts":"2026-05-22T22:14:33.907+0200","caller":"security/jwt.go:102","msg":"authenticated user: valerio.vaudi@gmail.com\n","component":"Jwt"}
{"level":"info","ts":"2026-05-22T22:14:34.134+0200","caller":"security/jwt.go:77","msg":"authenticating user: valerio.vaudi@gmail.com\n","component":"Jwt"}
{"level":"info","ts":"2026-05-22T22:14:34.134+0200","caller":"security/jwt.go:86","msg":"user valerio.vaudi@gmail.com has those authority [ROLE_BUDGET ROLE_USER FACTOR_PASSWORD]\n","component":"Jwt"}
{"level":"info","ts":"2026-05-22T22:14:34.134+0200","caller":"security/jwt.go:94","msg":"user valerio.vaudi@gmail.com has required authority: ROLE_USER","component":"Jwt"}
{"level":"info","ts":"2026-05-22T22:14:34.134+0200","caller":"security/jwt.go:102","msg":"authenticated user: valerio.vaudi@gmail.com\n","component":"Jwt"}
{"level":"info","ts":"2026-05-22T22:16:08.656+0200","caller":"security/jwt.go:77","msg":"authenticating user: valerio.vaudi@gmail.com\n","component":"Jwt"}
{"level":"info","ts":"2026-05-22T22:16:08.656+0200","caller":"security/jwt.go:86","msg":"user valerio.vaudi@gmail.com has those authority [ROLE_BUDGET ROLE_USER FACTOR_PASSWORD]\n","component":"Jwt"}
{"level":"info","ts":"2026-05-22T22:16:08.656+0200","caller":"security/jwt.go:94","msg":"user valerio.vaudi@gmail.com has required authority: ROLE_USER","component":"Jwt"}
{"level":"info","ts":"2026-05-22T22:16:08.656+0200","caller":"security/jwt.go:102","msg":"authenticated user: valerio.vaudi@gmail.com\n","component":"Jwt"}
{"level":"info","ts":"2026-05-22T22:16:08.935+0200","caller":"security/jwt.go:77","msg":"authenticating user: valerio.vaudi@gmail.com\n","component":"Jwt"}
{"level":"info","ts":"2026-05-22T22:16:08.935+0200","caller":"security/jwt.go:86","msg":"user valerio.vaudi@gmail.com has those authority [ROLE_BUDGET ROLE_USER FACTOR_PASSWORD]\n","component":"Jwt"}
{"level":"info","ts":"2026-05-22T22:16:08.935+0200","caller":"security/jwt.go:94","msg":"user valerio.vaudi@gmail.com has required authority: ROLE_USER","component":"Jwt"}
{"level":"info","ts":"2026-05-22T22:16:08.935+0200","caller":"security/jwt.go:102","msg":"authenticated user: valerio.vaudi@gmail.com\n","component":"Jwt"}
{"level":"info","ts":"2026-05-22T22:18:09.930+0200","caller":"security/jwt.go:77","msg":"authenticating user: valerio.vaudi@gmail.com\n","component":"Jwt"}
{"level":"info","ts":"2026-05-22T22:18:09.930+0200","caller":"security/jwt.go:86","msg":"user valerio.vaudi@gmail.com has those authority [ROLE_BUDGET ROLE_USER FACTOR_PASSWORD]\n","component":"Jwt"}
{"level":"info","ts":"2026-05-22T22:18:09.930+0200","caller":"security/jwt.go:94","msg":"user valerio.vaudi@gmail.com has required authority: ROLE_USER","component":"Jwt"}
{"level":"info","ts":"2026-05-22T22:18:09.930+0200","caller":"security/jwt.go:102","msg":"authenticated user: valerio.vaudi@gmail.com\n","component":"Jwt"}
{"level":"info","ts":"2026-05-22T22:18:10.217+0200","caller":"security/jwt.go:77","msg":"authenticating user: valerio.vaudi@gmail.com\n","component":"Jwt"}
{"level":"info","ts":"2026-05-22T22:18:10.217+0200","caller":"security/jwt.go:86","msg":"user valerio.vaudi@gmail.com has those authority [ROLE_BUDGET ROLE_USER FACTOR_PASSWORD]\n","component":"Jwt"}
{"level":"info","ts":"2026-05-22T22:18:10.217+0200","caller":"security/jwt.go:94","msg":"user valerio.vaudi@gmail.com has required authority: ROLE_USER","component":"Jwt"}
{"level":"info","ts":"2026-05-22T22:18:10.217+0200","caller":"security/jwt.go:102","msg":"authenticated user: valerio.vaudi@gmail.com\n","component":"Jwt"}
{"level":"info","ts":"2026-05-22T22:19:14.182+0200","caller":"security/jwt.go:77","msg":"authenticating user: valerio.vaudi@gmail.com\n","component":"Jwt"}
{"level":"info","ts":"2026-05-22T22:19:14.182+0200","caller":"security/jwt.go:86","msg":"user valerio.vaudi@gmail.com has those authority [ROLE_BUDGET ROLE_USER FACTOR_PASSWORD]\n","component":"Jwt"}
{"level":"info","ts":"2026-05-22T22:19:14.182+0200","caller":"security/jwt.go:94","msg":"user valerio.vaudi@gmail.com has required authority: ROLE_USER","component":"Jwt"}
{"level":"info","ts":"2026-05-22T22:19:14.182+0200","caller":"security/jwt.go:102","msg":"authenticated user: valerio.vaudi@gmail.com\n","component":"Jwt"}
{"level":"info","ts":"2026-05-22T22:19:14.411+0200","caller":"security/jwt.go:77","msg":"authenticating user: valerio.vaudi@gmail.com\n","component":"Jwt"}
{"level":"info","ts":"2026-05-22T22:19:14.411+0200","caller":"security/jwt.go:86","msg":"user valerio.vaudi@gmail.com has those authority [ROLE_BUDGET ROLE_USER FACTOR_PASSWORD]\n","component":"Jwt"}
{"level":"info","ts":"2026-05-22T22:19:14.411+0200","caller":"security/jwt.go:94","msg":"user valerio.vaudi@gmail.com has required authority: ROLE_USER","component":"Jwt"}
{"level":"info","ts":"2026-05-22T22:19:14.411+0200","caller":"security/jwt.go:102","msg":"authenticated user: valerio.vaudi@gmail.com\n","component":"Jwt"}
{"level":"info","ts":"2026-05-22T22:20:31.511+0200","caller":"security/jwt.go:77","msg":"authenticating user: valerio.vaudi@gmail.com\n","component":"Jwt"}
{"level":"info","ts":"2026-05-22T22:20:31.511+0200","caller":"security/jwt.go:86","msg":"user valerio.vaudi@gmail.com has those authority [ROLE_BUDGET ROLE_USER FACTOR_PASSWORD]\n","component":"Jwt"}
{"level":"info","ts":"2026-05-22T22:20:31.511+0200","caller":"security/jwt.go:94","msg":"user valerio.vaudi@gmail.com has required authority: ROLE_USER","component":"Jwt"}
{"level":"info","ts":"2026-05-22T22:20:31.511+0200","caller":"security/jwt.go:102","msg":"authenticated user: valerio.vaudi@gmail.com\n","component":"Jwt"}
{"level":"info","ts":"2026-05-22T22:20:31.739+0200","caller":"security/jwt.go:77","msg":"authenticating user: valerio.vaudi@gmail.com\n","component":"Jwt"}
{"level":"info","ts":"2026-05-22T22:20:31.739+0200","caller":"security/jwt.go:86","msg":"user valerio.vaudi@gmail.com has those authority [ROLE_BUDGET ROLE_USER FACTOR_PASSWORD]\n","component":"Jwt"}
{"level":"info","ts":"2026-05-22T22:20:31.739+0200","caller":"security/jwt.go:94","msg":"user valerio.vaudi@gmail.com has required authority: ROLE_USER","component":"Jwt"}
{"level":"info","ts":"2026-05-22T22:20:31.739+0200","caller":"security/jwt.go:102","msg":"authenticated user: valerio.vaudi@gmail.com\n","component":"Jwt"}
{"level":"info","ts":"2026-05-22T22:21:41.611+0200","caller":"security/jwt.go:77","msg":"authenticating user: valerio.vaudi@gmail.com\n","component":"Jwt"}
{"level":"info","ts":"2026-05-22T22:21:41.611+0200","caller":"security/jwt.go:86","msg":"user valerio.vaudi@gmail.com has those authority [ROLE_BUDGET ROLE_USER FACTOR_PASSWORD]\n","component":"Jwt"}
{"level":"info","ts":"2026-05-22T22:21:41.611+0200","caller":"security/jwt.go:94","msg":"user valerio.vaudi@gmail.com has required authority: ROLE_USER","component":"Jwt"}
{"level":"info","ts":"2026-05-22T22:21:41.611+0200","caller":"security/jwt.go:102","msg":"authenticated user: valerio.vaudi@gmail.com\n","component":"Jwt"}
{"level":"info","ts":"2026-05-22T22:21:41.840+0200","caller":"security/jwt.go:77","msg":"authenticating user: valerio.vaudi@gmail.com\n","component":"Jwt"}
{"level":"info","ts":"2026-05-22T22:21:41.840+0200","caller":"security/jwt.go:86","msg":"user valerio.vaudi@gmail.com has those authority [ROLE_BUDGET ROLE_USER FACTOR_PASSWORD]\n","component":"Jwt"}
{"level":"info","ts":"2026-05-22T22:21:41.840+0200","caller":"security/jwt.go:94","msg":"user valerio.vaudi@gmail.com has required authority: ROLE_USER","component":"Jwt"}
{"level":"info","ts":"2026-05-22T22:21:41.840+0200","caller":"security/jwt.go:102","msg":"authenticated user: valerio.vaudi@gmail.com\n","component":"Jwt"}
{"level":"info","ts":"2026-05-22T22:30:21.602+0200","caller":"security/jwt.go:77","msg":"authenticating user: valerio.vaudi@gmail.com\n","component":"Jwt"}
{"level":"info","ts":"2026-05-22T22:30:21.602+0200","caller":"security/jwt.go:86","msg":"user valerio.vaudi@gmail.com has those authority [ROLE_BUDGET ROLE_USER FACTOR_PASSWORD]\n","component":"Jwt"}
{"level":"info","ts":"2026-05-22T22:30:21.602+0200","caller":"security/jwt.go:94","msg":"user valerio.vaudi@gmail.com has required authority: ROLE_USER","component":"Jwt"}
{"level":"info","ts":"2026-05-22T22:30:21.602+0200","caller":"security/jwt.go:102","msg":"authenticated user: valerio.vaudi@gmail.com\n","component":"Jwt"}
{"level":"info","ts":"2026-05-22T22:30:22.036+0200","caller":"security/jwt.go:77","msg":"authenticating user: valerio.vaudi@gmail.com\n","component":"Jwt"}
{"level":"info","ts":"2026-05-22T22:30:22.036+0200","caller":"security/jwt.go:86","msg":"user valerio.vaudi@gmail.com has those authority [ROLE_BUDGET ROLE_USER FACTOR_PASSWORD]\n","component":"Jwt"}
{"level":"info","ts":"2026-05-22T22:30:22.036+0200","caller":"security/jwt.go:94","msg":"user valerio.vaudi@gmail.com has required authority: ROLE_USER","component":"Jwt"}
{"level":"info","ts":"2026-05-22T22:30:22.036+0200","caller":"security/jwt.go:102","msg":"authenticated user: valerio.vaudi@gmail.com\n","component":"Jwt"}
{"level":"info","ts":"2026-05-22T22:30:22.270+0200","caller":"security/jwt.go:77","msg":"authenticating user: valerio.vaudi@gmail.com\n","component":"Jwt"}
{"level":"info","ts":"2026-05-22T22:30:22.270+0200","caller":"security/jwt.go:86","msg":"user valerio.vaudi@gmail.com has those authority [ROLE_BUDGET ROLE_USER FACTOR_PASSWORD]\n","component":"Jwt"}
{"level":"info","ts":"2026-05-22T22:30:22.270+0200","caller":"security/jwt.go:94","msg":"user valerio.vaudi@gmail.com has required authority: ROLE_USER","component":"Jwt"}
{"level":"info","ts":"2026-05-22T22:30:22.270+0200","caller":"security/jwt.go:102","msg":"authenticated user: valerio.vaudi@gmail.com\n","component":"Jwt"}
{"level":"info","ts":"2026-05-22T22:51:40.255+0200","caller":"server/web_server.go:161","msg":"shutdown signal received, draining connections","component":"WebServerProvisioner"}
{"level":"info","ts":"2026-05-22T22:51:40.255+0200","caller":"server/web_server.go:97","msg":"Server Shutdown has been started ....","component":"WebServerProvisioner"}
{"level":"info","ts":"2026-05-22T22:51:40.255+0200","caller":"server/web_server.go:98","msg":"There are 3 configurer to be disposed","component":"WebServerProvisioner"}
{"level":"info","ts":"2026-05-22T22:51:40.255+0200","caller":"otel/tracing_provider.go:54","msg":"Shutting down OTel TracerProvider","component":"OtelProvider"}
{"level":"info","ts":"2026-05-22T22:51:40.255+0200","caller":"otel/metric_provider.go:30","msg":"Shutting down OTel MeterProvider","component":"OtelProvider"}
{"level":"info","ts":"2026-05-22T22:51:40.257+0200","caller":"otel/log_provider.go:30","msg":"Shutting down OTel LoggerProvider","component":"OtelProvider"}
{"level":"info","ts":"2026-05-22T22:51:40.258+0200","caller":"server/web_server.go:108","msg":"Server Shutdown completed ....","component":"WebServerProvisioner"}
{"level":"info","ts":"2026-05-22T22:51:40.258+0200","caller":"server/web_server.go:97","msg":"Server Shutdown has been started ....","component":"WebServerProvisioner"}
{"level":"info","ts":"2026-05-22T22:51:40.258+0200","caller":"server/web_server.go:98","msg":"There are 0 configurer to be disposed","component":"WebServerProvisioner"}
{"level":"info","ts":"2026-05-22T22:51:40.258+0200","caller":"server/web_server.go:108","msg":"Server Shutdown completed ....","component":"WebServerProvisioner"}
{"level":"info","ts":"2026-05-26T14:41:36.811+0200","caller":"server/web_server.go:65","msg":"configuring otel","component":"WebServerProvisioner"}
{"level":"info","ts":"2026-05-26T14:41:36.817+0200","caller":"otel/tracing_provider.go:35","msg":"Setting up OTel TracerProvider: service=tag-api protocol=http endpoint=localhost:4318","component":"OtelProvider"}
{"level":"info","ts":"2026-05-26T14:41:36.818+0200","caller":"otel/metric_provider.go:16","msg":"Setting up OTel MeterProvider: service=tag-api protocol=http endpoint=localhost:4318","component":"OtelProvider"}
{"level":"info","ts":"2026-05-26T14:41:36.820+0200","caller":"otel/log_provider.go:16","msg":"Setting up OTel LoggerProvider: service=tag-api protocol=http endpoint=localhost:4318","component":"OtelProvider"}
{"level":"info","ts":"2026-05-26T14:41:36.827+0200","caller":"server/web_server.go:65","msg":"configuring standard-middleware","component":"WebServerProvisioner"}
{"level":"info","ts":"2026-05-26T14:41:36.828+0200","caller":"server/web_server.go:65","msg":"configuring oauth2","component":"WebServerProvisioner"}
{"level":"info","ts":"2026-05-26T14:41:36.850+0200","caller":"security/jwt.go:30","msg":"OAuth2 middleware set up with role: ROLE_USER","component":"Jwt"}
{"level":"info","ts":"2026-05-26T14:41:36.852+0200","caller":"dynamodb/repository.go:38","msg":"Using AWS DynamoDB service without local endpoint","component":"dynamodb.TagDynamoDBRepository"}
{"level":"info","ts":"2026-05-26T14:41:36.853+0200","caller":"server/web_server.go:142","msg":"listening on 0.0.0.0:8000","component":"WebServerProvisioner"}
{"level":"info","ts":"2026-05-26T14:43:52.131+0200","caller":"security/jwt.go:77","msg":"authenticating user: valerio.vaudi@gmail.com\n","component":"Jwt"}
{"level":"info","ts":"2026-05-26T14:43:52.131+0200","caller":"security/jwt.go:86","msg":"user valerio.vaudi@gmail.com has those authority [ROLE_BUDGET ROLE_USER FACTOR_PASSWORD]\n","component":"Jwt"}
{"level":"info","ts":"2026-05-26T14:43:52.131+0200","caller":"security/jwt.go:94","msg":"user valerio.vaudi@gmail.com has required authority: ROLE_USER","component":"Jwt"}
{"level":"info","ts":"2026-05-26T14:43:52.131+0200","caller":"security/jwt.go:102","msg":"authenticated user: valerio.vaudi@gmail.com\n","component":"Jwt"}
{"level":"info","ts":"2026-05-26T14:43:52.311+0200","caller":"security/jwt.go:77","msg":"authenticating user: valerio.vaudi@gmail.com\n","component":"Jwt"}
{"level":"info","ts":"2026-05-26T14:43:52.311+0200","caller":"security/jwt.go:86","msg":"user valerio.vaudi@gmail.com has those authority [ROLE_BUDGET ROLE_USER FACTOR_PASSWORD]\n","component":"Jwt"}
{"level":"info","ts":"2026-05-26T14:43:52.311+0200","caller":"security/jwt.go:94","msg":"user valerio.vaudi@gmail.com has required authority: ROLE_USER","component":"Jwt"}
{"level":"info","ts":"2026-05-26T14:43:52.311+0200","caller":"security/jwt.go:102","msg":"authenticated user: valerio.vaudi@gmail.com\n","component":"Jwt"}
{"level":"info","ts":"2026-05-26T14:43:52.555+0200","caller":"security/jwt.go:77","msg":"authenticating user: valerio.vaudi@gmail.com\n","component":"Jwt"}
{"level":"info","ts":"2026-05-26T14:43:52.555+0200","caller":"security/jwt.go:86","msg":"user valerio.vaudi@gmail.com has those authority [ROLE_BUDGET ROLE_USER FACTOR_PASSWORD]\n","component":"Jwt"}
{"level":"info","ts":"2026-05-26T14:43:52.555+0200","caller":"security/jwt.go:94","msg":"user valerio.vaudi@gmail.com has required authority: ROLE_USER","component":"Jwt"}
{"level":"info","ts":"2026-05-26T14:43:52.555+0200","caller":"security/jwt.go:102","msg":"authenticated user: valerio.vaudi@gmail.com\n","component":"Jwt"}
{"level":"info","ts":"2026-05-26T14:45:05.520+0200","caller":"security/jwt.go:77","msg":"authenticating user: valerio.vaudi@gmail.com\n","component":"Jwt"}
{"level":"info","ts":"2026-05-26T14:45:05.520+0200","caller":"security/jwt.go:86","msg":"user valerio.vaudi@gmail.com has those authority [ROLE_BUDGET ROLE_USER FACTOR_PASSWORD]\n","component":"Jwt"}
{"level":"info","ts":"2026-05-26T14:45:05.520+0200","caller":"security/jwt.go:94","msg":"user valerio.vaudi@gmail.com has required authority: ROLE_USER","component":"Jwt"}
{"level":"info","ts":"2026-05-26T14:45:05.520+0200","caller":"security/jwt.go:102","msg":"authenticated user: valerio.vaudi@gmail.com\n","component":"Jwt"}
{"level":"info","ts":"2026-05-26T14:45:05.760+0200","caller":"security/jwt.go:77","msg":"authenticating user: valerio.vaudi@gmail.com\n","component":"Jwt"}
{"level":"info","ts":"2026-05-26T14:45:05.760+0200","caller":"security/jwt.go:86","msg":"user valerio.vaudi@gmail.com has those authority [ROLE_BUDGET ROLE_USER FACTOR_PASSWORD]\n","component":"Jwt"}
{"level":"info","ts":"2026-05-26T14:45:05.760+0200","caller":"security/jwt.go:94","msg":"user valerio.vaudi@gmail.com has required authority: ROLE_USER","component":"Jwt"}
{"level":"info","ts":"2026-05-26T14:45:05.760+0200","caller":"security/jwt.go:102","msg":"authenticated user: valerio.vaudi@gmail.com\n","component":"Jwt"}
{"level":"info","ts":"2026-05-26T14:46:41.089+0200","caller":"security/jwt.go:77","msg":"authenticating user: valerio.vaudi@gmail.com\n","component":"Jwt"}
{"level":"info","ts":"2026-05-26T14:46:41.089+0200","caller":"security/jwt.go:86","msg":"user valerio.vaudi@gmail.com has those authority [ROLE_BUDGET ROLE_USER FACTOR_PASSWORD]\n","component":"Jwt"}
{"level":"info","ts":"2026-05-26T14:46:41.089+0200","caller":"security/jwt.go:94","msg":"user valerio.vaudi@gmail.com has required authority: ROLE_USER","component":"Jwt"}
{"level":"info","ts":"2026-05-26T14:46:41.089+0200","caller":"security/jwt.go:102","msg":"authenticated user: valerio.vaudi@gmail.com\n","component":"Jwt"}
{"level":"info","ts":"2026-05-26T14:46:41.388+0200","caller":"security/jwt.go:77","msg":"authenticating user: valerio.vaudi@gmail.com\n","component":"Jwt"}
{"level":"info","ts":"2026-05-26T14:46:41.388+0200","caller":"security/jwt.go:86","msg":"user valerio.vaudi@gmail.com has those authority [ROLE_BUDGET ROLE_USER FACTOR_PASSWORD]\n","component":"Jwt"}
{"level":"info","ts":"2026-05-26T14:46:41.388+0200","caller":"security/jwt.go:94","msg":"user valerio.vaudi@gmail.com has required authority: ROLE_USER","component":"Jwt"}
{"level":"info","ts":"2026-05-26T14:46:41.388+0200","caller":"security/jwt.go:102","msg":"authenticated user: valerio.vaudi@gmail.com\n","component":"Jwt"}
{"level":"info","ts":"2026-05-26T14:48:04.891+0200","caller":"security/jwt.go:77","msg":"authenticating user: valerio.vaudi@gmail.com\n","component":"Jwt"}
{"level":"info","ts":"2026-05-26T14:48:04.891+0200","caller":"security/jwt.go:86","msg":"user valerio.vaudi@gmail.com has those authority [ROLE_BUDGET ROLE_USER FACTOR_PASSWORD]\n","component":"Jwt"}
{"level":"info","ts":"2026-05-26T14:48:04.891+0200","caller":"security/jwt.go:94","msg":"user valerio.vaudi@gmail.com has required authority: ROLE_USER","component":"Jwt"}
{"level":"info","ts":"2026-05-26T14:48:04.891+0200","caller":"security/jwt.go:102","msg":"authenticated user: valerio.vaudi@gmail.com\n","component":"Jwt"}
{"level":"info","ts":"2026-05-26T14:48:05.138+0200","caller":"security/jwt.go:77","msg":"authenticating user: valerio.vaudi@gmail.com\n","component":"Jwt"}
{"level":"info","ts":"2026-05-26T14:48:05.138+0200","caller":"security/jwt.go:86","msg":"user valerio.vaudi@gmail.com has those authority [ROLE_BUDGET ROLE_USER FACTOR_PASSWORD]\n","component":"Jwt"}
{"level":"info","ts":"2026-05-26T14:48:05.138+0200","caller":"security/jwt.go:94","msg":"user valerio.vaudi@gmail.com has required authority: ROLE_USER","component":"Jwt"}
{"level":"info","ts":"2026-05-26T14:48:05.138+0200","caller":"security/jwt.go:102","msg":"authenticated user: valerio.vaudi@gmail.com\n","component":"Jwt"}
{"level":"info","ts":"2026-05-26T14:50:32.595+0200","caller":"security/jwt.go:77","msg":"authenticating user: valerio.vaudi@gmail.com\n","component":"Jwt"}
{"level":"info","ts":"2026-05-26T14:50:32.595+0200","caller":"security/jwt.go:86","msg":"user valerio.vaudi@gmail.com has those authority [ROLE_BUDGET ROLE_USER FACTOR_PASSWORD]\n","component":"Jwt"}
{"level":"info","ts":"2026-05-26T14:50:32.595+0200","caller":"security/jwt.go:94","msg":"user valerio.vaudi@gmail.com has required authority: ROLE_USER","component":"Jwt"}
{"level":"info","ts":"2026-05-26T14:50:32.595+0200","caller":"security/jwt.go:102","msg":"authenticated user: valerio.vaudi@gmail.com\n","component":"Jwt"}
{"level":"info","ts":"2026-05-26T14:50:32.889+0200","caller":"security/jwt.go:77","msg":"authenticating user: valerio.vaudi@gmail.com\n","component":"Jwt"}
{"level":"info","ts":"2026-05-26T14:50:32.889+0200","caller":"security/jwt.go:86","msg":"user valerio.vaudi@gmail.com has those authority [ROLE_BUDGET ROLE_USER FACTOR_PASSWORD]\n","component":"Jwt"}
{"level":"info","ts":"2026-05-26T14:50:32.889+0200","caller":"security/jwt.go:94","msg":"user valerio.vaudi@gmail.com has required authority: ROLE_USER","component":"Jwt"}
{"level":"info","ts":"2026-05-26T14:50:32.890+0200","caller":"security/jwt.go:102","msg":"authenticated user: valerio.vaudi@gmail.com\n","component":"Jwt"}
{"level":"info","ts":"2026-05-26T14:51:34.512+0200","caller":"security/jwt.go:77","msg":"authenticating user: valerio.vaudi@gmail.com\n","component":"Jwt"}
{"level":"info","ts":"2026-05-26T14:51:34.512+0200","caller":"security/jwt.go:86","msg":"user valerio.vaudi@gmail.com has those authority [ROLE_BUDGET ROLE_USER FACTOR_PASSWORD]\n","component":"Jwt"}
{"level":"info","ts":"2026-05-26T14:51:34.512+0200","caller":"security/jwt.go:94","msg":"user valerio.vaudi@gmail.com has required authority: ROLE_USER","component":"Jwt"}
{"level":"info","ts":"2026-05-26T14:51:34.512+0200","caller":"security/jwt.go:102","msg":"authenticated user: valerio.vaudi@gmail.com\n","component":"Jwt"}
{"level":"info","ts":"2026-05-26T14:51:34.744+0200","caller":"security/jwt.go:77","msg":"authenticating user: valerio.vaudi@gmail.com\n","component":"Jwt"}
{"level":"info","ts":"2026-05-26T14:51:34.744+0200","caller":"security/jwt.go:86","msg":"user valerio.vaudi@gmail.com has those authority [ROLE_BUDGET ROLE_USER FACTOR_PASSWORD]\n","component":"Jwt"}
{"level":"info","ts":"2026-05-26T14:51:34.744+0200","caller":"security/jwt.go:94","msg":"user valerio.vaudi@gmail.com has required authority: ROLE_USER","component":"Jwt"}
{"level":"info","ts":"2026-05-26T14:51:34.744+0200","caller":"security/jwt.go:102","msg":"authenticated user: valerio.vaudi@gmail.com\n","component":"Jwt"}
{"level":"info","ts":"2026-05-26T14:54:07.480+0200","caller":"security/jwt.go:77","msg":"authenticating user: valerio.vaudi@gmail.com\n","component":"Jwt"}
{"level":"info","ts":"2026-05-26T14:54:07.480+0200","caller":"security/jwt.go:86","msg":"user valerio.vaudi@gmail.com has those authority [ROLE_BUDGET ROLE_USER FACTOR_PASSWORD]\n","component":"Jwt"}
{"level":"info","ts":"2026-05-26T14:54:07.480+0200","caller":"security/jwt.go:94","msg":"user valerio.vaudi@gmail.com has required authority: ROLE_USER","component":"Jwt"}
{"level":"info","ts":"2026-05-26T14:54:07.480+0200","caller":"security/jwt.go:102","msg":"authenticated user: valerio.vaudi@gmail.com\n","component":"Jwt"}
{"level":"info","ts":"2026-05-26T14:54:07.633+0200","caller":"security/jwt.go:77","msg":"authenticating user: valerio.vaudi@gmail.com\n","component":"Jwt"}
{"level":"info","ts":"2026-05-26T14:54:07.633+0200","caller":"security/jwt.go:86","msg":"user valerio.vaudi@gmail.com has those authority [ROLE_BUDGET ROLE_USER FACTOR_PASSWORD]\n","component":"Jwt"}
{"level":"info","ts":"2026-05-26T14:54:07.633+0200","caller":"security/jwt.go:94","msg":"user valerio.vaudi@gmail.com has required authority: ROLE_USER","component":"Jwt"}
{"level":"info","ts":"2026-05-26T14:54:07.633+0200","caller":"security/jwt.go:102","msg":"authenticated user: valerio.vaudi@gmail.com\n","component":"Jwt"}
{"level":"info","ts":"2026-05-26T14:54:07.963+0200","caller":"security/jwt.go:77","msg":"authenticating user: valerio.vaudi@gmail.com\n","component":"Jwt"}
{"level":"info","ts":"2026-05-26T14:54:07.963+0200","caller":"security/jwt.go:86","msg":"user valerio.vaudi@gmail.com has those authority [ROLE_BUDGET ROLE_USER FACTOR_PASSWORD]\n","component":"Jwt"}
{"level":"info","ts":"2026-05-26T14:54:07.963+0200","caller":"security/jwt.go:94","msg":"user valerio.vaudi@gmail.com has required authority: ROLE_USER","component":"Jwt"}
{"level":"info","ts":"2026-05-26T14:54:07.963+0200","caller":"security/jwt.go:102","msg":"authenticated user: valerio.vaudi@gmail.com\n","component":"Jwt"}
{"level":"info","ts":"2026-05-26T14:55:38.642+0200","caller":"security/jwt.go:77","msg":"authenticating user: valerio.vaudi@gmail.com\n","component":"Jwt"}
{"level":"info","ts":"2026-05-26T14:55:38.642+0200","caller":"security/jwt.go:86","msg":"user valerio.vaudi@gmail.com has those authority [ROLE_BUDGET ROLE_USER FACTOR_PASSWORD]\n","component":"Jwt"}
{"level":"info","ts":"2026-05-26T14:55:38.642+0200","caller":"security/jwt.go:94","msg":"user valerio.vaudi@gmail.com has required authority: ROLE_USER","component":"Jwt"}
{"level":"info","ts":"2026-05-26T14:55:38.642+0200","caller":"security/jwt.go:102","msg":"authenticated user: valerio.vaudi@gmail.com\n","component":"Jwt"}
{"level":"info","ts":"2026-05-26T14:55:38.998+0200","caller":"security/jwt.go:77","msg":"authenticating user: valerio.vaudi@gmail.com\n","component":"Jwt"}
{"level":"info","ts":"2026-05-26T14:55:38.998+0200","caller":"security/jwt.go:86","msg":"user valerio.vaudi@gmail.com has those authority [ROLE_BUDGET ROLE_USER FACTOR_PASSWORD]\n","component":"Jwt"}
{"level":"info","ts":"2026-05-26T14:55:38.998+0200","caller":"security/jwt.go:94","msg":"user valerio.vaudi@gmail.com has required authority: ROLE_USER","component":"Jwt"}
{"level":"info","ts":"2026-05-26T14:55:38.998+0200","caller":"security/jwt.go:102","msg":"authenticated user: valerio.vaudi@gmail.com\n","component":"Jwt"}
{"level":"info","ts":"2026-05-26T14:58:06.113+0200","caller":"security/jwt.go:77","msg":"authenticating user: valerio.vaudi@gmail.com\n","component":"Jwt"}
{"level":"info","ts":"2026-05-26T14:58:06.113+0200","caller":"security/jwt.go:86","msg":"user valerio.vaudi@gmail.com has those authority [ROLE_BUDGET ROLE_USER FACTOR_PASSWORD]\n","component":"Jwt"}
{"level":"info","ts":"2026-05-26T14:58:06.113+0200","caller":"security/jwt.go:94","msg":"user valerio.vaudi@gmail.com has required authority: ROLE_USER","component":"Jwt"}
{"level":"info","ts":"2026-05-26T14:58:06.113+0200","caller":"security/jwt.go:102","msg":"authenticated user: valerio.vaudi@gmail.com\n","component":"Jwt"}
{"level":"info","ts":"2026-05-26T14:58:06.488+0200","caller":"security/jwt.go:77","msg":"authenticating user: valerio.vaudi@gmail.com\n","component":"Jwt"}
{"level":"info","ts":"2026-05-26T14:58:06.489+0200","caller":"security/jwt.go:86","msg":"user valerio.vaudi@gmail.com has those authority [ROLE_BUDGET ROLE_USER FACTOR_PASSWORD]\n","component":"Jwt"}
{"level":"info","ts":"2026-05-26T14:58:06.489+0200","caller":"security/jwt.go:94","msg":"user valerio.vaudi@gmail.com has required authority: ROLE_USER","component":"Jwt"}
{"level":"info","ts":"2026-05-26T14:58:06.489+0200","caller":"security/jwt.go:102","msg":"authenticated user: valerio.vaudi@gmail.com\n","component":"Jwt"}
{"level":"info","ts":"2026-05-26T23:24:21.080+0200","caller":"server/web_server.go:161","msg":"shutdown signal received, draining connections","component":"WebServerProvisioner"}
{"level":"info","ts":"2026-05-26T23:24:21.081+0200","caller":"server/web_server.go:97","msg":"Server Shutdown has been started ....","component":"WebServerProvisioner"}
{"level":"info","ts":"2026-05-26T23:24:21.082+0200","caller":"server/web_server.go:98","msg":"There are 3 configurer to be disposed","component":"WebServerProvisioner"}
{"level":"info","ts":"2026-05-26T23:24:21.083+0200","caller":"otel/tracing_provider.go:54","msg":"Shutting down OTel TracerProvider","component":"OtelProvider"}
{"level":"info","ts":"2026-05-26T23:24:21.086+0200","caller":"otel/metric_provider.go:30","msg":"Shutting down OTel MeterProvider","component":"OtelProvider"}
{"level":"info","ts":"2026-05-26T23:24:21.107+0200","caller":"otel/log_provider.go:30","msg":"Shutting down OTel LoggerProvider","component":"OtelProvider"}
{"level":"info","ts":"2026-05-26T23:24:21.123+0200","caller":"server/web_server.go:108","msg":"Server Shutdown completed ....","component":"WebServerProvisioner"}
{"level":"info","ts":"2026-05-26T23:24:21.126+0200","caller":"server/web_server.go:97","msg":"Server Shutdown has been started ....","component":"WebServerProvisioner"}
{"level":"info","ts":"2026-05-26T23:24:21.126+0200","caller":"server/web_server.go:98","msg":"There are 0 configurer to be disposed","component":"WebServerProvisioner"}
{"level":"info","ts":"2026-05-26T23:24:21.126+0200","caller":"server/web_server.go:108","msg":"Server Shutdown completed ....","component":"WebServerProvisioner"}
{"level":"info","ts":"2026-05-27T07:36:23.502+0200","caller":"server/web_server.go:65","msg":"configuring otel","component":"WebServerProvisioner"}
{"level":"info","ts":"2026-05-27T07:36:23.507+0200","caller":"otel/tracing_provider.go:35","msg":"Setting up OTel TracerProvider: service=tag-api protocol=http endpoint=localhost:4318","component":"OtelProvider"}
{"level":"info","ts":"2026-05-27T07:36:23.508+0200","caller":"otel/metric_provider.go:16","msg":"Setting up OTel MeterProvider: service=tag-api protocol=http endpoint=localhost:4318","component":"OtelProvider"}
{"level":"info","ts":"2026-05-27T07:36:23.510+0200","caller":"otel/log_provider.go:16","msg":"Setting up OTel LoggerProvider: service=tag-api protocol=http endpoint=localhost:4318","component":"OtelProvider"}
{"level":"info","ts":"2026-05-27T07:36:23.520+0200","caller":"server/web_server.go:65","msg":"configuring standard-middleware","component":"WebServerProvisioner"}
{"level":"info","ts":"2026-05-27T07:36:23.520+0200","caller":"server/web_server.go:65","msg":"configuring oauth2","component":"WebServerProvisioner"}
{"level":"info","ts":"2026-05-27T07:36:23.541+0200","caller":"security/jwt.go:30","msg":"OAuth2 middleware set up with role: ROLE_USER","component":"Jwt"}
{"level":"info","ts":"2026-05-27T07:36:23.544+0200","caller":"dynamodb/repository.go:38","msg":"Using AWS DynamoDB service without local endpoint","component":"dynamodb.TagDynamoDBRepository"}
{"level":"info","ts":"2026-05-27T07:36:23.546+0200","caller":"server/web_server.go:142","msg":"listening on 0.0.0.0:8000","component":"WebServerProvisioner"}
{"level":"info","ts":"2026-05-27T21:29:25.764+0200","caller":"security/jwt.go:77","msg":"authenticating user: valerio.vaudi@gmail.com\n","component":"Jwt"}
{"level":"info","ts":"2026-05-27T21:29:25.764+0200","caller":"security/jwt.go:86","msg":"user valerio.vaudi@gmail.com has those authority [ROLE_BUDGET ROLE_USER FACTOR_PASSWORD]\n","component":"Jwt"}
{"level":"info","ts":"2026-05-27T21:29:25.764+0200","caller":"security/jwt.go:94","msg":"user valerio.vaudi@gmail.com has required authority: ROLE_USER","component":"Jwt"}
{"level":"info","ts":"2026-05-27T21:29:25.764+0200","caller":"security/jwt.go:102","msg":"authenticated user: valerio.vaudi@gmail.com\n","component":"Jwt"}
{"level":"info","ts":"2026-05-27T21:29:25.973+0200","caller":"security/jwt.go:77","msg":"authenticating user: valerio.vaudi@gmail.com\n","component":"Jwt"}
{"level":"info","ts":"2026-05-27T21:29:25.973+0200","caller":"security/jwt.go:86","msg":"user valerio.vaudi@gmail.com has those authority [ROLE_BUDGET ROLE_USER FACTOR_PASSWORD]\n","component":"Jwt"}
{"level":"info","ts":"2026-05-27T21:29:25.973+0200","caller":"security/jwt.go:94","msg":"user valerio.vaudi@gmail.com has required authority: ROLE_USER","component":"Jwt"}
{"level":"info","ts":"2026-05-27T21:29:25.973+0200","caller":"security/jwt.go:102","msg":"authenticated user: valerio.vaudi@gmail.com\n","component":"Jwt"}
{"level":"info","ts":"2026-05-27T21:29:26.235+0200","caller":"security/jwt.go:77","msg":"authenticating user: valerio.vaudi@gmail.com\n","component":"Jwt"}
{"level":"info","ts":"2026-05-27T21:29:26.235+0200","caller":"security/jwt.go:86","msg":"user valerio.vaudi@gmail.com has those authority [ROLE_BUDGET ROLE_USER FACTOR_PASSWORD]\n","component":"Jwt"}
{"level":"info","ts":"2026-05-27T21:29:26.235+0200","caller":"security/jwt.go:94","msg":"user valerio.vaudi@gmail.com has required authority: ROLE_USER","component":"Jwt"}
{"level":"info","ts":"2026-05-27T21:29:26.235+0200","caller":"security/jwt.go:102","msg":"authenticated user: valerio.vaudi@gmail.com\n","component":"Jwt"}
{"level":"info","ts":"2026-05-27T21:30:58.676+0200","caller":"security/jwt.go:77","msg":"authenticating user: valerio.vaudi@gmail.com\n","component":"Jwt"}
{"level":"info","ts":"2026-05-27T21:30:58.676+0200","caller":"security/jwt.go:86","msg":"user valerio.vaudi@gmail.com has those authority [ROLE_BUDGET ROLE_USER FACTOR_PASSWORD]\n","component":"Jwt"}
{"level":"info","ts":"2026-05-27T21:30:58.676+0200","caller":"security/jwt.go:94","msg":"user valerio.vaudi@gmail.com has required authority: ROLE_USER","component":"Jwt"}
{"level":"info","ts":"2026-05-27T21:30:58.676+0200","caller":"security/jwt.go:102","msg":"authenticated user: valerio.vaudi@gmail.com\n","component":"Jwt"}
{"level":"info","ts":"2026-05-27T21:30:58.991+0200","caller":"security/jwt.go:77","msg":"authenticating user: valerio.vaudi@gmail.com\n","component":"Jwt"}
{"level":"info","ts":"2026-05-27T21:30:58.991+0200","caller":"security/jwt.go:86","msg":"user valerio.vaudi@gmail.com has those authority [ROLE_BUDGET ROLE_USER FACTOR_PASSWORD]\n","component":"Jwt"}
{"level":"info","ts":"2026-05-27T21:30:58.991+0200","caller":"security/jwt.go:94","msg":"user valerio.vaudi@gmail.com has required authority: ROLE_USER","component":"Jwt"}
{"level":"info","ts":"2026-05-27T21:30:58.991+0200","caller":"security/jwt.go:102","msg":"authenticated user: valerio.vaudi@gmail.com\n","component":"Jwt"}
{"level":"info","ts":"2026-05-27T21:33:56.076+0200","caller":"security/jwt.go:77","msg":"authenticating user: valerio.vaudi@gmail.com\n","component":"Jwt"}
{"level":"info","ts":"2026-05-27T21:33:56.076+0200","caller":"security/jwt.go:86","msg":"user valerio.vaudi@gmail.com has those authority [ROLE_BUDGET ROLE_USER FACTOR_PASSWORD]\n","component":"Jwt"}
{"level":"info","ts":"2026-05-27T21:33:56.076+0200","caller":"security/jwt.go:94","msg":"user valerio.vaudi@gmail.com has required authority: ROLE_USER","component":"Jwt"}
{"level":"info","ts":"2026-05-27T21:33:56.076+0200","caller":"security/jwt.go:102","msg":"authenticated user: valerio.vaudi@gmail.com\n","component":"Jwt"}
{"level":"info","ts":"2026-05-27T21:33:56.510+0200","caller":"security/jwt.go:77","msg":"authenticating user: valerio.vaudi@gmail.com\n","component":"Jwt"}
{"level":"info","ts":"2026-05-27T21:33:56.510+0200","caller":"security/jwt.go:86","msg":"user valerio.vaudi@gmail.com has those authority [ROLE_BUDGET ROLE_USER FACTOR_PASSWORD]\n","component":"Jwt"}
{"level":"info","ts":"2026-05-27T21:33:56.510+0200","caller":"security/jwt.go:94","msg":"user valerio.vaudi@gmail.com has required authority: ROLE_USER","component":"Jwt"}
{"level":"info","ts":"2026-05-27T21:33:56.510+0200","caller":"security/jwt.go:102","msg":"authenticated user: valerio.vaudi@gmail.com\n","component":"Jwt"}
{"level":"info","ts":"2026-05-27T21:35:25.539+0200","caller":"security/jwt.go:77","msg":"authenticating user: valerio.vaudi@gmail.com\n","component":"Jwt"}
{"level":"info","ts":"2026-05-27T21:35:25.539+0200","caller":"security/jwt.go:86","msg":"user valerio.vaudi@gmail.com has those authority [ROLE_BUDGET ROLE_USER FACTOR_PASSWORD]\n","component":"Jwt"}
{"level":"info","ts":"2026-05-27T21:35:25.539+0200","caller":"security/jwt.go:94","msg":"user valerio.vaudi@gmail.com has required authority: ROLE_USER","component":"Jwt"}
{"level":"info","ts":"2026-05-27T21:35:25.539+0200","caller":"security/jwt.go:102","msg":"authenticated user: valerio.vaudi@gmail.com\n","component":"Jwt"}
{"level":"info","ts":"2026-05-27T21:35:25.962+0200","caller":"security/jwt.go:77","msg":"authenticating user: valerio.vaudi@gmail.com\n","component":"Jwt"}
{"level":"info","ts":"2026-05-27T21:35:25.962+0200","caller":"security/jwt.go:86","msg":"user valerio.vaudi@gmail.com has those authority [ROLE_BUDGET ROLE_USER FACTOR_PASSWORD]\n","component":"Jwt"}
{"level":"info","ts":"2026-05-27T21:35:25.962+0200","caller":"security/jwt.go:94","msg":"user valerio.vaudi@gmail.com has required authority: ROLE_USER","component":"Jwt"}
{"level":"info","ts":"2026-05-27T21:35:25.962+0200","caller":"security/jwt.go:102","msg":"authenticated user: valerio.vaudi@gmail.com\n","component":"Jwt"}
{"level":"info","ts":"2026-05-27T21:36:49.313+0200","caller":"security/jwt.go:77","msg":"authenticating user: valerio.vaudi@gmail.com\n","component":"Jwt"}
{"level":"info","ts":"2026-05-27T21:36:49.313+0200","caller":"security/jwt.go:86","msg":"user valerio.vaudi@gmail.com has those authority [ROLE_BUDGET ROLE_USER FACTOR_PASSWORD]\n","component":"Jwt"}
{"level":"info","ts":"2026-05-27T21:36:49.313+0200","caller":"security/jwt.go:94","msg":"user valerio.vaudi@gmail.com has required authority: ROLE_USER","component":"Jwt"}
{"level":"info","ts":"2026-05-27T21:36:49.313+0200","caller":"security/jwt.go:102","msg":"authenticated user: valerio.vaudi@gmail.com\n","component":"Jwt"}
{"level":"info","ts":"2026-05-27T21:36:49.661+0200","caller":"security/jwt.go:77","msg":"authenticating user: valerio.vaudi@gmail.com\n","component":"Jwt"}
{"level":"info","ts":"2026-05-27T21:36:49.661+0200","caller":"security/jwt.go:86","msg":"user valerio.vaudi@gmail.com has those authority [ROLE_BUDGET ROLE_USER FACTOR_PASSWORD]\n","component":"Jwt"}
{"level":"info","ts":"2026-05-27T21:36:49.661+0200","caller":"security/jwt.go:94","msg":"user valerio.vaudi@gmail.com has required authority: ROLE_USER","component":"Jwt"}
{"level":"info","ts":"2026-05-27T21:36:49.661+0200","caller":"security/jwt.go:102","msg":"authenticated user: valerio.vaudi@gmail.com\n","component":"Jwt"}
{"level":"info","ts":"2026-05-28T07:44:50.053+0200","caller":"security/jwt.go:77","msg":"authenticating user: valerio.vaudi@gmail.com\n","component":"Jwt"}
{"level":"info","ts":"2026-05-28T07:44:50.054+0200","caller":"security/jwt.go:86","msg":"user valerio.vaudi@gmail.com has those authority [ROLE_BUDGET ROLE_USER FACTOR_PASSWORD]\n","component":"Jwt"}
{"level":"info","ts":"2026-05-28T07:44:50.054+0200","caller":"security/jwt.go:94","msg":"user valerio.vaudi@gmail.com has required authority: ROLE_USER","component":"Jwt"}
{"level":"info","ts":"2026-05-28T07:44:50.054+0200","caller":"security/jwt.go:102","msg":"authenticated user: valerio.vaudi@gmail.com\n","component":"Jwt"}
{"level":"info","ts":"2026-05-28T07:44:50.204+0200","caller":"security/jwt.go:77","msg":"authenticating user: valerio.vaudi@gmail.com\n","component":"Jwt"}
{"level":"info","ts":"2026-05-28T07:44:50.204+0200","caller":"security/jwt.go:86","msg":"user valerio.vaudi@gmail.com has those authority [ROLE_BUDGET ROLE_USER FACTOR_PASSWORD]\n","component":"Jwt"}
{"level":"info","ts":"2026-05-28T07:44:50.204+0200","caller":"security/jwt.go:94","msg":"user valerio.vaudi@gmail.com has required authority: ROLE_USER","component":"Jwt"}
{"level":"info","ts":"2026-05-28T07:44:50.204+0200","caller":"security/jwt.go:102","msg":"authenticated user: valerio.vaudi@gmail.com\n","component":"Jwt"}
{"level":"info","ts":"2026-05-28T07:44:50.827+0200","caller":"security/jwt.go:77","msg":"authenticating user: valerio.vaudi@gmail.com\n","component":"Jwt"}
{"level":"info","ts":"2026-05-28T07:44:50.827+0200","caller":"security/jwt.go:86","msg":"user valerio.vaudi@gmail.com has those authority [ROLE_BUDGET ROLE_USER FACTOR_PASSWORD]\n","component":"Jwt"}
{"level":"info","ts":"2026-05-28T07:44:50.827+0200","caller":"security/jwt.go:94","msg":"user valerio.vaudi@gmail.com has required authority: ROLE_USER","component":"Jwt"}
{"level":"info","ts":"2026-05-28T07:44:50.827+0200","caller":"security/jwt.go:102","msg":"authenticated user: valerio.vaudi@gmail.com\n","component":"Jwt"}
{"level":"info","ts":"2026-05-28T07:46:50.571+0200","caller":"security/jwt.go:77","msg":"authenticating user: valerio.vaudi@gmail.com\n","component":"Jwt"}
{"level":"info","ts":"2026-05-28T07:46:50.571+0200","caller":"security/jwt.go:86","msg":"user valerio.vaudi@gmail.com has those authority [ROLE_BUDGET ROLE_USER FACTOR_PASSWORD]\n","component":"Jwt"}
{"level":"info","ts":"2026-05-28T07:46:50.571+0200","caller":"security/jwt.go:94","msg":"user valerio.vaudi@gmail.com has required authority: ROLE_USER","component":"Jwt"}
{"level":"info","ts":"2026-05-28T07:46:50.571+0200","caller":"security/jwt.go:102","msg":"authenticated user: valerio.vaudi@gmail.com\n","component":"Jwt"}
{"level":"info","ts":"2026-05-28T07:46:50.917+0200","caller":"security/jwt.go:77","msg":"authenticating user: valerio.vaudi@gmail.com\n","component":"Jwt"}
{"level":"info","ts":"2026-05-28T07:46:50.917+0200","caller":"security/jwt.go:86","msg":"user valerio.vaudi@gmail.com has those authority [ROLE_BUDGET ROLE_USER FACTOR_PASSWORD]\n","component":"Jwt"}
{"level":"info","ts":"2026-05-28T07:46:50.917+0200","caller":"security/jwt.go:94","msg":"user valerio.vaudi@gmail.com has required authority: ROLE_USER","component":"Jwt"}
{"level":"info","ts":"2026-05-28T07:46:50.917+0200","caller":"security/jwt.go:102","msg":"authenticated user: valerio.vaudi@gmail.com\n","component":"Jwt"}
{"level":"info","ts":"2026-05-28T17:14:49.962+0200","caller":"security/jwt.go:77","msg":"authenticating user: admin@email.com\n","component":"Jwt"}
{"level":"info","ts":"2026-05-28T17:14:49.962+0200","caller":"security/jwt.go:86","msg":"user admin@email.com has those authority [VAUTHENTICATOR_ADMIN FACTOR_PASSWORD]\n","component":"Jwt"}
{"level":"error","ts":"2026-05-28T17:14:49.962+0200","caller":"security/jwt.go:89","msg":"user admin@email.com does not have required authority: ROLE_USER\n","component":"Jwt"}
{"level":"info","ts":"2026-05-28T17:15:05.107+0200","caller":"security/jwt.go:77","msg":"authenticating user: valerio.vaudi@gmail.com\n","component":"Jwt"}
{"level":"info","ts":"2026-05-28T17:15:05.107+0200","caller":"security/jwt.go:86","msg":"user valerio.vaudi@gmail.com has those authority [ROLE_BUDGET ROLE_USER FACTOR_PASSWORD]\n","component":"Jwt"}
{"level":"info","ts":"2026-05-28T17:15:05.107+0200","caller":"security/jwt.go:94","msg":"user valerio.vaudi@gmail.com has required authority: ROLE_USER","component":"Jwt"}
{"level":"info","ts":"2026-05-28T17:15:05.107+0200","caller":"security/jwt.go:102","msg":"authenticated user: valerio.vaudi@gmail.com\n","component":"Jwt"}
{"level":"info","ts":"2026-05-28T17:15:05.278+0200","caller":"security/jwt.go:77","msg":"authenticating user: admin@email.com\n","component":"Jwt"}
{"level":"info","ts":"2026-05-28T17:15:05.278+0200","caller":"security/jwt.go:86","msg":"user admin@email.com has those authority [VAUTHENTICATOR_ADMIN FACTOR_PASSWORD]\n","component":"Jwt"}
{"level":"error","ts":"2026-05-28T17:15:05.278+0200","caller":"security/jwt.go:89","msg":"user admin@email.com does not have required authority: ROLE_USER\n","component":"Jwt"}
{"level":"info","ts":"2026-05-28T17:15:05.299+0200","caller":"security/jwt.go:77","msg":"authenticating user: valerio.vaudi@gmail.com\n","component":"Jwt"}
{"level":"info","ts":"2026-05-28T17:15:05.299+0200","caller":"security/jwt.go:86","msg":"user valerio.vaudi@gmail.com has those authority [ROLE_BUDGET ROLE_USER FACTOR_PASSWORD]\n","component":"Jwt"}
{"level":"info","ts":"2026-05-28T17:15:05.299+0200","caller":"security/jwt.go:94","msg":"user valerio.vaudi@gmail.com has required authority: ROLE_USER","component":"Jwt"}
{"level":"info","ts":"2026-05-28T17:15:05.299+0200","caller":"security/jwt.go:102","msg":"authenticated user: valerio.vaudi@gmail.com\n","component":"Jwt"}
{"level":"info","ts":"2026-05-28T17:15:05.552+0200","caller":"security/jwt.go:77","msg":"authenticating user: valerio.vaudi@gmail.com\n","component":"Jwt"}
{"level":"info","ts":"2026-05-28T17:15:05.552+0200","caller":"security/jwt.go:86","msg":"user valerio.vaudi@gmail.com has those authority [ROLE_BUDGET ROLE_USER FACTOR_PASSWORD]\n","component":"Jwt"}
{"level":"info","ts":"2026-05-28T17:15:05.552+0200","caller":"security/jwt.go:94","msg":"user valerio.vaudi@gmail.com has required authority: ROLE_USER","component":"Jwt"}
{"level":"info","ts":"2026-05-28T17:15:05.552+0200","caller":"security/jwt.go:102","msg":"authenticated user: valerio.vaudi@gmail.com\n","component":"Jwt"}
{"level":"info","ts":"2026-05-28T17:16:32.799+0200","caller":"security/jwt.go:77","msg":"authenticating user: valerio.vaudi@gmail.com\n","component":"Jwt"}
{"level":"info","ts":"2026-05-28T17:16:32.799+0200","caller":"security/jwt.go:86","msg":"user valerio.vaudi@gmail.com has those authority [ROLE_BUDGET ROLE_USER FACTOR_PASSWORD]\n","component":"Jwt"}
{"level":"info","ts":"2026-05-28T17:16:32.799+0200","caller":"security/jwt.go:94","msg":"user valerio.vaudi@gmail.com has required authority: ROLE_USER","component":"Jwt"}
{"level":"info","ts":"2026-05-28T17:16:32.799+0200","caller":"security/jwt.go:102","msg":"authenticated user: valerio.vaudi@gmail.com\n","component":"Jwt"}
{"level":"info","ts":"2026-05-28T17:16:32.842+0200","caller":"security/jwt.go:77","msg":"authenticating user: valerio.vaudi@gmail.com\n","component":"Jwt"}
{"level":"info","ts":"2026-05-28T17:16:32.842+0200","caller":"security/jwt.go:86","msg":"user valerio.vaudi@gmail.com has those authority [ROLE_BUDGET ROLE_USER FACTOR_PASSWORD]\n","component":"Jwt"}
{"level":"info","ts":"2026-05-28T17:16:32.842+0200","caller":"security/jwt.go:94","msg":"user valerio.vaudi@gmail.com has required authority: ROLE_USER","component":"Jwt"}
{"level":"info","ts":"2026-05-28T17:16:32.842+0200","caller":"security/jwt.go:102","msg":"authenticated user: valerio.vaudi@gmail.com\n","component":"Jwt"}
{"level":"info","ts":"2026-05-28T17:16:33.082+0200","caller":"security/jwt.go:77","msg":"authenticating user: valerio.vaudi@gmail.com\n","component":"Jwt"}
{"level":"info","ts":"2026-05-28T17:16:33.082+0200","caller":"security/jwt.go:86","msg":"user valerio.vaudi@gmail.com has those authority [ROLE_BUDGET ROLE_USER FACTOR_PASSWORD]\n","component":"Jwt"}
{"level":"info","ts":"2026-05-28T17:16:33.083+0200","caller":"security/jwt.go:94","msg":"user valerio.vaudi@gmail.com has required authority: ROLE_USER","component":"Jwt"}
{"level":"info","ts":"2026-05-28T17:16:33.083+0200","caller":"security/jwt.go:102","msg":"authenticated user: valerio.vaudi@gmail.com\n","component":"Jwt"}
{"level":"info","ts":"2026-05-28T17:16:38.303+0200","caller":"security/jwt.go:77","msg":"authenticating user: valerio.vaudi@gmail.com\n","component":"Jwt"}
{"level":"info","ts":"2026-05-28T17:16:38.304+0200","caller":"security/jwt.go:86","msg":"user valerio.vaudi@gmail.com has those authority [ROLE_BUDGET ROLE_USER FACTOR_PASSWORD]\n","component":"Jwt"}
{"level":"info","ts":"2026-05-28T17:16:38.304+0200","caller":"security/jwt.go:94","msg":"user valerio.vaudi@gmail.com has required authority: ROLE_USER","component":"Jwt"}
{"level":"info","ts":"2026-05-28T17:16:38.304+0200","caller":"security/jwt.go:102","msg":"authenticated user: valerio.vaudi@gmail.com\n","component":"Jwt"}
{"level":"info","ts":"2026-05-28T17:23:11.385+0200","caller":"security/jwt.go:77","msg":"authenticating user: valerio.vaudi@gmail.com\n","component":"Jwt"}
{"level":"info","ts":"2026-05-28T17:23:11.385+0200","caller":"security/jwt.go:86","msg":"user valerio.vaudi@gmail.com has those authority [ROLE_BUDGET ROLE_USER FACTOR_PASSWORD]\n","component":"Jwt"}
{"level":"info","ts":"2026-05-28T17:23:11.385+0200","caller":"security/jwt.go:94","msg":"user valerio.vaudi@gmail.com has required authority: ROLE_USER","component":"Jwt"}
{"level":"info","ts":"2026-05-28T17:23:11.385+0200","caller":"security/jwt.go:102","msg":"authenticated user: valerio.vaudi@gmail.com\n","component":"Jwt"}
{"level":"info","ts":"2026-05-28T17:23:11.543+0200","caller":"security/jwt.go:77","msg":"authenticating user: valerio.vaudi@gmail.com\n","component":"Jwt"}
{"level":"info","ts":"2026-05-28T17:23:11.543+0200","caller":"security/jwt.go:86","msg":"user valerio.vaudi@gmail.com has those authority [ROLE_BUDGET ROLE_USER FACTOR_PASSWORD]\n","component":"Jwt"}
{"level":"info","ts":"2026-05-28T17:23:11.543+0200","caller":"security/jwt.go:94","msg":"user valerio.vaudi@gmail.com has required authority: ROLE_USER","component":"Jwt"}
{"level":"info","ts":"2026-05-28T17:23:11.543+0200","caller":"security/jwt.go:102","msg":"authenticated user: valerio.vaudi@gmail.com\n","component":"Jwt"}
{"level":"info","ts":"2026-05-28T17:23:11.879+0200","caller":"security/jwt.go:77","msg":"authenticating user: valerio.vaudi@gmail.com\n","component":"Jwt"}
{"level":"info","ts":"2026-05-28T17:23:11.879+0200","caller":"security/jwt.go:86","msg":"user valerio.vaudi@gmail.com has those authority [ROLE_BUDGET ROLE_USER FACTOR_PASSWORD]\n","component":"Jwt"}
{"level":"info","ts":"2026-05-28T17:23:11.879+0200","caller":"security/jwt.go:94","msg":"user valerio.vaudi@gmail.com has required authority: ROLE_USER","component":"Jwt"}
{"level":"info","ts":"2026-05-28T17:23:11.879+0200","caller":"security/jwt.go:102","msg":"authenticated user: valerio.vaudi@gmail.com\n","component":"Jwt"}
{"level":"info","ts":"2026-05-28T21:56:13.673+0200","caller":"security/jwt.go:77","msg":"authenticating user: valerio.vaudi@gmail.com\n","component":"Jwt"}
{"level":"info","ts":"2026-05-28T21:56:13.673+0200","caller":"security/jwt.go:86","msg":"user valerio.vaudi@gmail.com has those authority [ROLE_BUDGET ROLE_USER FACTOR_PASSWORD]\n","component":"Jwt"}
{"level":"info","ts":"2026-05-28T21:56:13.673+0200","caller":"security/jwt.go:94","msg":"user valerio.vaudi@gmail.com has required authority: ROLE_USER","component":"Jwt"}
{"level":"info","ts":"2026-05-28T21:56:13.673+0200","caller":"security/jwt.go:102","msg":"authenticated user: valerio.vaudi@gmail.com\n","component":"Jwt"}
{"level":"info","ts":"2026-05-28T21:56:13.833+0200","caller":"security/jwt.go:77","msg":"authenticating user: valerio.vaudi@gmail.com\n","component":"Jwt"}
{"level":"info","ts":"2026-05-28T21:56:13.833+0200","caller":"security/jwt.go:86","msg":"user valerio.vaudi@gmail.com has those authority [ROLE_BUDGET ROLE_USER FACTOR_PASSWORD]\n","component":"Jwt"}
{"level":"info","ts":"2026-05-28T21:56:13.833+0200","caller":"security/jwt.go:94","msg":"user valerio.vaudi@gmail.com has required authority: ROLE_USER","component":"Jwt"}
{"level":"info","ts":"2026-05-28T21:56:13.833+0200","caller":"security/jwt.go:102","msg":"authenticated user: valerio.vaudi@gmail.com\n","component":"Jwt"}
{"level":"info","ts":"2026-05-28T21:56:14.143+0200","caller":"security/jwt.go:77","msg":"authenticating user: valerio.vaudi@gmail.com\n","component":"Jwt"}
{"level":"info","ts":"2026-05-28T21:56:14.143+0200","caller":"security/jwt.go:86","msg":"user valerio.vaudi@gmail.com has those authority [ROLE_BUDGET ROLE_USER FACTOR_PASSWORD]\n","component":"Jwt"}
{"level":"info","ts":"2026-05-28T21:56:14.143+0200","caller":"security/jwt.go:94","msg":"user valerio.vaudi@gmail.com has required authority: ROLE_USER","component":"Jwt"}
{"level":"info","ts":"2026-05-28T21:56:14.143+0200","caller":"security/jwt.go:102","msg":"authenticated user: valerio.vaudi@gmail.com\n","component":"Jwt"}
{"level":"info","ts":"2026-05-28T21:57:56.367+0200","caller":"security/jwt.go:77","msg":"authenticating user: valerio.vaudi@gmail.com\n","component":"Jwt"}
{"level":"info","ts":"2026-05-28T21:57:56.367+0200","caller":"security/jwt.go:86","msg":"user valerio.vaudi@gmail.com has those authority [ROLE_BUDGET ROLE_USER FACTOR_PASSWORD]\n","component":"Jwt"}
{"level":"info","ts":"2026-05-28T21:57:56.367+0200","caller":"security/jwt.go:94","msg":"user valerio.vaudi@gmail.com has required authority: ROLE_USER","component":"Jwt"}
{"level":"info","ts":"2026-05-28T21:57:56.367+0200","caller":"security/jwt.go:102","msg":"authenticated user: valerio.vaudi@gmail.com\n","component":"Jwt"}
{"level":"info","ts":"2026-05-28T21:57:56.768+0200","caller":"security/jwt.go:77","msg":"authenticating user: valerio.vaudi@gmail.com\n","component":"Jwt"}
{"level":"info","ts":"2026-05-28T21:57:56.768+0200","caller":"security/jwt.go:86","msg":"user valerio.vaudi@gmail.com has those authority [ROLE_BUDGET ROLE_USER FACTOR_PASSWORD]\n","component":"Jwt"}
{"level":"info","ts":"2026-05-28T21:57:56.768+0200","caller":"security/jwt.go:94","msg":"user valerio.vaudi@gmail.com has required authority: ROLE_USER","component":"Jwt"}
{"level":"info","ts":"2026-05-28T21:57:56.768+0200","caller":"security/jwt.go:102","msg":"authenticated user: valerio.vaudi@gmail.com\n","component":"Jwt"}
{"level":"info","ts":"2026-05-29T20:31:26.619+0200","caller":"security/jwt.go:77","msg":"authenticating user: valerio.vaudi@gmail.com\n","component":"Jwt"}
{"level":"info","ts":"2026-05-29T20:31:26.619+0200","caller":"security/jwt.go:86","msg":"user valerio.vaudi@gmail.com has those authority [ROLE_BUDGET ROLE_USER FACTOR_PASSWORD]\n","component":"Jwt"}
{"level":"info","ts":"2026-05-29T20:31:26.619+0200","caller":"security/jwt.go:94","msg":"user valerio.vaudi@gmail.com has required authority: ROLE_USER","component":"Jwt"}
{"level":"info","ts":"2026-05-29T20:31:26.619+0200","caller":"security/jwt.go:102","msg":"authenticated user: valerio.vaudi@gmail.com\n","component":"Jwt"}
{"level":"info","ts":"2026-05-29T20:31:26.820+0200","caller":"security/jwt.go:77","msg":"authenticating user: valerio.vaudi@gmail.com\n","component":"Jwt"}
{"level":"info","ts":"2026-05-29T20:31:26.820+0200","caller":"security/jwt.go:86","msg":"user valerio.vaudi@gmail.com has those authority [ROLE_BUDGET ROLE_USER FACTOR_PASSWORD]\n","component":"Jwt"}
{"level":"info","ts":"2026-05-29T20:31:26.820+0200","caller":"security/jwt.go:94","msg":"user valerio.vaudi@gmail.com has required authority: ROLE_USER","component":"Jwt"}
{"level":"info","ts":"2026-05-29T20:31:26.820+0200","caller":"security/jwt.go:102","msg":"authenticated user: valerio.vaudi@gmail.com\n","component":"Jwt"}
{"level":"info","ts":"2026-05-29T20:31:27.168+0200","caller":"security/jwt.go:77","msg":"authenticating user: valerio.vaudi@gmail.com\n","component":"Jwt"}
{"level":"info","ts":"2026-05-29T20:31:27.168+0200","caller":"security/jwt.go:86","msg":"user valerio.vaudi@gmail.com has those authority [ROLE_BUDGET ROLE_USER FACTOR_PASSWORD]\n","component":"Jwt"}
{"level":"info","ts":"2026-05-29T20:31:27.168+0200","caller":"security/jwt.go:94","msg":"user valerio.vaudi@gmail.com has required authority: ROLE_USER","component":"Jwt"}
{"level":"info","ts":"2026-05-29T20:31:27.168+0200","caller":"security/jwt.go:102","msg":"authenticated user: valerio.vaudi@gmail.com\n","component":"Jwt"}
{"level":"info","ts":"2026-05-29T20:32:54.737+0200","caller":"security/jwt.go:77","msg":"authenticating user: valerio.vaudi@gmail.com\n","component":"Jwt"}
{"level":"info","ts":"2026-05-29T20:32:54.737+0200","caller":"security/jwt.go:86","msg":"user valerio.vaudi@gmail.com has those authority [ROLE_BUDGET ROLE_USER FACTOR_PASSWORD]\n","component":"Jwt"}
{"level":"info","ts":"2026-05-29T20:32:54.737+0200","caller":"security/jwt.go:94","msg":"user valerio.vaudi@gmail.com has required authority: ROLE_USER","component":"Jwt"}
{"level":"info","ts":"2026-05-29T20:32:54.737+0200","caller":"security/jwt.go:102","msg":"authenticated user: valerio.vaudi@gmail.com\n","component":"Jwt"}
{"level":"info","ts":"2026-05-29T20:32:55.129+0200","caller":"security/jwt.go:77","msg":"authenticating user: valerio.vaudi@gmail.com\n","component":"Jwt"}
{"level":"info","ts":"2026-05-29T20:32:55.130+0200","caller":"security/jwt.go:86","msg":"user valerio.vaudi@gmail.com has those authority [ROLE_BUDGET ROLE_USER FACTOR_PASSWORD]\n","component":"Jwt"}
{"level":"info","ts":"2026-05-29T20:32:55.130+0200","caller":"security/jwt.go:94","msg":"user valerio.vaudi@gmail.com has required authority: ROLE_USER","component":"Jwt"}
{"level":"info","ts":"2026-05-29T20:32:55.130+0200","caller":"security/jwt.go:102","msg":"authenticated user: valerio.vaudi@gmail.com\n","component":"Jwt"}
{"level":"info","ts":"2026-05-29T20:33:56.095+0200","caller":"security/jwt.go:77","msg":"authenticating user: valerio.vaudi@gmail.com\n","component":"Jwt"}
{"level":"info","ts":"2026-05-29T20:33:56.095+0200","caller":"security/jwt.go:86","msg":"user valerio.vaudi@gmail.com has those authority [ROLE_BUDGET ROLE_USER FACTOR_PASSWORD]\n","component":"Jwt"}
{"level":"info","ts":"2026-05-29T20:33:56.095+0200","caller":"security/jwt.go:94","msg":"user valerio.vaudi@gmail.com has required authority: ROLE_USER","component":"Jwt"}
{"level":"info","ts":"2026-05-29T20:33:56.095+0200","caller":"security/jwt.go:102","msg":"authenticated user: valerio.vaudi@gmail.com\n","component":"Jwt"}
{"level":"info","ts":"2026-05-29T20:33:56.422+0200","caller":"security/jwt.go:77","msg":"authenticating user: valerio.vaudi@gmail.com\n","component":"Jwt"}
{"level":"info","ts":"2026-05-29T20:33:56.423+0200","caller":"security/jwt.go:86","msg":"user valerio.vaudi@gmail.com has those authority [ROLE_BUDGET ROLE_USER FACTOR_PASSWORD]\n","component":"Jwt"}
{"level":"info","ts":"2026-05-29T20:33:56.423+0200","caller":"security/jwt.go:94","msg":"user valerio.vaudi@gmail.com has required authority: ROLE_USER","component":"Jwt"}
{"level":"info","ts":"2026-05-29T20:33:56.423+0200","caller":"security/jwt.go:102","msg":"authenticated user: valerio.vaudi@gmail.com\n","component":"Jwt"}
{"level":"info","ts":"2026-05-29T22:12:24.106+0200","caller":"security/jwt.go:77","msg":"authenticating user: valerio.vaudi@gmail.com\n","component":"Jwt"}
{"level":"info","ts":"2026-05-29T22:12:24.106+0200","caller":"security/jwt.go:86","msg":"user valerio.vaudi@gmail.com has those authority [ROLE_BUDGET ROLE_USER FACTOR_PASSWORD]\n","component":"Jwt"}
{"level":"info","ts":"2026-05-29T22:12:24.106+0200","caller":"security/jwt.go:94","msg":"user valerio.vaudi@gmail.com has required authority: ROLE_USER","component":"Jwt"}
{"level":"info","ts":"2026-05-29T22:12:24.106+0200","caller":"security/jwt.go:102","msg":"authenticated user: valerio.vaudi@gmail.com\n","component":"Jwt"}
{"level":"info","ts":"2026-05-29T22:12:24.274+0200","caller":"security/jwt.go:77","msg":"authenticating user: valerio.vaudi@gmail.com\n","component":"Jwt"}
{"level":"info","ts":"2026-05-29T22:12:24.274+0200","caller":"security/jwt.go:86","msg":"user valerio.vaudi@gmail.com has those authority [ROLE_BUDGET ROLE_USER FACTOR_PASSWORD]\n","component":"Jwt"}
{"level":"info","ts":"2026-05-29T22:12:24.274+0200","caller":"security/jwt.go:94","msg":"user valerio.vaudi@gmail.com has required authority: ROLE_USER","component":"Jwt"}
{"level":"info","ts":"2026-05-29T22:12:24.274+0200","caller":"security/jwt.go:102","msg":"authenticated user: valerio.vaudi@gmail.com\n","component":"Jwt"}
{"level":"info","ts":"2026-05-29T22:12:24.539+0200","caller":"security/jwt.go:77","msg":"authenticating user: valerio.vaudi@gmail.com\n","component":"Jwt"}
{"level":"info","ts":"2026-05-29T22:12:24.539+0200","caller":"security/jwt.go:86","msg":"user valerio.vaudi@gmail.com has those authority [ROLE_BUDGET ROLE_USER FACTOR_PASSWORD]\n","component":"Jwt"}
{"level":"info","ts":"2026-05-29T22:12:24.539+0200","caller":"security/jwt.go:94","msg":"user valerio.vaudi@gmail.com has required authority: ROLE_USER","component":"Jwt"}
{"level":"info","ts":"2026-05-29T22:12:24.539+0200","caller":"security/jwt.go:102","msg":"authenticated user: valerio.vaudi@gmail.com\n","component":"Jwt"}
{"level":"info","ts":"2026-05-30T10:16:20.298+0200","caller":"security/jwt.go:77","msg":"authenticating user: valerio.vaudi@gmail.com\n","component":"Jwt"}
{"level":"info","ts":"2026-05-30T10:16:20.298+0200","caller":"security/jwt.go:86","msg":"user valerio.vaudi@gmail.com has those authority [ROLE_BUDGET ROLE_USER FACTOR_PASSWORD]\n","component":"Jwt"}
{"level":"info","ts":"2026-05-30T10:16:20.298+0200","caller":"security/jwt.go:94","msg":"user valerio.vaudi@gmail.com has required authority: ROLE_USER","component":"Jwt"}
{"level":"info","ts":"2026-05-30T10:16:20.298+0200","caller":"security/jwt.go:102","msg":"authenticated user: valerio.vaudi@gmail.com\n","component":"Jwt"}
{"level":"info","ts":"2026-05-30T10:16:20.469+0200","caller":"security/jwt.go:77","msg":"authenticating user: valerio.vaudi@gmail.com\n","component":"Jwt"}
{"level":"info","ts":"2026-05-30T10:16:20.469+0200","caller":"security/jwt.go:86","msg":"user valerio.vaudi@gmail.com has those authority [ROLE_BUDGET ROLE_USER FACTOR_PASSWORD]\n","component":"Jwt"}
{"level":"info","ts":"2026-05-30T10:16:20.469+0200","caller":"security/jwt.go:94","msg":"user valerio.vaudi@gmail.com has required authority: ROLE_USER","component":"Jwt"}
{"level":"info","ts":"2026-05-30T10:16:20.469+0200","caller":"security/jwt.go:102","msg":"authenticated user: valerio.vaudi@gmail.com\n","component":"Jwt"}
{"level":"info","ts":"2026-05-30T10:16:20.745+0200","caller":"security/jwt.go:77","msg":"authenticating user: valerio.vaudi@gmail.com\n","component":"Jwt"}
{"level":"info","ts":"2026-05-30T10:16:20.745+0200","caller":"security/jwt.go:86","msg":"user valerio.vaudi@gmail.com has those authority [ROLE_BUDGET ROLE_USER FACTOR_PASSWORD]\n","component":"Jwt"}
{"level":"info","ts":"2026-05-30T10:16:20.745+0200","caller":"security/jwt.go:94","msg":"user valerio.vaudi@gmail.com has required authority: ROLE_USER","component":"Jwt"}
{"level":"info","ts":"2026-05-30T10:16:20.745+0200","caller":"security/jwt.go:102","msg":"authenticated user: valerio.vaudi@gmail.com\n","component":"Jwt"}
{"level":"info","ts":"2026-05-30T22:34:16.293+0200","caller":"security/jwt.go:77","msg":"authenticating user: valerio.vaudi@gmail.com\n","component":"Jwt"}
{"level":"info","ts":"2026-05-30T22:34:16.293+0200","caller":"security/jwt.go:86","msg":"user valerio.vaudi@gmail.com has those authority [ROLE_BUDGET ROLE_USER FACTOR_PASSWORD]\n","component":"Jwt"}
{"level":"info","ts":"2026-05-30T22:34:16.293+0200","caller":"security/jwt.go:94","msg":"user valerio.vaudi@gmail.com has required authority: ROLE_USER","component":"Jwt"}
{"level":"info","ts":"2026-05-30T22:34:16.293+0200","caller":"security/jwt.go:102","msg":"authenticated user: valerio.vaudi@gmail.com\n","component":"Jwt"}
{"level":"info","ts":"2026-05-30T22:34:16.503+0200","caller":"security/jwt.go:77","msg":"authenticating user: valerio.vaudi@gmail.com\n","component":"Jwt"}
{"level":"info","ts":"2026-05-30T22:34:16.504+0200","caller":"security/jwt.go:86","msg":"user valerio.vaudi@gmail.com has those authority [ROLE_BUDGET ROLE_USER FACTOR_PASSWORD]\n","component":"Jwt"}
{"level":"info","ts":"2026-05-30T22:34:16.504+0200","caller":"security/jwt.go:94","msg":"user valerio.vaudi@gmail.com has required authority: ROLE_USER","component":"Jwt"}
{"level":"info","ts":"2026-05-30T22:34:16.504+0200","caller":"security/jwt.go:102","msg":"authenticated user: valerio.vaudi@gmail.com\n","component":"Jwt"}
{"level":"info","ts":"2026-05-30T22:34:16.887+0200","caller":"security/jwt.go:77","msg":"authenticating user: valerio.vaudi@gmail.com\n","component":"Jwt"}
{"level":"info","ts":"2026-05-30T22:34:16.887+0200","caller":"security/jwt.go:86","msg":"user valerio.vaudi@gmail.com has those authority [ROLE_BUDGET ROLE_USER FACTOR_PASSWORD]\n","component":"Jwt"}
{"level":"info","ts":"2026-05-30T22:34:16.887+0200","caller":"security/jwt.go:94","msg":"user valerio.vaudi@gmail.com has required authority: ROLE_USER","component":"Jwt"}
{"level":"info","ts":"2026-05-30T22:34:16.887+0200","caller":"security/jwt.go:102","msg":"authenticated user: valerio.vaudi@gmail.com\n","component":"Jwt"}
{"level":"info","ts":"2026-05-30T22:45:26.538+0200","caller":"security/jwt.go:77","msg":"authenticating user: valerio.vaudi@gmail.com\n","component":"Jwt"}
{"level":"info","ts":"2026-05-30T22:45:26.538+0200","caller":"security/jwt.go:86","msg":"user valerio.vaudi@gmail.com has those authority [ROLE_BUDGET ROLE_USER FACTOR_PASSWORD]\n","component":"Jwt"}
{"level":"info","ts":"2026-05-30T22:45:26.538+0200","caller":"security/jwt.go:94","msg":"user valerio.vaudi@gmail.com has required authority: ROLE_USER","component":"Jwt"}
{"level":"info","ts":"2026-05-30T22:45:26.538+0200","caller":"security/jwt.go:102","msg":"authenticated user: valerio.vaudi@gmail.com\n","component":"Jwt"}
{"level":"info","ts":"2026-05-30T22:45:26.979+0200","caller":"security/jwt.go:77","msg":"authenticating user: valerio.vaudi@gmail.com\n","component":"Jwt"}
{"level":"info","ts":"2026-05-30T22:45:26.979+0200","caller":"security/jwt.go:86","msg":"user valerio.vaudi@gmail.com has those authority [ROLE_BUDGET ROLE_USER FACTOR_PASSWORD]\n","component":"Jwt"}
{"level":"info","ts":"2026-05-30T22:45:26.979+0200","caller":"security/jwt.go:94","msg":"user valerio.vaudi@gmail.com has required authority: ROLE_USER","component":"Jwt"}
{"level":"info","ts":"2026-05-30T22:45:26.979+0200","caller":"security/jwt.go:102","msg":"authenticated user: valerio.vaudi@gmail.com\n","component":"Jwt"}
{"level":"info","ts":"2026-05-30T22:45:27.550+0200","caller":"security/jwt.go:77","msg":"authenticating user: valerio.vaudi@gmail.com\n","component":"Jwt"}
{"level":"info","ts":"2026-05-30T22:45:27.551+0200","caller":"security/jwt.go:86","msg":"user valerio.vaudi@gmail.com has those authority [ROLE_BUDGET ROLE_USER FACTOR_PASSWORD]\n","component":"Jwt"}
{"level":"info","ts":"2026-05-30T22:45:27.551+0200","caller":"security/jwt.go:94","msg":"user valerio.vaudi@gmail.com has required authority: ROLE_USER","component":"Jwt"}
{"level":"info","ts":"2026-05-30T22:45:27.551+0200","caller":"security/jwt.go:102","msg":"authenticated user: valerio.vaudi@gmail.com\n","component":"Jwt"}
{"level":"error","ts":"2026-05-30T22:53:16.286+0200","caller":"security/jwt.go:64","msg":"failed to verify jwt token: jwt.Parse: failed to parse token: unknown payload type (payload is not JWT?)\n","component":"Jwt"}
{"level":"info","ts":"2026-05-30T22:53:20.954+0200","caller":"security/jwt.go:77","msg":"authenticating user: valerio.vaudi@gmail.com\n","component":"Jwt"}
{"level":"info","ts":"2026-05-30T22:53:20.954+0200","caller":"security/jwt.go:86","msg":"user valerio.vaudi@gmail.com has those authority [ROLE_BUDGET ROLE_USER FACTOR_PASSWORD]\n","component":"Jwt"}
{"level":"info","ts":"2026-05-30T22:53:20.954+0200","caller":"security/jwt.go:94","msg":"user valerio.vaudi@gmail.com has required authority: ROLE_USER","component":"Jwt"}
{"level":"info","ts":"2026-05-30T22:53:20.954+0200","caller":"security/jwt.go:102","msg":"authenticated user: valerio.vaudi@gmail.com\n","component":"Jwt"}
{"level":"info","ts":"2026-05-30T22:53:21.103+0200","caller":"security/jwt.go:77","msg":"authenticating user: valerio.vaudi@gmail.com\n","component":"Jwt"}
{"level":"info","ts":"2026-05-30T22:53:21.103+0200","caller":"security/jwt.go:86","msg":"user valerio.vaudi@gmail.com has those authority [ROLE_BUDGET ROLE_USER FACTOR_PASSWORD]\n","component":"Jwt"}
{"level":"info","ts":"2026-05-30T22:53:21.103+0200","caller":"security/jwt.go:94","msg":"user valerio.vaudi@gmail.com has required authority: ROLE_USER","component":"Jwt"}
{"level":"info","ts":"2026-05-30T22:53:21.103+0200","caller":"security/jwt.go:102","msg":"authenticated user: valerio.vaudi@gmail.com\n","component":"Jwt"}
{"level":"info","ts":"2026-05-30T22:53:21.368+0200","caller":"security/jwt.go:77","msg":"authenticating user: valerio.vaudi@gmail.com\n","component":"Jwt"}
{"level":"info","ts":"2026-05-30T22:53:21.368+0200","caller":"security/jwt.go:86","msg":"user valerio.vaudi@gmail.com has those authority [ROLE_BUDGET ROLE_USER FACTOR_PASSWORD]\n","component":"Jwt"}
{"level":"info","ts":"2026-05-30T22:53:21.368+0200","caller":"security/jwt.go:94","msg":"user valerio.vaudi@gmail.com has required authority: ROLE_USER","component":"Jwt"}
{"level":"info","ts":"2026-05-30T22:53:21.368+0200","caller":"security/jwt.go:102","msg":"authenticated user: valerio.vaudi@gmail.com\n","component":"Jwt"}
{"level":"info","ts":"2026-05-30T22:55:06.804+0200","caller":"security/jwt.go:77","msg":"authenticating user: valerio.vaudi@gmail.com\n","component":"Jwt"}
{"level":"info","ts":"2026-05-30T22:55:06.804+0200","caller":"security/jwt.go:86","msg":"user valerio.vaudi@gmail.com has those authority [ROLE_BUDGET ROLE_USER FACTOR_PASSWORD]\n","component":"Jwt"}
{"level":"info","ts":"2026-05-30T22:55:06.804+0200","caller":"security/jwt.go:94","msg":"user valerio.vaudi@gmail.com has required authority: ROLE_USER","component":"Jwt"}
{"level":"info","ts":"2026-05-30T22:55:06.804+0200","caller":"security/jwt.go:102","msg":"authenticated user: valerio.vaudi@gmail.com\n","component":"Jwt"}
{"level":"info","ts":"2026-05-30T22:55:06.917+0200","caller":"security/jwt.go:77","msg":"authenticating user: valerio.vaudi@gmail.com\n","component":"Jwt"}
{"level":"info","ts":"2026-05-30T22:55:06.918+0200","caller":"security/jwt.go:86","msg":"user valerio.vaudi@gmail.com has those authority [ROLE_BUDGET ROLE_USER FACTOR_PASSWORD]\n","component":"Jwt"}
{"level":"info","ts":"2026-05-30T22:55:06.918+0200","caller":"security/jwt.go:94","msg":"user valerio.vaudi@gmail.com has required authority: ROLE_USER","component":"Jwt"}
{"level":"info","ts":"2026-05-30T22:55:06.918+0200","caller":"security/jwt.go:102","msg":"authenticated user: valerio.vaudi@gmail.com\n","component":"Jwt"}
{"level":"info","ts":"2026-05-30T22:55:07.187+0200","caller":"security/jwt.go:77","msg":"authenticating user: valerio.vaudi@gmail.com\n","component":"Jwt"}
{"level":"info","ts":"2026-05-30T22:55:07.188+0200","caller":"security/jwt.go:86","msg":"user valerio.vaudi@gmail.com has those authority [ROLE_BUDGET ROLE_USER FACTOR_PASSWORD]\n","component":"Jwt"}
{"level":"info","ts":"2026-05-30T22:55:07.188+0200","caller":"security/jwt.go:94","msg":"user valerio.vaudi@gmail.com has required authority: ROLE_USER","component":"Jwt"}
{"level":"info","ts":"2026-05-30T22:55:07.188+0200","caller":"security/jwt.go:102","msg":"authenticated user: valerio.vaudi@gmail.com\n","component":"Jwt"}
{"level":"info","ts":"2026-05-30T23:06:33.794+0200","caller":"security/jwt.go:77","msg":"authenticating user: valerio.vaudi@gmail.com\n","component":"Jwt"}
{"level":"info","ts":"2026-05-30T23:06:33.794+0200","caller":"security/jwt.go:86","msg":"user valerio.vaudi@gmail.com has those authority [ROLE_BUDGET ROLE_USER FACTOR_PASSWORD]\n","component":"Jwt"}
{"level":"info","ts":"2026-05-30T23:06:33.794+0200","caller":"security/jwt.go:94","msg":"user valerio.vaudi@gmail.com has required authority: ROLE_USER","component":"Jwt"}
{"level":"info","ts":"2026-05-30T23:06:33.794+0200","caller":"security/jwt.go:102","msg":"authenticated user: valerio.vaudi@gmail.com\n","component":"Jwt"}
{"level":"info","ts":"2026-05-30T23:06:33.948+0200","caller":"security/jwt.go:77","msg":"authenticating user: valerio.vaudi@gmail.com\n","component":"Jwt"}
{"level":"info","ts":"2026-05-30T23:06:33.948+0200","caller":"security/jwt.go:86","msg":"user valerio.vaudi@gmail.com has those authority [ROLE_BUDGET ROLE_USER FACTOR_PASSWORD]\n","component":"Jwt"}
{"level":"info","ts":"2026-05-30T23:06:33.948+0200","caller":"security/jwt.go:94","msg":"user valerio.vaudi@gmail.com has required authority: ROLE_USER","component":"Jwt"}
{"level":"info","ts":"2026-05-30T23:06:33.948+0200","caller":"security/jwt.go:102","msg":"authenticated user: valerio.vaudi@gmail.com\n","component":"Jwt"}
{"level":"info","ts":"2026-05-30T23:06:34.206+0200","caller":"security/jwt.go:77","msg":"authenticating user: valerio.vaudi@gmail.com\n","component":"Jwt"}
{"level":"info","ts":"2026-05-30T23:06:34.207+0200","caller":"security/jwt.go:86","msg":"user valerio.vaudi@gmail.com has those authority [ROLE_BUDGET ROLE_USER FACTOR_PASSWORD]\n","component":"Jwt"}
{"level":"info","ts":"2026-05-30T23:06:34.207+0200","caller":"security/jwt.go:94","msg":"user valerio.vaudi@gmail.com has required authority: ROLE_USER","component":"Jwt"}
{"level":"info","ts":"2026-05-30T23:06:34.207+0200","caller":"security/jwt.go:102","msg":"authenticated user: valerio.vaudi@gmail.com\n","component":"Jwt"}
{"level":"info","ts":"2026-05-30T23:06:42.291+0200","caller":"security/jwt.go:77","msg":"authenticating user: valerio.vaudi@gmail.com\n","component":"Jwt"}
{"level":"info","ts":"2026-05-30T23:06:42.291+0200","caller":"security/jwt.go:86","msg":"user valerio.vaudi@gmail.com has those authority [ROLE_BUDGET ROLE_USER FACTOR_PASSWORD]\n","component":"Jwt"}
{"level":"info","ts":"2026-05-30T23:06:42.291+0200","caller":"security/jwt.go:94","msg":"user valerio.vaudi@gmail.com has required authority: ROLE_USER","component":"Jwt"}
{"level":"info","ts":"2026-05-30T23:06:42.291+0200","caller":"security/jwt.go:102","msg":"authenticated user: valerio.vaudi@gmail.com\n","component":"Jwt"}
{"level":"info","ts":"2026-05-31T00:55:26.930+0200","caller":"security/jwt.go:77","msg":"authenticating user: valerio.vaudi@gmail.com\n","component":"Jwt"}
{"level":"info","ts":"2026-05-31T00:55:26.930+0200","caller":"security/jwt.go:86","msg":"user valerio.vaudi@gmail.com has those authority [ROLE_BUDGET ROLE_USER FACTOR_PASSWORD]\n","component":"Jwt"}
{"level":"info","ts":"2026-05-31T00:55:26.930+0200","caller":"security/jwt.go:94","msg":"user valerio.vaudi@gmail.com has required authority: ROLE_USER","component":"Jwt"}
{"level":"info","ts":"2026-05-31T00:55:26.930+0200","caller":"security/jwt.go:102","msg":"authenticated user: valerio.vaudi@gmail.com\n","component":"Jwt"}
{"level":"info","ts":"2026-05-31T00:55:27.069+0200","caller":"security/jwt.go:77","msg":"authenticating user: valerio.vaudi@gmail.com\n","component":"Jwt"}
{"level":"info","ts":"2026-05-31T00:55:27.069+0200","caller":"security/jwt.go:86","msg":"user valerio.vaudi@gmail.com has those authority [ROLE_BUDGET ROLE_USER FACTOR_PASSWORD]\n","component":"Jwt"}
{"level":"info","ts":"2026-05-31T00:55:27.069+0200","caller":"security/jwt.go:94","msg":"user valerio.vaudi@gmail.com has required authority: ROLE_USER","component":"Jwt"}
{"level":"info","ts":"2026-05-31T00:55:27.069+0200","caller":"security/jwt.go:102","msg":"authenticated user: valerio.vaudi@gmail.com\n","component":"Jwt"}
{"level":"info","ts":"2026-05-31T00:55:27.309+0200","caller":"security/jwt.go:77","msg":"authenticating user: valerio.vaudi@gmail.com\n","component":"Jwt"}
{"level":"info","ts":"2026-05-31T00:55:27.309+0200","caller":"security/jwt.go:86","msg":"user valerio.vaudi@gmail.com has those authority [ROLE_BUDGET ROLE_USER FACTOR_PASSWORD]\n","component":"Jwt"}
{"level":"info","ts":"2026-05-31T00:55:27.309+0200","caller":"security/jwt.go:94","msg":"user valerio.vaudi@gmail.com has required authority: ROLE_USER","component":"Jwt"}
{"level":"info","ts":"2026-05-31T00:55:27.309+0200","caller":"security/jwt.go:102","msg":"authenticated user: valerio.vaudi@gmail.com\n","component":"Jwt"}
{"level":"info","ts":"2026-05-31T00:57:44.067+0200","caller":"security/jwt.go:77","msg":"authenticating user: valerio.vaudi@gmail.com\n","component":"Jwt"}
{"level":"info","ts":"2026-05-31T00:57:44.068+0200","caller":"security/jwt.go:86","msg":"user valerio.vaudi@gmail.com has those authority [ROLE_BUDGET ROLE_USER FACTOR_PASSWORD]\n","component":"Jwt"}
{"level":"info","ts":"2026-05-31T00:57:44.068+0200","caller":"security/jwt.go:94","msg":"user valerio.vaudi@gmail.com has required authority: ROLE_USER","component":"Jwt"}
{"level":"info","ts":"2026-05-31T00:57:44.068+0200","caller":"security/jwt.go:102","msg":"authenticated user: valerio.vaudi@gmail.com\n","component":"Jwt"}
{"level":"info","ts":"2026-05-31T00:57:44.190+0200","caller":"security/jwt.go:77","msg":"authenticating user: valerio.vaudi@gmail.com\n","component":"Jwt"}
{"level":"info","ts":"2026-05-31T00:57:44.190+0200","caller":"security/jwt.go:86","msg":"user valerio.vaudi@gmail.com has those authority [ROLE_BUDGET ROLE_USER FACTOR_PASSWORD]\n","component":"Jwt"}
{"level":"info","ts":"2026-05-31T00:57:44.191+0200","caller":"security/jwt.go:94","msg":"user valerio.vaudi@gmail.com has required authority: ROLE_USER","component":"Jwt"}
{"level":"info","ts":"2026-05-31T00:57:44.191+0200","caller":"security/jwt.go:102","msg":"authenticated user: valerio.vaudi@gmail.com\n","component":"Jwt"}
{"level":"info","ts":"2026-05-31T00:57:44.429+0200","caller":"security/jwt.go:77","msg":"authenticating user: valerio.vaudi@gmail.com\n","component":"Jwt"}
{"level":"info","ts":"2026-05-31T00:57:44.429+0200","caller":"security/jwt.go:86","msg":"user valerio.vaudi@gmail.com has those authority [ROLE_BUDGET ROLE_USER FACTOR_PASSWORD]\n","component":"Jwt"}
{"level":"info","ts":"2026-05-31T00:57:44.429+0200","caller":"security/jwt.go:94","msg":"user valerio.vaudi@gmail.com has required authority: ROLE_USER","component":"Jwt"}
{"level":"info","ts":"2026-05-31T00:57:44.429+0200","caller":"security/jwt.go:102","msg":"authenticated user: valerio.vaudi@gmail.com\n","component":"Jwt"}
{"level":"info","ts":"2026-05-31T11:59:40.305+0200","caller":"security/jwt.go:77","msg":"authenticating user: valerio.vaudi@gmail.com\n","component":"Jwt"}
{"level":"info","ts":"2026-05-31T11:59:40.305+0200","caller":"security/jwt.go:86","msg":"user valerio.vaudi@gmail.com has those authority [ROLE_BUDGET ROLE_USER FACTOR_PASSWORD]\n","component":"Jwt"}
{"level":"info","ts":"2026-05-31T11:59:40.305+0200","caller":"security/jwt.go:94","msg":"user valerio.vaudi@gmail.com has required authority: ROLE_USER","component":"Jwt"}
{"level":"info","ts":"2026-05-31T11:59:40.306+0200","caller":"security/jwt.go:102","msg":"authenticated user: valerio.vaudi@gmail.com\n","component":"Jwt"}
{"level":"info","ts":"2026-05-31T11:59:40.502+0200","caller":"security/jwt.go:77","msg":"authenticating user: valerio.vaudi@gmail.com\n","component":"Jwt"}
{"level":"info","ts":"2026-05-31T11:59:40.503+0200","caller":"security/jwt.go:86","msg":"user valerio.vaudi@gmail.com has those authority [ROLE_BUDGET ROLE_USER FACTOR_PASSWORD]\n","component":"Jwt"}
{"level":"info","ts":"2026-05-31T11:59:40.503+0200","caller":"security/jwt.go:94","msg":"user valerio.vaudi@gmail.com has required authority: ROLE_USER","component":"Jwt"}
{"level":"info","ts":"2026-05-31T11:59:40.503+0200","caller":"security/jwt.go:102","msg":"authenticated user: valerio.vaudi@gmail.com\n","component":"Jwt"}
{"level":"info","ts":"2026-05-31T11:59:40.752+0200","caller":"security/jwt.go:77","msg":"authenticating user: valerio.vaudi@gmail.com\n","component":"Jwt"}
{"level":"info","ts":"2026-05-31T11:59:40.752+0200","caller":"security/jwt.go:86","msg":"user valerio.vaudi@gmail.com has those authority [ROLE_BUDGET ROLE_USER FACTOR_PASSWORD]\n","component":"Jwt"}
{"level":"info","ts":"2026-05-31T11:59:40.752+0200","caller":"security/jwt.go:94","msg":"user valerio.vaudi@gmail.com has required authority: ROLE_USER","component":"Jwt"}
{"level":"info","ts":"2026-05-31T11:59:40.752+0200","caller":"security/jwt.go:102","msg":"authenticated user: valerio.vaudi@gmail.com\n","component":"Jwt"}
{"level":"info","ts":"2026-05-31T12:00:41.817+0200","caller":"security/jwt.go:77","msg":"authenticating user: valerio.vaudi@gmail.com\n","component":"Jwt"}
{"level":"info","ts":"2026-05-31T12:00:41.817+0200","caller":"security/jwt.go:86","msg":"user valerio.vaudi@gmail.com has those authority [ROLE_BUDGET ROLE_USER FACTOR_PASSWORD]\n","component":"Jwt"}
{"level":"info","ts":"2026-05-31T12:00:41.817+0200","caller":"security/jwt.go:94","msg":"user valerio.vaudi@gmail.com has required authority: ROLE_USER","component":"Jwt"}
{"level":"info","ts":"2026-05-31T12:00:41.817+0200","caller":"security/jwt.go:102","msg":"authenticated user: valerio.vaudi@gmail.com\n","component":"Jwt"}
{"level":"info","ts":"2026-05-31T12:00:42.114+0200","caller":"security/jwt.go:77","msg":"authenticating user: valerio.vaudi@gmail.com\n","component":"Jwt"}
{"level":"info","ts":"2026-05-31T12:00:42.114+0200","caller":"security/jwt.go:86","msg":"user valerio.vaudi@gmail.com has those authority [ROLE_BUDGET ROLE_USER FACTOR_PASSWORD]\n","component":"Jwt"}
{"level":"info","ts":"2026-05-31T12:00:42.114+0200","caller":"security/jwt.go:94","msg":"user valerio.vaudi@gmail.com has required authority: ROLE_USER","component":"Jwt"}
{"level":"info","ts":"2026-05-31T12:00:42.114+0200","caller":"security/jwt.go:102","msg":"authenticated user: valerio.vaudi@gmail.com\n","component":"Jwt"}
{"level":"info","ts":"2026-05-31T12:01:53.993+0200","caller":"security/jwt.go:77","msg":"authenticating user: valerio.vaudi@gmail.com\n","component":"Jwt"}
{"level":"info","ts":"2026-05-31T12:01:53.993+0200","caller":"security/jwt.go:86","msg":"user valerio.vaudi@gmail.com has those authority [ROLE_BUDGET ROLE_USER FACTOR_PASSWORD]\n","component":"Jwt"}
{"level":"info","ts":"2026-05-31T12:01:53.993+0200","caller":"security/jwt.go:94","msg":"user valerio.vaudi@gmail.com has required authority: ROLE_USER","component":"Jwt"}
{"level":"info","ts":"2026-05-31T12:01:53.993+0200","caller":"security/jwt.go:102","msg":"authenticated user: valerio.vaudi@gmail.com\n","component":"Jwt"}
{"level":"info","ts":"2026-05-31T12:01:54.230+0200","caller":"security/jwt.go:77","msg":"authenticating user: valerio.vaudi@gmail.com\n","component":"Jwt"}
{"level":"info","ts":"2026-05-31T12:01:54.230+0200","caller":"security/jwt.go:86","msg":"user valerio.vaudi@gmail.com has those authority [ROLE_BUDGET ROLE_USER FACTOR_PASSWORD]\n","component":"Jwt"}
{"level":"info","ts":"2026-05-31T12:01:54.230+0200","caller":"security/jwt.go:94","msg":"user valerio.vaudi@gmail.com has required authority: ROLE_USER","component":"Jwt"}
{"level":"info","ts":"2026-05-31T12:01:54.230+0200","caller":"security/jwt.go:102","msg":"authenticated user: valerio.vaudi@gmail.com\n","component":"Jwt"}
{"level":"info","ts":"2026-05-31T18:34:14.743+0200","caller":"security/jwt.go:77","msg":"authenticating user: valerio.vaudi@gmail.com\n","component":"Jwt"}
{"level":"info","ts":"2026-05-31T18:34:14.744+0200","caller":"security/jwt.go:86","msg":"user valerio.vaudi@gmail.com has those authority [ROLE_BUDGET ROLE_USER FACTOR_PASSWORD]\n","component":"Jwt"}
{"level":"info","ts":"2026-05-31T18:34:14.744+0200","caller":"security/jwt.go:94","msg":"user valerio.vaudi@gmail.com has required authority: ROLE_USER","component":"Jwt"}
{"level":"info","ts":"2026-05-31T18:34:14.744+0200","caller":"security/jwt.go:102","msg":"authenticated user: valerio.vaudi@gmail.com\n","component":"Jwt"}
{"level":"info","ts":"2026-05-31T18:34:14.943+0200","caller":"security/jwt.go:77","msg":"authenticating user: valerio.vaudi@gmail.com\n","component":"Jwt"}
{"level":"info","ts":"2026-05-31T18:34:14.944+0200","caller":"security/jwt.go:86","msg":"user valerio.vaudi@gmail.com has those authority [ROLE_BUDGET ROLE_USER FACTOR_PASSWORD]\n","component":"Jwt"}
{"level":"info","ts":"2026-05-31T18:34:14.944+0200","caller":"security/jwt.go:94","msg":"user valerio.vaudi@gmail.com has required authority: ROLE_USER","component":"Jwt"}
{"level":"info","ts":"2026-05-31T18:34:14.944+0200","caller":"security/jwt.go:102","msg":"authenticated user: valerio.vaudi@gmail.com\n","component":"Jwt"}
{"level":"info","ts":"2026-05-31T18:34:15.299+0200","caller":"security/jwt.go:77","msg":"authenticating user: valerio.vaudi@gmail.com\n","component":"Jwt"}
{"level":"info","ts":"2026-05-31T18:34:15.299+0200","caller":"security/jwt.go:86","msg":"user valerio.vaudi@gmail.com has those authority [ROLE_BUDGET ROLE_USER FACTOR_PASSWORD]\n","component":"Jwt"}
{"level":"info","ts":"2026-05-31T18:34:15.299+0200","caller":"security/jwt.go:94","msg":"user valerio.vaudi@gmail.com has required authority: ROLE_USER","component":"Jwt"}
{"level":"info","ts":"2026-05-31T18:34:15.299+0200","caller":"security/jwt.go:102","msg":"authenticated user: valerio.vaudi@gmail.com\n","component":"Jwt"}
{"level":"info","ts":"2026-06-02T09:07:46.280+0200","caller":"security/jwt.go:77","msg":"authenticating user: valerio.vaudi@gmail.com\n","component":"Jwt"}
{"level":"info","ts":"2026-06-02T09:07:46.280+0200","caller":"security/jwt.go:86","msg":"user valerio.vaudi@gmail.com has those authority [ROLE_BUDGET ROLE_USER FACTOR_PASSWORD]\n","component":"Jwt"}
{"level":"info","ts":"2026-06-02T09:07:46.280+0200","caller":"security/jwt.go:94","msg":"user valerio.vaudi@gmail.com has required authority: ROLE_USER","component":"Jwt"}
{"level":"info","ts":"2026-06-02T09:07:46.280+0200","caller":"security/jwt.go:102","msg":"authenticated user: valerio.vaudi@gmail.com\n","component":"Jwt"}
{"level":"info","ts":"2026-06-02T09:08:14.619+0200","caller":"security/jwt.go:77","msg":"authenticating user: valerio.vaudi@gmail.com\n","component":"Jwt"}
{"level":"info","ts":"2026-06-02T09:08:14.619+0200","caller":"security/jwt.go:86","msg":"user valerio.vaudi@gmail.com has those authority [ROLE_BUDGET ROLE_USER FACTOR_PASSWORD]\n","component":"Jwt"}
{"level":"info","ts":"2026-06-02T09:08:14.620+0200","caller":"security/jwt.go:94","msg":"user valerio.vaudi@gmail.com has required authority: ROLE_USER","component":"Jwt"}
{"level":"info","ts":"2026-06-02T09:08:14.621+0200","caller":"security/jwt.go:102","msg":"authenticated user: valerio.vaudi@gmail.com\n","component":"Jwt"}
{"level":"info","ts":"2026-06-02T09:08:14.883+0200","caller":"security/jwt.go:77","msg":"authenticating user: valerio.vaudi@gmail.com\n","component":"Jwt"}
{"level":"info","ts":"2026-06-02T09:08:14.884+0200","caller":"security/jwt.go:86","msg":"user valerio.vaudi@gmail.com has those authority [ROLE_BUDGET ROLE_USER FACTOR_PASSWORD]\n","component":"Jwt"}
{"level":"info","ts":"2026-06-02T09:08:14.884+0200","caller":"security/jwt.go:94","msg":"user valerio.vaudi@gmail.com has required authority: ROLE_USER","component":"Jwt"}
{"level":"info","ts":"2026-06-02T09:08:14.884+0200","caller":"security/jwt.go:102","msg":"authenticated user: valerio.vaudi@gmail.com\n","component":"Jwt"}
{"level":"info","ts":"2026-06-02T09:09:22.666+0200","caller":"security/jwt.go:77","msg":"authenticating user: valerio.vaudi@gmail.com\n","component":"Jwt"}
{"level":"info","ts":"2026-06-02T09:09:22.666+0200","caller":"security/jwt.go:86","msg":"user valerio.vaudi@gmail.com has those authority [ROLE_BUDGET ROLE_USER FACTOR_PASSWORD]\n","component":"Jwt"}
{"level":"info","ts":"2026-06-02T09:09:22.666+0200","caller":"security/jwt.go:94","msg":"user valerio.vaudi@gmail.com has required authority: ROLE_USER","component":"Jwt"}
{"level":"info","ts":"2026-06-02T09:09:22.666+0200","caller":"security/jwt.go:102","msg":"authenticated user: valerio.vaudi@gmail.com\n","component":"Jwt"}
{"level":"info","ts":"2026-06-02T09:09:22.902+0200","caller":"security/jwt.go:77","msg":"authenticating user: valerio.vaudi@gmail.com\n","component":"Jwt"}
{"level":"info","ts":"2026-06-02T09:09:22.902+0200","caller":"security/jwt.go:86","msg":"user valerio.vaudi@gmail.com has those authority [ROLE_BUDGET ROLE_USER FACTOR_PASSWORD]\n","component":"Jwt"}
{"level":"info","ts":"2026-06-02T09:09:22.902+0200","caller":"security/jwt.go:94","msg":"user valerio.vaudi@gmail.com has required authority: ROLE_USER","component":"Jwt"}
{"level":"info","ts":"2026-06-02T09:09:22.902+0200","caller":"security/jwt.go:102","msg":"authenticated user: valerio.vaudi@gmail.com\n","component":"Jwt"}
{"level":"info","ts":"2026-06-02T09:10:28.411+0200","caller":"security/jwt.go:77","msg":"authenticating user: valerio.vaudi@gmail.com\n","component":"Jwt"}
{"level":"info","ts":"2026-06-02T09:10:28.411+0200","caller":"security/jwt.go:86","msg":"user valerio.vaudi@gmail.com has those authority [ROLE_BUDGET ROLE_USER FACTOR_PASSWORD]\n","component":"Jwt"}
{"level":"info","ts":"2026-06-02T09:10:28.412+0200","caller":"security/jwt.go:94","msg":"user valerio.vaudi@gmail.com has required authority: ROLE_USER","component":"Jwt"}
{"level":"info","ts":"2026-06-02T09:10:28.412+0200","caller":"security/jwt.go:102","msg":"authenticated user: valerio.vaudi@gmail.com\n","component":"Jwt"}
{"level":"info","ts":"2026-06-02T09:10:28.430+0200","caller":"security/jwt.go:77","msg":"authenticating user: valerio.vaudi@gmail.com\n","component":"Jwt"}
{"level":"info","ts":"2026-06-02T09:10:28.431+0200","caller":"security/jwt.go:86","msg":"user valerio.vaudi@gmail.com has those authority [ROLE_BUDGET ROLE_USER FACTOR_PASSWORD]\n","component":"Jwt"}
{"level":"info","ts":"2026-06-02T09:10:28.431+0200","caller":"security/jwt.go:94","msg":"user valerio.vaudi@gmail.com has required authority: ROLE_USER","component":"Jwt"}
{"level":"info","ts":"2026-06-02T09:10:28.431+0200","caller":"security/jwt.go:102","msg":"authenticated user: valerio.vaudi@gmail.com\n","component":"Jwt"}
{"level":"info","ts":"2026-06-02T09:10:28.673+0200","caller":"security/jwt.go:77","msg":"authenticating user: valerio.vaudi@gmail.com\n","component":"Jwt"}
{"level":"info","ts":"2026-06-02T09:10:28.674+0200","caller":"security/jwt.go:86","msg":"user valerio.vaudi@gmail.com has those authority [ROLE_BUDGET ROLE_USER FACTOR_PASSWORD]\n","component":"Jwt"}
{"level":"info","ts":"2026-06-02T09:10:28.674+0200","caller":"security/jwt.go:94","msg":"user valerio.vaudi@gmail.com has required authority: ROLE_USER","component":"Jwt"}
{"level":"info","ts":"2026-06-02T09:10:28.674+0200","caller":"security/jwt.go:102","msg":"authenticated user: valerio.vaudi@gmail.com\n","component":"Jwt"}
{"level":"info","ts":"2026-06-02T13:39:34.757+0200","caller":"security/jwt.go:77","msg":"authenticating user: valerio.vaudi@gmail.com\n","component":"Jwt"}
{"level":"info","ts":"2026-06-02T13:39:34.757+0200","caller":"security/jwt.go:86","msg":"user valerio.vaudi@gmail.com has those authority [ROLE_BUDGET ROLE_USER FACTOR_PASSWORD]\n","component":"Jwt"}
{"level":"info","ts":"2026-06-02T13:39:34.757+0200","caller":"security/jwt.go:94","msg":"user valerio.vaudi@gmail.com has required authority: ROLE_USER","component":"Jwt"}
{"level":"info","ts":"2026-06-02T13:39:34.757+0200","caller":"security/jwt.go:102","msg":"authenticated user: valerio.vaudi@gmail.com\n","component":"Jwt"}
{"level":"info","ts":"2026-06-02T13:39:34.906+0200","caller":"security/jwt.go:77","msg":"authenticating user: valerio.vaudi@gmail.com\n","component":"Jwt"}
{"level":"info","ts":"2026-06-02T13:39:34.906+0200","caller":"security/jwt.go:86","msg":"user valerio.vaudi@gmail.com has those authority [ROLE_BUDGET ROLE_USER FACTOR_PASSWORD]\n","component":"Jwt"}
{"level":"info","ts":"2026-06-02T13:39:34.906+0200","caller":"security/jwt.go:94","msg":"user valerio.vaudi@gmail.com has required authority: ROLE_USER","component":"Jwt"}
{"level":"info","ts":"2026-06-02T13:39:34.906+0200","caller":"security/jwt.go:102","msg":"authenticated user: valerio.vaudi@gmail.com\n","component":"Jwt"}
{"level":"info","ts":"2026-06-02T13:39:35.257+0200","caller":"security/jwt.go:77","msg":"authenticating user: valerio.vaudi@gmail.com\n","component":"Jwt"}
{"level":"info","ts":"2026-06-02T13:39:35.257+0200","caller":"security/jwt.go:86","msg":"user valerio.vaudi@gmail.com has those authority [ROLE_BUDGET ROLE_USER FACTOR_PASSWORD]\n","component":"Jwt"}
{"level":"info","ts":"2026-06-02T13:39:35.257+0200","caller":"security/jwt.go:94","msg":"user valerio.vaudi@gmail.com has required authority: ROLE_USER","component":"Jwt"}
{"level":"info","ts":"2026-06-02T13:39:35.257+0200","caller":"security/jwt.go:102","msg":"authenticated user: valerio.vaudi@gmail.com\n","component":"Jwt"}
{"level":"error","ts":"2026-06-02T13:39:42.926+0200","caller":"security/jwt.go:64","msg":"failed to verify jwt token: jwt.Parse: failed to parse token: unknown payload type (payload is not JWT?)\n","component":"Jwt"}
{"level":"info","ts":"2026-06-02T13:39:47.703+0200","caller":"security/jwt.go:77","msg":"authenticating user: valerio.vaudi@gmail.com\n","component":"Jwt"}
{"level":"info","ts":"2026-06-02T13:39:47.703+0200","caller":"security/jwt.go:86","msg":"user valerio.vaudi@gmail.com has those authority [ROLE_BUDGET ROLE_USER FACTOR_PASSWORD]\n","component":"Jwt"}
{"level":"info","ts":"2026-06-02T13:39:47.703+0200","caller":"security/jwt.go:94","msg":"user valerio.vaudi@gmail.com has required authority: ROLE_USER","component":"Jwt"}
{"level":"info","ts":"2026-06-02T13:39:47.703+0200","caller":"security/jwt.go:102","msg":"authenticated user: valerio.vaudi@gmail.com\n","component":"Jwt"}
{"level":"info","ts":"2026-06-02T13:40:52.465+0200","caller":"security/jwt.go:77","msg":"authenticating user: valerio.vaudi@gmail.com\n","component":"Jwt"}
{"level":"info","ts":"2026-06-02T13:40:52.465+0200","caller":"security/jwt.go:86","msg":"user valerio.vaudi@gmail.com has those authority [ROLE_BUDGET ROLE_USER FACTOR_PASSWORD]\n","component":"Jwt"}
{"level":"info","ts":"2026-06-02T13:40:52.465+0200","caller":"security/jwt.go:94","msg":"user valerio.vaudi@gmail.com has required authority: ROLE_USER","component":"Jwt"}
{"level":"info","ts":"2026-06-02T13:40:52.465+0200","caller":"security/jwt.go:102","msg":"authenticated user: valerio.vaudi@gmail.com\n","component":"Jwt"}
{"level":"info","ts":"2026-06-02T13:40:52.487+0200","caller":"security/jwt.go:77","msg":"authenticating user: valerio.vaudi@gmail.com\n","component":"Jwt"}
{"level":"info","ts":"2026-06-02T13:40:52.487+0200","caller":"security/jwt.go:86","msg":"user valerio.vaudi@gmail.com has those authority [ROLE_BUDGET ROLE_USER FACTOR_PASSWORD]\n","component":"Jwt"}
{"level":"info","ts":"2026-06-02T13:40:52.487+0200","caller":"security/jwt.go:94","msg":"user valerio.vaudi@gmail.com has required authority: ROLE_USER","component":"Jwt"}
{"level":"info","ts":"2026-06-02T13:40:52.487+0200","caller":"security/jwt.go:102","msg":"authenticated user: valerio.vaudi@gmail.com\n","component":"Jwt"}
{"level":"info","ts":"2026-06-02T13:40:52.736+0200","caller":"security/jwt.go:77","msg":"authenticating user: valerio.vaudi@gmail.com\n","component":"Jwt"}
{"level":"info","ts":"2026-06-02T13:40:52.736+0200","caller":"security/jwt.go:86","msg":"user valerio.vaudi@gmail.com has those authority [ROLE_BUDGET ROLE_USER FACTOR_PASSWORD]\n","component":"Jwt"}
{"level":"info","ts":"2026-06-02T13:40:52.736+0200","caller":"security/jwt.go:94","msg":"user valerio.vaudi@gmail.com has required authority: ROLE_USER","component":"Jwt"}
{"level":"info","ts":"2026-06-02T13:40:52.736+0200","caller":"security/jwt.go:102","msg":"authenticated user: valerio.vaudi@gmail.com\n","component":"Jwt"}
{"level":"info","ts":"2026-06-02T13:41:15.854+0200","caller":"security/jwt.go:77","msg":"authenticating user: valerio.vaudi@gmail.com\n","component":"Jwt"}
{"level":"info","ts":"2026-06-02T13:41:15.854+0200","caller":"security/jwt.go:86","msg":"user valerio.vaudi@gmail.com has those authority [ROLE_BUDGET ROLE_USER FACTOR_PASSWORD]\n","component":"Jwt"}
{"level":"info","ts":"2026-06-02T13:41:15.854+0200","caller":"security/jwt.go:94","msg":"user valerio.vaudi@gmail.com has required authority: ROLE_USER","component":"Jwt"}
{"level":"info","ts":"2026-06-02T13:41:15.854+0200","caller":"security/jwt.go:102","msg":"authenticated user: valerio.vaudi@gmail.com\n","component":"Jwt"}
{"level":"info","ts":"2026-06-02T13:41:55.726+0200","caller":"security/jwt.go:77","msg":"authenticating user: valerio.vaudi@gmail.com\n","component":"Jwt"}
{"level":"info","ts":"2026-06-02T13:41:55.726+0200","caller":"security/jwt.go:86","msg":"user valerio.vaudi@gmail.com has those authority [ROLE_BUDGET ROLE_USER FACTOR_PASSWORD]\n","component":"Jwt"}
{"level":"info","ts":"2026-06-02T13:41:55.726+0200","caller":"security/jwt.go:94","msg":"user valerio.vaudi@gmail.com has required authority: ROLE_USER","component":"Jwt"}
{"level":"info","ts":"2026-06-02T13:41:55.726+0200","caller":"security/jwt.go:102","msg":"authenticated user: valerio.vaudi@gmail.com\n","component":"Jwt"}
{"level":"info","ts":"2026-06-02T13:41:55.744+0200","caller":"security/jwt.go:77","msg":"authenticating user: valerio.vaudi@gmail.com\n","component":"Jwt"}
{"level":"info","ts":"2026-06-02T13:41:55.744+0200","caller":"security/jwt.go:86","msg":"user valerio.vaudi@gmail.com has those authority [ROLE_BUDGET ROLE_USER FACTOR_PASSWORD]\n","component":"Jwt"}
{"level":"info","ts":"2026-06-02T13:41:55.744+0200","caller":"security/jwt.go:94","msg":"user valerio.vaudi@gmail.com has required authority: ROLE_USER","component":"Jwt"}
{"level":"info","ts":"2026-06-02T13:41:55.744+0200","caller":"security/jwt.go:102","msg":"authenticated user: valerio.vaudi@gmail.com\n","component":"Jwt"}
{"level":"info","ts":"2026-06-02T13:41:55.985+0200","caller":"security/jwt.go:77","msg":"authenticating user: valerio.vaudi@gmail.com\n","component":"Jwt"}
{"level":"info","ts":"2026-06-02T13:41:55.985+0200","caller":"security/jwt.go:86","msg":"user valerio.vaudi@gmail.com has those authority [ROLE_BUDGET ROLE_USER FACTOR_PASSWORD]\n","component":"Jwt"}
{"level":"info","ts":"2026-06-02T13:41:55.985+0200","caller":"security/jwt.go:94","msg":"user valerio.vaudi@gmail.com has required authority: ROLE_USER","component":"Jwt"}
{"level":"info","ts":"2026-06-02T13:41:55.985+0200","caller":"security/jwt.go:102","msg":"authenticated user: valerio.vaudi@gmail.com\n","component":"Jwt"}
{"level":"info","ts":"2026-06-02T15:57:59.704+0200","caller":"server/web_server.go:161","msg":"shutdown signal received, draining connections","component":"WebServerProvisioner"}
{"level":"info","ts":"2026-06-02T15:57:59.778+0200","caller":"server/web_server.go:97","msg":"Server Shutdown has been started ....","component":"WebServerProvisioner"}
{"level":"info","ts":"2026-06-02T15:57:59.778+0200","caller":"server/web_server.go:98","msg":"There are 3 configurer to be disposed","component":"WebServerProvisioner"}
{"level":"info","ts":"2026-06-02T15:57:59.778+0200","caller":"otel/tracing_provider.go:54","msg":"Shutting down OTel TracerProvider","component":"OtelProvider"}
{"level":"info","ts":"2026-06-02T15:57:59.779+0200","caller":"otel/metric_provider.go:30","msg":"Shutting down OTel MeterProvider","component":"OtelProvider"}
{"level":"info","ts":"2026-06-02T15:57:59.782+0200","caller":"otel/log_provider.go:30","msg":"Shutting down OTel LoggerProvider","component":"OtelProvider"}
{"level":"info","ts":"2026-06-02T15:57:59.783+0200","caller":"server/web_server.go:108","msg":"Server Shutdown completed ....","component":"WebServerProvisioner"}
{"level":"info","ts":"2026-06-02T15:57:59.788+0200","caller":"server/web_server.go:97","msg":"Server Shutdown has been started ....","component":"WebServerProvisioner"}
{"level":"info","ts":"2026-06-02T15:57:59.788+0200","caller":"server/web_server.go:98","msg":"There are 0 configurer to be disposed","component":"WebServerProvisioner"}
{"level":"info","ts":"2026-06-02T15:57:59.798+0200","caller":"server/web_server.go:108","msg":"Server Shutdown completed ....","component":"WebServerProvisioner"}
{"level":"info","ts":"2026-06-02T16:06:38.871+0200","caller":"server/web_server.go:65","msg":"configuring otel","component":"WebServerProvisioner"}
{"level":"info","ts":"2026-06-02T16:06:38.871+0200","caller":"otel/tracing_provider.go:35","msg":"Setting up OTel TracerProvider: service=tag-api protocol=http endpoint=localhost:4318","component":"OtelProvider"}
{"level":"info","ts":"2026-06-02T16:06:38.871+0200","caller":"otel/metric_provider.go:16","msg":"Setting up OTel MeterProvider: service=tag-api protocol=http endpoint=localhost:4318","component":"OtelProvider"}
{"level":"info","ts":"2026-06-02T16:06:38.871+0200","caller":"otel/log_provider.go:16","msg":"Setting up OTel LoggerProvider: service=tag-api protocol=http endpoint=localhost:4318","component":"OtelProvider"}
{"level":"info","ts":"2026-06-02T16:06:38.872+0200","caller":"server/web_server.go:65","msg":"configuring standard-middleware","component":"WebServerProvisioner"}
{"level":"info","ts":"2026-06-02T16:06:38.872+0200","caller":"server/web_server.go:65","msg":"configuring oauth2","component":"WebServerProvisioner"}
{"level":"info","ts":"2026-06-02T16:06:38.879+0200","caller":"security/jwt.go:30","msg":"OAuth2 middleware set up with role: ROLE_USER","component":"Jwt"}
{"level":"info","ts":"2026-06-02T16:06:38.879+0200","caller":"dynamodb/repository.go:38","msg":"Using AWS DynamoDB service without local endpoint","component":"dynamodb.TagDynamoDBRepository"}
{"level":"info","ts":"2026-06-02T16:06:38.879+0200","caller":"server/web_server.go:142","msg":"listening on 0.0.0.0:8000","component":"WebServerProvisioner"}
{"level":"info","ts":"2026-06-02T16:07:12.988+0200","caller":"server/web_server.go:65","msg":"configuring otel","component":"WebServerProvisioner"}
{"level":"info","ts":"2026-06-02T16:07:12.988+0200","caller":"otel/tracing_provider.go:35","msg":"Setting up OTel TracerProvider: service=tag-api protocol=http endpoint=localhost:4318","component":"OtelProvider"}
{"level":"info","ts":"2026-06-02T16:07:12.988+0200","caller":"otel/metric_provider.go:16","msg":"Setting up OTel MeterProvider: service=tag-api protocol=http endpoint=localhost:4318","component":"OtelProvider"}
{"level":"info","ts":"2026-06-02T16:07:12.988+0200","caller":"otel/log_provider.go:16","msg":"Setting up OTel LoggerProvider: service=tag-api protocol=http endpoint=localhost:4318","component":"OtelProvider"}
{"level":"info","ts":"2026-06-02T16:07:12.988+0200","caller":"server/web_server.go:65","msg":"configuring standard-middleware","component":"WebServerProvisioner"}
{"level":"info","ts":"2026-06-02T16:07:12.989+0200","caller":"server/web_server.go:65","msg":"configuring oauth2","component":"WebServerProvisioner"}
{"level":"info","ts":"2026-06-02T16:07:13.000+0200","caller":"security/jwt.go:30","msg":"OAuth2 middleware set up with role: ROLE_USER","component":"Jwt"}
{"level":"info","ts":"2026-06-02T16:07:13.000+0200","caller":"dynamodb/repository.go:38","msg":"Using AWS DynamoDB service without local endpoint","component":"dynamodb.TagDynamoDBRepository"}
{"level":"info","ts":"2026-06-02T16:07:13.000+0200","caller":"server/web_server.go:142","msg":"listening on 0.0.0.0:8000","component":"WebServerProvisioner"}
{"level":"error","ts":"2026-06-02T16:07:13.001+0200","caller":"server/web_server.go:156","msg":"server failed: listen tcp 0.0.0.0:8000: bind: address already in use","component":"WebServerProvisioner"}
{"level":"info","ts":"2026-06-02T16:07:13.001+0200","caller":"server/web_server.go:97","msg":"Server Shutdown has been started ....","component":"WebServerProvisioner"}
{"level":"info","ts":"2026-06-02T16:07:13.001+0200","caller":"server/web_server.go:98","msg":"There are 3 configurer to be disposed","component":"WebServerProvisioner"}
{"level":"info","ts":"2026-06-02T16:07:13.001+0200","caller":"otel/tracing_provider.go:54","msg":"Shutting down OTel TracerProvider","component":"OtelProvider"}
{"level":"info","ts":"2026-06-02T16:07:13.001+0200","caller":"otel/metric_provider.go:30","msg":"Shutting down OTel MeterProvider","component":"OtelProvider"}
{"level":"info","ts":"2026-06-02T16:07:13.004+0200","caller":"otel/log_provider.go:30","msg":"Shutting down OTel LoggerProvider","component":"OtelProvider"}
{"level":"info","ts":"2026-06-02T16:07:13.005+0200","caller":"server/web_server.go:108","msg":"Server Shutdown completed ....","component":"WebServerProvisioner"}
{"level":"info","ts":"2026-06-02T16:52:29.720+0200","caller":"security/jwt.go:77","msg":"authenticating user: valerio.vaudi@gmail.com\n","component":"Jwt"}
{"level":"info","ts":"2026-06-02T16:52:29.720+0200","caller":"security/jwt.go:86","msg":"user valerio.vaudi@gmail.com has those authority [ROLE_BUDGET ROLE_USER FACTOR_PASSWORD]\n","component":"Jwt"}
{"level":"info","ts":"2026-06-02T16:52:29.720+0200","caller":"security/jwt.go:94","msg":"user valerio.vaudi@gmail.com has required authority: ROLE_USER","component":"Jwt"}
{"level":"info","ts":"2026-06-02T16:52:29.720+0200","caller":"security/jwt.go:102","msg":"authenticated user: valerio.vaudi@gmail.com\n","component":"Jwt"}
{"level":"info","ts":"2026-06-02T16:52:29.867+0200","caller":"security/jwt.go:77","msg":"authenticating user: valerio.vaudi@gmail.com\n","component":"Jwt"}
{"level":"info","ts":"2026-06-02T16:52:29.867+0200","caller":"security/jwt.go:86","msg":"user valerio.vaudi@gmail.com has those authority [ROLE_BUDGET ROLE_USER FACTOR_PASSWORD]\n","component":"Jwt"}
{"level":"info","ts":"2026-06-02T16:52:29.867+0200","caller":"security/jwt.go:94","msg":"user valerio.vaudi@gmail.com has required authority: ROLE_USER","component":"Jwt"}
{"level":"info","ts":"2026-06-02T16:52:29.867+0200","caller":"security/jwt.go:102","msg":"authenticated user: valerio.vaudi@gmail.com\n","component":"Jwt"}
{"level":"info","ts":"2026-06-02T16:52:30.112+0200","caller":"security/jwt.go:77","msg":"authenticating user: valerio.vaudi@gmail.com\n","component":"Jwt"}
{"level":"info","ts":"2026-06-02T16:52:30.112+0200","caller":"security/jwt.go:86","msg":"user valerio.vaudi@gmail.com has those authority [ROLE_BUDGET ROLE_USER FACTOR_PASSWORD]\n","component":"Jwt"}
{"level":"info","ts":"2026-06-02T16:52:30.112+0200","caller":"security/jwt.go:94","msg":"user valerio.vaudi@gmail.com has required authority: ROLE_USER","component":"Jwt"}
{"level":"info","ts":"2026-06-02T16:52:30.112+0200","caller":"security/jwt.go:102","msg":"authenticated user: valerio.vaudi@gmail.com\n","component":"Jwt"}
{"level":"error","ts":"2026-06-02T16:52:40.247+0200","caller":"security/jwt.go:64","msg":"failed to verify jwt token: jwt.Parse: failed to parse token: unknown payload type (payload is not JWT?)\n","component":"Jwt"}
{"level":"info","ts":"2026-06-02T16:52:40.428+0200","caller":"security/jwt.go:77","msg":"authenticating user: valerio.vaudi@gmail.com\n","component":"Jwt"}
{"level":"info","ts":"2026-06-02T16:52:40.428+0200","caller":"security/jwt.go:86","msg":"user valerio.vaudi@gmail.com has those authority [ROLE_BUDGET ROLE_USER FACTOR_PASSWORD]\n","component":"Jwt"}
{"level":"info","ts":"2026-06-02T16:52:40.428+0200","caller":"security/jwt.go:94","msg":"user valerio.vaudi@gmail.com has required authority: ROLE_USER","component":"Jwt"}
{"level":"info","ts":"2026-06-02T16:52:40.428+0200","caller":"security/jwt.go:102","msg":"authenticated user: valerio.vaudi@gmail.com\n","component":"Jwt"}
{"level":"info","ts":"2026-06-02T16:53:00.546+0200","caller":"server/web_server.go:65","msg":"configuring otel","component":"WebServerProvisioner"}
{"level":"info","ts":"2026-06-02T16:53:00.546+0200","caller":"otel/tracing_provider.go:35","msg":"Setting up OTel TracerProvider: service=tag-api protocol=http endpoint=localhost:4318","component":"OtelProvider"}
{"level":"info","ts":"2026-06-02T16:53:00.547+0200","caller":"otel/metric_provider.go:16","msg":"Setting up OTel MeterProvider: service=tag-api protocol=http endpoint=localhost:4318","component":"OtelProvider"}
{"level":"info","ts":"2026-06-02T16:53:00.547+0200","caller":"otel/log_provider.go:16","msg":"Setting up OTel LoggerProvider: service=tag-api protocol=http endpoint=localhost:4318","component":"OtelProvider"}
{"level":"info","ts":"2026-06-02T16:53:00.547+0200","caller":"server/web_server.go:65","msg":"configuring standard-middleware","component":"WebServerProvisioner"}
{"level":"info","ts":"2026-06-02T16:53:00.547+0200","caller":"server/web_server.go:65","msg":"configuring oauth2","component":"WebServerProvisioner"}
{"level":"info","ts":"2026-06-02T16:53:00.551+0200","caller":"security/jwt.go:30","msg":"OAuth2 middleware set up with role: ROLE_USER","component":"Jwt"}
{"level":"info","ts":"2026-06-02T16:53:00.551+0200","caller":"dynamodb/repository.go:38","msg":"Using AWS DynamoDB service without local endpoint","component":"dynamodb.TagDynamoDBRepository"}
{"level":"info","ts":"2026-06-02T16:53:00.551+0200","caller":"server/web_server.go:142","msg":"listening on 0.0.0.0:8000","component":"WebServerProvisioner"}
{"level":"error","ts":"2026-06-02T16:53:00.552+0200","caller":"server/web_server.go:156","msg":"server failed: listen tcp 0.0.0.0:8000: bind: address already in use","component":"WebServerProvisioner"}
{"level":"info","ts":"2026-06-02T16:53:00.552+0200","caller":"server/web_server.go:97","msg":"Server Shutdown has been started ....","component":"WebServerProvisioner"}
{"level":"info","ts":"2026-06-02T16:53:00.552+0200","caller":"server/web_server.go:98","msg":"There are 3 configurer to be disposed","component":"WebServerProvisioner"}
{"level":"info","ts":"2026-06-02T16:53:00.552+0200","caller":"otel/tracing_provider.go:54","msg":"Shutting down OTel TracerProvider","component":"OtelProvider"}
{"level":"info","ts":"2026-06-02T16:53:00.552+0200","caller":"otel/metric_provider.go:30","msg":"Shutting down OTel MeterProvider","component":"OtelProvider"}
{"level":"info","ts":"2026-06-02T16:53:00.553+0200","caller":"otel/log_provider.go:30","msg":"Shutting down OTel LoggerProvider","component":"OtelProvider"}
{"level":"info","ts":"2026-06-02T16:53:00.553+0200","caller":"server/web_server.go:108","msg":"Server Shutdown completed ....","component":"WebServerProvisioner"}
{"level":"info","ts":"2026-06-02T17:27:58.619+0200","caller":"server/web_server.go:65","msg":"configuring otel","component":"WebServerProvisioner"}
{"level":"info","ts":"2026-06-02T17:27:58.619+0200","caller":"otel/tracing_provider.go:35","msg":"Setting up OTel TracerProvider: service=tag-api protocol=http endpoint=localhost:4318","component":"OtelProvider"}
{"level":"info","ts":"2026-06-02T17:27:58.619+0200","caller":"otel/metric_provider.go:16","msg":"Setting up OTel MeterProvider: service=tag-api protocol=http endpoint=localhost:4318","component":"OtelProvider"}
{"level":"info","ts":"2026-06-02T17:27:58.619+0200","caller":"otel/log_provider.go:16","msg":"Setting up OTel LoggerProvider: service=tag-api protocol=http endpoint=localhost:4318","component":"OtelProvider"}
{"level":"info","ts":"2026-06-02T17:27:58.620+0200","caller":"server/web_server.go:65","msg":"configuring standard-middleware","component":"WebServerProvisioner"}
{"level":"info","ts":"2026-06-02T17:27:58.620+0200","caller":"server/web_server.go:65","msg":"configuring oauth2","component":"WebServerProvisioner"}
{"level":"info","ts":"2026-06-02T17:27:58.625+0200","caller":"security/jwt.go:30","msg":"OAuth2 middleware set up with role: ROLE_USER","component":"Jwt"}
{"level":"info","ts":"2026-06-02T17:27:58.626+0200","caller":"dynamodb/repository.go:38","msg":"Using AWS DynamoDB service without local endpoint","component":"dynamodb.TagDynamoDBRepository"}
{"level":"info","ts":"2026-06-02T17:27:58.626+0200","caller":"server/web_server.go:142","msg":"listening on 0.0.0.0:8000","component":"WebServerProvisioner"}
{"level":"error","ts":"2026-06-02T17:27:58.626+0200","caller":"server/web_server.go:156","msg":"server failed: listen tcp 0.0.0.0:8000: bind: address already in use","component":"WebServerProvisioner"}
{"level":"info","ts":"2026-06-02T17:27:58.626+0200","caller":"server/web_server.go:97","msg":"Server Shutdown has been started ....","component":"WebServerProvisioner"}
{"level":"info","ts":"2026-06-02T17:27:58.626+0200","caller":"server/web_server.go:98","msg":"There are 3 configurer to be disposed","component":"WebServerProvisioner"}
{"level":"info","ts":"2026-06-02T17:27:58.626+0200","caller":"otel/tracing_provider.go:54","msg":"Shutting down OTel TracerProvider","component":"OtelProvider"}
{"level":"info","ts":"2026-06-02T17:27:58.626+0200","caller":"otel/metric_provider.go:30","msg":"Shutting down OTel MeterProvider","component":"OtelProvider"}
{"level":"info","ts":"2026-06-02T17:27:58.627+0200","caller":"otel/log_provider.go:30","msg":"Shutting down OTel LoggerProvider","component":"OtelProvider"}
{"level":"info","ts":"2026-06-02T17:27:58.628+0200","caller":"server/web_server.go:108","msg":"Server Shutdown completed ....","component":"WebServerProvisioner"}
{"level":"info","ts":"2026-06-02T17:29:28.267+0200","caller":"server/web_server.go:65","msg":"configuring otel","component":"WebServerProvisioner"}
{"level":"info","ts":"2026-06-02T17:29:28.267+0200","caller":"otel/tracing_provider.go:35","msg":"Setting up OTel TracerProvider: service=tag-api protocol=http endpoint=localhost:4318","component":"OtelProvider"}
{"level":"info","ts":"2026-06-02T17:29:28.267+0200","caller":"otel/metric_provider.go:16","msg":"Setting up OTel MeterProvider: service=tag-api protocol=http endpoint=localhost:4318","component":"OtelProvider"}
{"level":"info","ts":"2026-06-02T17:29:28.267+0200","caller":"otel/log_provider.go:16","msg":"Setting up OTel LoggerProvider: service=tag-api protocol=http endpoint=localhost:4318","component":"OtelProvider"}
{"level":"info","ts":"2026-06-02T17:29:28.268+0200","caller":"server/web_server.go:65","msg":"configuring standard-middleware","component":"WebServerProvisioner"}
{"level":"info","ts":"2026-06-02T17:29:28.268+0200","caller":"server/web_server.go:65","msg":"configuring oauth2","component":"WebServerProvisioner"}
{"level":"info","ts":"2026-06-02T17:29:28.272+0200","caller":"security/jwt.go:30","msg":"OAuth2 middleware set up with role: ROLE_USER","component":"Jwt"}
{"level":"info","ts":"2026-06-02T17:29:28.272+0200","caller":"dynamodb/repository.go:38","msg":"Using AWS DynamoDB service without local endpoint","component":"dynamodb.TagDynamoDBRepository"}
{"level":"info","ts":"2026-06-02T17:29:28.272+0200","caller":"server/web_server.go:142","msg":"listening on 0.0.0.0:8000","component":"WebServerProvisioner"}
{"level":"error","ts":"2026-06-02T17:29:28.272+0200","caller":"server/web_server.go:156","msg":"server failed: listen tcp 0.0.0.0:8000: bind: address already in use","component":"WebServerProvisioner"}
{"level":"info","ts":"2026-06-02T17:29:28.272+0200","caller":"server/web_server.go:97","msg":"Server Shutdown has been started ....","component":"WebServerProvisioner"}
{"level":"info","ts":"2026-06-02T17:29:28.272+0200","caller":"server/web_server.go:98","msg":"There are 3 configurer to be disposed","component":"WebServerProvisioner"}
{"level":"info","ts":"2026-06-02T17:29:28.272+0200","caller":"otel/tracing_provider.go:54","msg":"Shutting down OTel TracerProvider","component":"OtelProvider"}
{"level":"info","ts":"2026-06-02T17:29:28.272+0200","caller":"otel/metric_provider.go:30","msg":"Shutting down OTel MeterProvider","component":"OtelProvider"}
{"level":"info","ts":"2026-06-02T17:29:28.273+0200","caller":"otel/log_provider.go:30","msg":"Shutting down OTel LoggerProvider","component":"OtelProvider"}
{"level":"info","ts":"2026-06-02T17:29:28.274+0200","caller":"server/web_server.go:108","msg":"Server Shutdown completed ....","component":"WebServerProvisioner"}
{"level":"info","ts":"2026-06-02T17:31:28.087+0200","caller":"server/web_server.go:65","msg":"configuring otel","component":"WebServerProvisioner"}
{"level":"info","ts":"2026-06-02T17:31:28.087+0200","caller":"otel/tracing_provider.go:35","msg":"Setting up OTel TracerProvider: service=tag-api protocol=http endpoint=localhost:4318","component":"OtelProvider"}
{"level":"info","ts":"2026-06-02T17:31:28.087+0200","caller":"otel/metric_provider.go:16","msg":"Setting up OTel MeterProvider: service=tag-api protocol=http endpoint=localhost:4318","component":"OtelProvider"}
{"level":"info","ts":"2026-06-02T17:31:28.087+0200","caller":"otel/log_provider.go:16","msg":"Setting up OTel LoggerProvider: service=tag-api protocol=http endpoint=localhost:4318","component":"OtelProvider"}
{"level":"info","ts":"2026-06-02T17:31:28.088+0200","caller":"server/web_server.go:65","msg":"configuring standard-middleware","component":"WebServerProvisioner"}
{"level":"info","ts":"2026-06-02T17:31:28.088+0200","caller":"server/web_server.go:65","msg":"configuring oauth2","component":"WebServerProvisioner"}
{"level":"info","ts":"2026-06-02T17:31:28.093+0200","caller":"security/jwt.go:30","msg":"OAuth2 middleware set up with role: ROLE_USER","component":"Jwt"}
{"level":"info","ts":"2026-06-02T17:31:28.094+0200","caller":"dynamodb/repository.go:38","msg":"Using AWS DynamoDB service without local endpoint","component":"dynamodb.TagDynamoDBRepository"}
{"level":"info","ts":"2026-06-02T17:31:28.094+0200","caller":"server/web_server.go:142","msg":"listening on 0.0.0.0:8000","component":"WebServerProvisioner"}
{"level":"error","ts":"2026-06-02T17:31:28.094+0200","caller":"server/web_server.go:156","msg":"server failed: listen tcp 0.0.0.0:8000: bind: address already in use","component":"WebServerProvisioner"}
{"level":"info","ts":"2026-06-02T17:31:28.094+0200","caller":"server/web_server.go:97","msg":"Server Shutdown has been started ....","component":"WebServerProvisioner"}
{"level":"info","ts":"2026-06-02T17:31:28.094+0200","caller":"server/web_server.go:98","msg":"There are 3 configurer to be disposed","component":"WebServerProvisioner"}
{"level":"info","ts":"2026-06-02T17:31:28.094+0200","caller":"otel/tracing_provider.go:54","msg":"Shutting down OTel TracerProvider","component":"OtelProvider"}
{"level":"info","ts":"2026-06-02T17:31:28.094+0200","caller":"otel/metric_provider.go:30","msg":"Shutting down OTel MeterProvider","component":"OtelProvider"}
{"level":"info","ts":"2026-06-02T17:31:28.095+0200","caller":"otel/log_provider.go:30","msg":"Shutting down OTel LoggerProvider","component":"OtelProvider"}
{"level":"info","ts":"2026-06-02T17:31:28.095+0200","caller":"server/web_server.go:108","msg":"Server Shutdown completed ....","component":"WebServerProvisioner"}
{"level":"error","ts":"2026-06-02T17:33:27.061+0200","caller":"security/jwt.go:64","msg":"failed to verify jwt token: jwt.Parse: failed to parse token: unknown payload type (payload is not JWT?)\n","component":"Jwt"}
{"level":"info","ts":"2026-06-02T17:33:27.227+0200","caller":"security/jwt.go:77","msg":"authenticating user: valerio.vaudi@gmail.com\n","component":"Jwt"}
{"level":"info","ts":"2026-06-02T17:33:27.227+0200","caller":"security/jwt.go:86","msg":"user valerio.vaudi@gmail.com has those authority [ROLE_BUDGET ROLE_USER FACTOR_PASSWORD]\n","component":"Jwt"}
{"level":"info","ts":"2026-06-02T17:33:27.228+0200","caller":"security/jwt.go:94","msg":"user valerio.vaudi@gmail.com has required authority: ROLE_USER","component":"Jwt"}
{"level":"info","ts":"2026-06-02T17:33:27.228+0200","caller":"security/jwt.go:102","msg":"authenticated user: valerio.vaudi@gmail.com\n","component":"Jwt"}
{"level":"info","ts":"2026-06-02T17:33:27.366+0200","caller":"security/jwt.go:77","msg":"authenticating user: valerio.vaudi@gmail.com\n","component":"Jwt"}
{"level":"info","ts":"2026-06-02T17:33:27.367+0200","caller":"security/jwt.go:86","msg":"user valerio.vaudi@gmail.com has those authority [ROLE_BUDGET ROLE_USER FACTOR_PASSWORD]\n","component":"Jwt"}
{"level":"info","ts":"2026-06-02T17:33:27.367+0200","caller":"security/jwt.go:94","msg":"user valerio.vaudi@gmail.com has required authority: ROLE_USER","component":"Jwt"}
{"level":"info","ts":"2026-06-02T17:33:27.367+0200","caller":"security/jwt.go:102","msg":"authenticated user: valerio.vaudi@gmail.com\n","component":"Jwt"}
{"level":"info","ts":"2026-06-02T17:33:27.667+0200","caller":"security/jwt.go:77","msg":"authenticating user: valerio.vaudi@gmail.com\n","component":"Jwt"}
{"level":"info","ts":"2026-06-02T17:33:27.667+0200","caller":"security/jwt.go:86","msg":"user valerio.vaudi@gmail.com has those authority [ROLE_BUDGET ROLE_USER FACTOR_PASSWORD]\n","component":"Jwt"}
{"level":"info","ts":"2026-06-02T17:33:27.667+0200","caller":"security/jwt.go:94","msg":"user valerio.vaudi@gmail.com has required authority: ROLE_USER","component":"Jwt"}
{"level":"info","ts":"2026-06-02T17:33:27.667+0200","caller":"security/jwt.go:102","msg":"authenticated user: valerio.vaudi@gmail.com\n","component":"Jwt"}
{"level":"info","ts":"2026-06-02T18:41:23.330+0200","caller":"security/jwt.go:77","msg":"authenticating user: valerio.vaudi@gmail.com\n","component":"Jwt"}
{"level":"info","ts":"2026-06-02T18:41:23.330+0200","caller":"security/jwt.go:86","msg":"user valerio.vaudi@gmail.com has those authority [ROLE_BUDGET ROLE_USER FACTOR_PASSWORD]\n","component":"Jwt"}
{"level":"info","ts":"2026-06-02T18:41:23.330+0200","caller":"security/jwt.go:94","msg":"user valerio.vaudi@gmail.com has required authority: ROLE_USER","component":"Jwt"}
{"level":"info","ts":"2026-06-02T18:41:23.330+0200","caller":"security/jwt.go:102","msg":"authenticated user: valerio.vaudi@gmail.com\n","component":"Jwt"}
{"level":"info","ts":"2026-06-02T18:41:23.451+0200","caller":"security/jwt.go:77","msg":"authenticating user: valerio.vaudi@gmail.com\n","component":"Jwt"}
{"level":"info","ts":"2026-06-02T18:41:23.452+0200","caller":"security/jwt.go:86","msg":"user valerio.vaudi@gmail.com has those authority [ROLE_BUDGET ROLE_USER FACTOR_PASSWORD]\n","component":"Jwt"}
{"level":"info","ts":"2026-06-02T18:41:23.452+0200","caller":"security/jwt.go:94","msg":"user valerio.vaudi@gmail.com has required authority: ROLE_USER","component":"Jwt"}
{"level":"info","ts":"2026-06-02T18:41:23.452+0200","caller":"security/jwt.go:102","msg":"authenticated user: valerio.vaudi@gmail.com\n","component":"Jwt"}
{"level":"info","ts":"2026-06-02T18:41:23.697+0200","caller":"security/jwt.go:77","msg":"authenticating user: valerio.vaudi@gmail.com\n","component":"Jwt"}
{"level":"info","ts":"2026-06-02T18:41:23.697+0200","caller":"security/jwt.go:86","msg":"user valerio.vaudi@gmail.com has those authority [ROLE_BUDGET ROLE_USER FACTOR_PASSWORD]\n","component":"Jwt"}
{"level":"info","ts":"2026-06-02T18:41:23.697+0200","caller":"security/jwt.go:94","msg":"user valerio.vaudi@gmail.com has required authority: ROLE_USER","component":"Jwt"}
{"level":"info","ts":"2026-06-02T18:41:23.697+0200","caller":"security/jwt.go:102","msg":"authenticated user: valerio.vaudi@gmail.com\n","component":"Jwt"}
{"level":"error","ts":"2026-06-02T18:43:42.185+0200","caller":"security/jwt.go:64","msg":"failed to verify jwt token: jwt.Parse: failed to parse token: unknown payload type (payload is not JWT?)\n","component":"Jwt"}
{"level":"info","ts":"2026-06-02T18:43:42.348+0200","caller":"security/jwt.go:77","msg":"authenticating user: valerio.vaudi@gmail.com\n","component":"Jwt"}
{"level":"info","ts":"2026-06-02T18:43:42.348+0200","caller":"security/jwt.go:86","msg":"user valerio.vaudi@gmail.com has those authority [ROLE_BUDGET ROLE_USER FACTOR_PASSWORD]\n","component":"Jwt"}
{"level":"info","ts":"2026-06-02T18:43:42.348+0200","caller":"security/jwt.go:94","msg":"user valerio.vaudi@gmail.com has required authority: ROLE_USER","component":"Jwt"}
{"level":"info","ts":"2026-06-02T18:43:42.348+0200","caller":"security/jwt.go:102","msg":"authenticated user: valerio.vaudi@gmail.com\n","component":"Jwt"}
{"level":"info","ts":"2026-06-02T18:43:42.465+0200","caller":"security/jwt.go:77","msg":"authenticating user: valerio.vaudi@gmail.com\n","component":"Jwt"}
{"level":"info","ts":"2026-06-02T18:43:42.466+0200","caller":"security/jwt.go:86","msg":"user valerio.vaudi@gmail.com has those authority [ROLE_BUDGET ROLE_USER FACTOR_PASSWORD]\n","component":"Jwt"}
{"level":"info","ts":"2026-06-02T18:43:42.466+0200","caller":"security/jwt.go:94","msg":"user valerio.vaudi@gmail.com has required authority: ROLE_USER","component":"Jwt"}
{"level":"info","ts":"2026-06-02T18:43:42.466+0200","caller":"security/jwt.go:102","msg":"authenticated user: valerio.vaudi@gmail.com\n","component":"Jwt"}
{"level":"info","ts":"2026-06-02T18:43:42.721+0200","caller":"security/jwt.go:77","msg":"authenticating user: valerio.vaudi@gmail.com\n","component":"Jwt"}
{"level":"info","ts":"2026-06-02T18:43:42.721+0200","caller":"security/jwt.go:86","msg":"user valerio.vaudi@gmail.com has those authority [ROLE_BUDGET ROLE_USER FACTOR_PASSWORD]\n","component":"Jwt"}
{"level":"info","ts":"2026-06-02T18:43:42.721+0200","caller":"security/jwt.go:94","msg":"user valerio.vaudi@gmail.com has required authority: ROLE_USER","component":"Jwt"}
{"level":"info","ts":"2026-06-02T18:43:42.721+0200","caller":"security/jwt.go:102","msg":"authenticated user: valerio.vaudi@gmail.com\n","component":"Jwt"}
{"level":"info","ts":"2026-06-02T19:09:38.319+0200","caller":"security/jwt.go:77","msg":"authenticating user: valerio.vaudi@gmail.com\n","component":"Jwt"}
{"level":"info","ts":"2026-06-02T19:09:38.320+0200","caller":"security/jwt.go:86","msg":"user valerio.vaudi@gmail.com has those authority [ROLE_BUDGET ROLE_USER FACTOR_PASSWORD]\n","component":"Jwt"}
{"level":"info","ts":"2026-06-02T19:09:38.320+0200","caller":"security/jwt.go:94","msg":"user valerio.vaudi@gmail.com has required authority: ROLE_USER","component":"Jwt"}
{"level":"info","ts":"2026-06-02T19:09:38.320+0200","caller":"security/jwt.go:102","msg":"authenticated user: valerio.vaudi@gmail.com\n","component":"Jwt"}
{"level":"info","ts":"2026-06-02T19:09:38.433+0200","caller":"security/jwt.go:77","msg":"authenticating user: valerio.vaudi@gmail.com\n","component":"Jwt"}
{"level":"info","ts":"2026-06-02T19:09:38.433+0200","caller":"security/jwt.go:86","msg":"user valerio.vaudi@gmail.com has those authority [ROLE_BUDGET ROLE_USER FACTOR_PASSWORD]\n","component":"Jwt"}
{"level":"info","ts":"2026-06-02T19:09:38.433+0200","caller":"security/jwt.go:94","msg":"user valerio.vaudi@gmail.com has required authority: ROLE_USER","component":"Jwt"}
{"level":"info","ts":"2026-06-02T19:09:38.433+0200","caller":"security/jwt.go:102","msg":"authenticated user: valerio.vaudi@gmail.com\n","component":"Jwt"}
{"level":"info","ts":"2026-06-02T19:09:38.689+0200","caller":"security/jwt.go:77","msg":"authenticating user: valerio.vaudi@gmail.com\n","component":"Jwt"}
{"level":"info","ts":"2026-06-02T19:09:38.690+0200","caller":"security/jwt.go:86","msg":"user valerio.vaudi@gmail.com has those authority [ROLE_BUDGET ROLE_USER FACTOR_PASSWORD]\n","component":"Jwt"}
{"level":"info","ts":"2026-06-02T19:09:38.690+0200","caller":"security/jwt.go:94","msg":"user valerio.vaudi@gmail.com has required authority: ROLE_USER","component":"Jwt"}
{"level":"info","ts":"2026-06-02T19:09:38.690+0200","caller":"security/jwt.go:102","msg":"authenticated user: valerio.vaudi@gmail.com\n","component":"Jwt"}
{"level":"info","ts":"2026-06-02T19:17:44.125+0200","caller":"security/jwt.go:77","msg":"authenticating user: valerio.vaudi@gmail.com\n","component":"Jwt"}
{"level":"info","ts":"2026-06-02T19:17:44.125+0200","caller":"security/jwt.go:86","msg":"user valerio.vaudi@gmail.com has those authority [ROLE_BUDGET ROLE_USER FACTOR_PASSWORD]\n","component":"Jwt"}
{"level":"info","ts":"2026-06-02T19:17:44.125+0200","caller":"security/jwt.go:94","msg":"user valerio.vaudi@gmail.com has required authority: ROLE_USER","component":"Jwt"}
{"level":"info","ts":"2026-06-02T19:17:44.125+0200","caller":"security/jwt.go:102","msg":"authenticated user: valerio.vaudi@gmail.com\n","component":"Jwt"}
{"level":"info","ts":"2026-06-02T19:17:44.247+0200","caller":"security/jwt.go:77","msg":"authenticating user: valerio.vaudi@gmail.com\n","component":"Jwt"}
{"level":"info","ts":"2026-06-02T19:17:44.247+0200","caller":"security/jwt.go:86","msg":"user valerio.vaudi@gmail.com has those authority [ROLE_BUDGET ROLE_USER FACTOR_PASSWORD]\n","component":"Jwt"}
{"level":"info","ts":"2026-06-02T19:17:44.247+0200","caller":"security/jwt.go:94","msg":"user valerio.vaudi@gmail.com has required authority: ROLE_USER","component":"Jwt"}
{"level":"info","ts":"2026-06-02T19:17:44.248+0200","caller":"security/jwt.go:102","msg":"authenticated user: valerio.vaudi@gmail.com\n","component":"Jwt"}
{"level":"info","ts":"2026-06-02T19:17:44.489+0200","caller":"security/jwt.go:77","msg":"authenticating user: valerio.vaudi@gmail.com\n","component":"Jwt"}
{"level":"info","ts":"2026-06-02T19:17:44.489+0200","caller":"security/jwt.go:86","msg":"user valerio.vaudi@gmail.com has those authority [ROLE_BUDGET ROLE_USER FACTOR_PASSWORD]\n","component":"Jwt"}
{"level":"info","ts":"2026-06-02T19:17:44.489+0200","caller":"security/jwt.go:94","msg":"user valerio.vaudi@gmail.com has required authority: ROLE_USER","component":"Jwt"}
{"level":"info","ts":"2026-06-02T19:17:44.489+0200","caller":"security/jwt.go:102","msg":"authenticated user: valerio.vaudi@gmail.com\n","component":"Jwt"}
{"level":"info","ts":"2026-06-02T19:18:27.421+0200","caller":"security/jwt.go:77","msg":"authenticating user: valerio.vaudi@gmail.com\n","component":"Jwt"}
{"level":"info","ts":"2026-06-02T19:18:27.421+0200","caller":"security/jwt.go:86","msg":"user valerio.vaudi@gmail.com has those authority [ROLE_BUDGET ROLE_USER FACTOR_PASSWORD]\n","component":"Jwt"}
{"level":"info","ts":"2026-06-02T19:18:27.421+0200","caller":"security/jwt.go:94","msg":"user valerio.vaudi@gmail.com has required authority: ROLE_USER","component":"Jwt"}
{"level":"info","ts":"2026-06-02T19:18:27.421+0200","caller":"security/jwt.go:102","msg":"authenticated user: valerio.vaudi@gmail.com\n","component":"Jwt"}
{"level":"info","ts":"2026-06-02T19:19:09.204+0200","caller":"security/jwt.go:77","msg":"authenticating user: valerio.vaudi@gmail.com\n","component":"Jwt"}
{"level":"info","ts":"2026-06-02T19:19:09.205+0200","caller":"security/jwt.go:86","msg":"user valerio.vaudi@gmail.com has those authority [ROLE_BUDGET ROLE_USER FACTOR_PASSWORD]\n","component":"Jwt"}
{"level":"info","ts":"2026-06-02T19:19:09.205+0200","caller":"security/jwt.go:94","msg":"user valerio.vaudi@gmail.com has required authority: ROLE_USER","component":"Jwt"}
{"level":"info","ts":"2026-06-02T19:19:09.205+0200","caller":"security/jwt.go:102","msg":"authenticated user: valerio.vaudi@gmail.com\n","component":"Jwt"}
{"level":"info","ts":"2026-06-02T19:19:09.224+0200","caller":"security/jwt.go:77","msg":"authenticating user: valerio.vaudi@gmail.com\n","component":"Jwt"}
{"level":"info","ts":"2026-06-02T19:19:09.225+0200","caller":"security/jwt.go:86","msg":"user valerio.vaudi@gmail.com has those authority [ROLE_BUDGET ROLE_USER FACTOR_PASSWORD]\n","component":"Jwt"}
{"level":"info","ts":"2026-06-02T19:19:09.225+0200","caller":"security/jwt.go:94","msg":"user valerio.vaudi@gmail.com has required authority: ROLE_USER","component":"Jwt"}
{"level":"info","ts":"2026-06-02T19:19:09.225+0200","caller":"security/jwt.go:102","msg":"authenticated user: valerio.vaudi@gmail.com\n","component":"Jwt"}
{"level":"info","ts":"2026-06-02T19:19:09.463+0200","caller":"security/jwt.go:77","msg":"authenticating user: valerio.vaudi@gmail.com\n","component":"Jwt"}
{"level":"info","ts":"2026-06-02T19:19:09.467+0200","caller":"security/jwt.go:86","msg":"user valerio.vaudi@gmail.com has those authority [ROLE_BUDGET ROLE_USER FACTOR_PASSWORD]\n","component":"Jwt"}
{"level":"info","ts":"2026-06-02T19:19:09.470+0200","caller":"security/jwt.go:94","msg":"user valerio.vaudi@gmail.com has required authority: ROLE_USER","component":"Jwt"}
{"level":"info","ts":"2026-06-02T19:19:09.472+0200","caller":"security/jwt.go:102","msg":"authenticated user: valerio.vaudi@gmail.com\n","component":"Jwt"}
{"level":"info","ts":"2026-06-02T21:58:24.749+0200","caller":"security/jwt.go:77","msg":"authenticating user: valerio.vaudi@gmail.com\n","component":"Jwt"}
{"level":"info","ts":"2026-06-02T21:58:24.749+0200","caller":"security/jwt.go:86","msg":"user valerio.vaudi@gmail.com has those authority [ROLE_BUDGET ROLE_USER FACTOR_PASSWORD]\n","component":"Jwt"}
{"level":"info","ts":"2026-06-02T21:58:24.749+0200","caller":"security/jwt.go:94","msg":"user valerio.vaudi@gmail.com has required authority: ROLE_USER","component":"Jwt"}
{"level":"info","ts":"2026-06-02T21:58:24.749+0200","caller":"security/jwt.go:102","msg":"authenticated user: valerio.vaudi@gmail.com\n","component":"Jwt"}
{"level":"info","ts":"2026-06-02T21:58:24.913+0200","caller":"security/jwt.go:77","msg":"authenticating user: valerio.vaudi@gmail.com\n","component":"Jwt"}
{"level":"info","ts":"2026-06-02T21:58:24.913+0200","caller":"security/jwt.go:86","msg":"user valerio.vaudi@gmail.com has those authority [ROLE_BUDGET ROLE_USER FACTOR_PASSWORD]\n","component":"Jwt"}
{"level":"info","ts":"2026-06-02T21:58:24.913+0200","caller":"security/jwt.go:94","msg":"user valerio.vaudi@gmail.com has required authority: ROLE_USER","component":"Jwt"}
{"level":"info","ts":"2026-06-02T21:58:24.913+0200","caller":"security/jwt.go:102","msg":"authenticated user: valerio.vaudi@gmail.com\n","component":"Jwt"}
{"level":"info","ts":"2026-06-02T21:58:25.215+0200","caller":"security/jwt.go:77","msg":"authenticating user: valerio.vaudi@gmail.com\n","component":"Jwt"}
{"level":"info","ts":"2026-06-02T21:58:25.215+0200","caller":"security/jwt.go:86","msg":"user valerio.vaudi@gmail.com has those authority [ROLE_BUDGET ROLE_USER FACTOR_PASSWORD]\n","component":"Jwt"}
{"level":"info","ts":"2026-06-02T21:58:25.215+0200","caller":"security/jwt.go:94","msg":"user valerio.vaudi@gmail.com has required authority: ROLE_USER","component":"Jwt"}
{"level":"info","ts":"2026-06-02T21:58:25.215+0200","caller":"security/jwt.go:102","msg":"authenticated user: valerio.vaudi@gmail.com\n","component":"Jwt"}
{"level":"info","ts":"2026-06-02T21:58:31.129+0200","caller":"security/jwt.go:77","msg":"authenticating user: valerio.vaudi@gmail.com\n","component":"Jwt"}
{"level":"info","ts":"2026-06-02T21:58:31.130+0200","caller":"security/jwt.go:86","msg":"user valerio.vaudi@gmail.com has those authority [ROLE_BUDGET ROLE_USER FACTOR_PASSWORD]\n","component":"Jwt"}
{"level":"info","ts":"2026-06-02T21:58:31.130+0200","caller":"security/jwt.go:94","msg":"user valerio.vaudi@gmail.com has required authority: ROLE_USER","component":"Jwt"}
{"level":"info","ts":"2026-06-02T21:58:31.130+0200","caller":"security/jwt.go:102","msg":"authenticated user: valerio.vaudi@gmail.com\n","component":"Jwt"}
