{"level":"info","ts":"2026-05-10T08:42:03.969+0200","caller":"server/web_server.go:65","msg":"configuring otel","component":"WebServerProvisioner"}
{"level":"info","ts":"2026-05-10T08:42:03.969+0200","caller":"otel/provider.go:65","msg":"OTel disabled","component":"OtelProvider"}
{"level":"info","ts":"2026-05-10T08:42:03.969+0200","caller":"server/web_server.go:65","msg":"configuring standard-middleware","component":"WebServerProvisioner"}
{"level":"info","ts":"2026-05-10T08:42:03.969+0200","caller":"server/web_server.go:65","msg":"configuring oauth2","component":"WebServerProvisioner"}
{"level":"info","ts":"2026-05-10T08:42:03.973+0200","caller":"security/jwt.go:30","msg":"OAuth2 middleware set up with role: PLAN_READER","component":"Jwt"}
{"level":"info","ts":"2026-05-10T08:42:03.973+0200","caller":"server/web_server.go:142","msg":"listening on 0.0.0.0:5050","component":"WebServerProvisioner"}
{"level":"info","ts":"2026-05-10T09:29:09.610+0200","caller":"security/jwt.go:77","msg":"authenticating user: valerio.vaudi@gmail.com\n","component":"Jwt"}
{"level":"info","ts":"2026-05-10T09:29:09.610+0200","caller":"security/jwt.go:86","msg":"user valerio.vaudi@gmail.com has those authority [ROLE_BUDGET ROLE_USER FACTOR_PASSWORD]\n","component":"Jwt"}
{"level":"error","ts":"2026-05-10T09:29:09.610+0200","caller":"security/jwt.go:89","msg":"user valerio.vaudi@gmail.com does not have required authority: PLAN_READER\n","component":"Jwt"}
{"level":"error","ts":"2026-05-10T09:30:13.480+0200","caller":"security/jwt.go:54","msg":"missing or malformed Authorization header","component":"Jwt"}
{"level":"info","ts":"2026-05-10T09:33:38.133+0200","caller":"server/web_server.go:161","msg":"shutdown signal received, draining connections","component":"WebServerProvisioner"}
{"level":"info","ts":"2026-05-10T09:33:38.133+0200","caller":"server/web_server.go:97","msg":"Server Shutdown has been started ....","component":"WebServerProvisioner"}
{"level":"info","ts":"2026-05-10T09:33:38.133+0200","caller":"server/web_server.go:98","msg":"There are 3 configurer to be disposed","component":"WebServerProvisioner"}
{"level":"info","ts":"2026-05-10T09:33:38.133+0200","caller":"server/web_server.go:108","msg":"Server Shutdown completed ....","component":"WebServerProvisioner"}
{"level":"info","ts":"2026-05-10T09:33:38.133+0200","caller":"server/web_server.go:97","msg":"Server Shutdown has been started ....","component":"WebServerProvisioner"}
{"level":"info","ts":"2026-05-10T09:33:38.133+0200","caller":"server/web_server.go:98","msg":"There are 0 configurer to be disposed","component":"WebServerProvisioner"}
{"level":"info","ts":"2026-05-10T09:33:38.133+0200","caller":"server/web_server.go:108","msg":"Server Shutdown completed ....","component":"WebServerProvisioner"}
{"level":"info","ts":"2026-05-10T09:33:38.953+0200","caller":"server/web_server.go:65","msg":"configuring otel","component":"WebServerProvisioner"}
{"level":"info","ts":"2026-05-10T09:33:38.953+0200","caller":"otel/provider.go:65","msg":"OTel disabled","component":"OtelProvider"}
{"level":"info","ts":"2026-05-10T09:33:38.953+0200","caller":"server/web_server.go:65","msg":"configuring standard-middleware","component":"WebServerProvisioner"}
{"level":"info","ts":"2026-05-10T09:33:38.953+0200","caller":"server/web_server.go:65","msg":"configuring oauth2","component":"WebServerProvisioner"}
{"level":"info","ts":"2026-05-10T09:33:38.957+0200","caller":"security/jwt.go:30","msg":"OAuth2 middleware set up with role: ROLE_USER","component":"Jwt"}
{"level":"info","ts":"2026-05-10T09:33:38.957+0200","caller":"server/web_server.go:142","msg":"listening on 0.0.0.0:5050","component":"WebServerProvisioner"}
{"level":"error","ts":"2026-05-10T09:33:47.898+0200","caller":"security/jwt.go:54","msg":"missing or malformed Authorization header","component":"Jwt"}
{"level":"info","ts":"2026-05-10T09:33:51.315+0200","caller":"security/jwt.go:77","msg":"authenticating user: valerio.vaudi@gmail.com\n","component":"Jwt"}
{"level":"info","ts":"2026-05-10T09:33:51.315+0200","caller":"security/jwt.go:86","msg":"user valerio.vaudi@gmail.com has those authority [ROLE_BUDGET ROLE_USER FACTOR_PASSWORD]\n","component":"Jwt"}
{"level":"info","ts":"2026-05-10T09:33:51.315+0200","caller":"security/jwt.go:94","msg":"user valerio.vaudi@gmail.com has required authority: ROLE_USER","component":"Jwt"}
{"level":"info","ts":"2026-05-10T09:33:51.316+0200","caller":"security/jwt.go:102","msg":"authenticated user: valerio.vaudi@gmail.com\n","component":"Jwt"}
{"level":"error","ts":"2026-05-10T09:33:51.316+0200","caller":"database/databaseUtils.go:14","msg":"<nil>"}
{"level":"error","ts":"2026-05-10T09:33:51.327+0200","caller":"db/repository.go:33","msg":"<nil>","component":"PlanPostgresRepository"}
{"level":"info","ts":"2026-05-10T09:34:28.691+0200","caller":"security/jwt.go:77","msg":"authenticating user: valerio.vaudi@gmail.com\n","component":"Jwt"}
{"level":"info","ts":"2026-05-10T09:34:28.691+0200","caller":"security/jwt.go:86","msg":"user valerio.vaudi@gmail.com has those authority [ROLE_BUDGET ROLE_USER FACTOR_PASSWORD]\n","component":"Jwt"}
{"level":"info","ts":"2026-05-10T09:34:28.691+0200","caller":"security/jwt.go:94","msg":"user valerio.vaudi@gmail.com has required authority: ROLE_USER","component":"Jwt"}
{"level":"info","ts":"2026-05-10T09:34:28.691+0200","caller":"security/jwt.go:102","msg":"authenticated user: valerio.vaudi@gmail.com\n","component":"Jwt"}
{"level":"error","ts":"2026-05-10T09:34:28.691+0200","caller":"database/databaseUtils.go:14","msg":"<nil>"}
{"level":"error","ts":"2026-05-10T09:34:28.702+0200","caller":"db/repository.go:121","msg":"<nil>","component":"PlanPostgresRepository"}
{"level":"info","ts":"2026-05-10T09:34:28.705+0200","caller":"security/jwt.go:77","msg":"authenticating user: valerio.vaudi@gmail.com\n","component":"Jwt"}
{"level":"info","ts":"2026-05-10T09:34:28.705+0200","caller":"security/jwt.go:86","msg":"user valerio.vaudi@gmail.com has those authority [ROLE_BUDGET ROLE_USER FACTOR_PASSWORD]\n","component":"Jwt"}
{"level":"info","ts":"2026-05-10T09:34:28.705+0200","caller":"security/jwt.go:94","msg":"user valerio.vaudi@gmail.com has required authority: ROLE_USER","component":"Jwt"}
{"level":"info","ts":"2026-05-10T09:34:28.705+0200","caller":"security/jwt.go:102","msg":"authenticated user: valerio.vaudi@gmail.com\n","component":"Jwt"}
{"level":"error","ts":"2026-05-10T09:34:28.705+0200","caller":"database/databaseUtils.go:14","msg":"<nil>"}
{"level":"error","ts":"2026-05-10T09:34:28.712+0200","caller":"db/repository.go:33","msg":"<nil>","component":"PlanPostgresRepository"}
{"level":"info","ts":"2026-05-10T09:34:34.437+0200","caller":"security/jwt.go:77","msg":"authenticating user: valerio.vaudi@gmail.com\n","component":"Jwt"}
{"level":"info","ts":"2026-05-10T09:34:34.437+0200","caller":"security/jwt.go:86","msg":"user valerio.vaudi@gmail.com has those authority [ROLE_BUDGET ROLE_USER FACTOR_PASSWORD]\n","component":"Jwt"}
{"level":"info","ts":"2026-05-10T09:34:34.437+0200","caller":"security/jwt.go:94","msg":"user valerio.vaudi@gmail.com has required authority: ROLE_USER","component":"Jwt"}
{"level":"info","ts":"2026-05-10T09:34:34.437+0200","caller":"security/jwt.go:102","msg":"authenticated user: valerio.vaudi@gmail.com\n","component":"Jwt"}
{"level":"error","ts":"2026-05-10T09:34:34.437+0200","caller":"database/databaseUtils.go:14","msg":"<nil>"}
{"level":"error","ts":"2026-05-10T09:34:34.444+0200","caller":"db/repository.go:53","msg":"<nil>","component":"PlanPostgresRepository"}
{"level":"error","ts":"2026-05-10T09:34:34.444+0200","caller":"database/databaseUtils.go:14","msg":"<nil>"}
{"level":"error","ts":"2026-05-10T09:34:34.450+0200","caller":"db/repository.go:81","msg":"<nil>","component":"PlanPostgresRepository"}
{"level":"info","ts":"2026-05-10T09:34:45.621+0200","caller":"security/jwt.go:77","msg":"authenticating user: valerio.vaudi@gmail.com\n","component":"Jwt"}
{"level":"info","ts":"2026-05-10T09:34:45.622+0200","caller":"security/jwt.go:86","msg":"user valerio.vaudi@gmail.com has those authority [ROLE_BUDGET ROLE_USER FACTOR_PASSWORD]\n","component":"Jwt"}
{"level":"info","ts":"2026-05-10T09:34:45.622+0200","caller":"security/jwt.go:94","msg":"user valerio.vaudi@gmail.com has required authority: ROLE_USER","component":"Jwt"}
{"level":"info","ts":"2026-05-10T09:34:45.622+0200","caller":"security/jwt.go:102","msg":"authenticated user: valerio.vaudi@gmail.com\n","component":"Jwt"}
{"level":"error","ts":"2026-05-10T09:34:45.622+0200","caller":"database/databaseUtils.go:14","msg":"<nil>"}
{"level":"error","ts":"2026-05-10T09:34:45.629+0200","caller":"db/repository.go:53","msg":"<nil>","component":"PlanPostgresRepository"}
{"level":"error","ts":"2026-05-10T09:34:45.629+0200","caller":"database/databaseUtils.go:14","msg":"<nil>"}
{"level":"error","ts":"2026-05-10T09:34:45.635+0200","caller":"db/repository.go:81","msg":"<nil>","component":"PlanPostgresRepository"}
{"level":"info","ts":"2026-05-10T09:43:48.464+0200","caller":"security/jwt.go:77","msg":"authenticating user: valerio.vaudi@gmail.com\n","component":"Jwt"}
{"level":"info","ts":"2026-05-10T09:43:48.464+0200","caller":"security/jwt.go:86","msg":"user valerio.vaudi@gmail.com has those authority [ROLE_BUDGET ROLE_USER FACTOR_PASSWORD]\n","component":"Jwt"}
{"level":"info","ts":"2026-05-10T09:43:48.464+0200","caller":"security/jwt.go:94","msg":"user valerio.vaudi@gmail.com has required authority: ROLE_USER","component":"Jwt"}
{"level":"info","ts":"2026-05-10T09:43:48.464+0200","caller":"security/jwt.go:102","msg":"authenticated user: valerio.vaudi@gmail.com\n","component":"Jwt"}
{"level":"error","ts":"2026-05-10T09:43:48.464+0200","caller":"database/databaseUtils.go:14","msg":"<nil>"}
{"level":"error","ts":"2026-05-10T09:43:48.469+0200","caller":"db/repository.go:33","msg":"<nil>","component":"PlanPostgresRepository"}
{"level":"info","ts":"2026-05-10T09:43:49.964+0200","caller":"security/jwt.go:77","msg":"authenticating user: valerio.vaudi@gmail.com\n","component":"Jwt"}
{"level":"info","ts":"2026-05-10T09:43:49.964+0200","caller":"security/jwt.go:86","msg":"user valerio.vaudi@gmail.com has those authority [ROLE_BUDGET ROLE_USER FACTOR_PASSWORD]\n","component":"Jwt"}
{"level":"info","ts":"2026-05-10T09:43:49.964+0200","caller":"security/jwt.go:94","msg":"user valerio.vaudi@gmail.com has required authority: ROLE_USER","component":"Jwt"}
{"level":"info","ts":"2026-05-10T09:43:49.964+0200","caller":"security/jwt.go:102","msg":"authenticated user: valerio.vaudi@gmail.com\n","component":"Jwt"}
{"level":"error","ts":"2026-05-10T09:43:49.964+0200","caller":"database/databaseUtils.go:14","msg":"<nil>"}
{"level":"error","ts":"2026-05-10T09:43:49.969+0200","caller":"db/repository.go:53","msg":"<nil>","component":"PlanPostgresRepository"}
{"level":"error","ts":"2026-05-10T09:43:49.970+0200","caller":"database/databaseUtils.go:14","msg":"<nil>"}
{"level":"error","ts":"2026-05-10T09:43:49.975+0200","caller":"db/repository.go:81","msg":"<nil>","component":"PlanPostgresRepository"}
{"level":"info","ts":"2026-05-10T09:44:01.120+0200","caller":"security/jwt.go:77","msg":"authenticating user: valerio.vaudi@gmail.com\n","component":"Jwt"}
{"level":"info","ts":"2026-05-10T09:44:01.120+0200","caller":"security/jwt.go:86","msg":"user valerio.vaudi@gmail.com has those authority [ROLE_BUDGET ROLE_USER FACTOR_PASSWORD]\n","component":"Jwt"}
{"level":"info","ts":"2026-05-10T09:44:01.120+0200","caller":"security/jwt.go:94","msg":"user valerio.vaudi@gmail.com has required authority: ROLE_USER","component":"Jwt"}
{"level":"info","ts":"2026-05-10T09:44:01.120+0200","caller":"security/jwt.go:102","msg":"authenticated user: valerio.vaudi@gmail.com\n","component":"Jwt"}
{"level":"error","ts":"2026-05-10T09:44:01.121+0200","caller":"database/databaseUtils.go:14","msg":"<nil>"}
{"level":"error","ts":"2026-05-10T09:44:01.154+0200","caller":"db/repository.go:155","msg":"<nil>","component":"PlanPostgresRepository"}
{"level":"info","ts":"2026-05-10T09:44:01.163+0200","caller":"security/jwt.go:77","msg":"authenticating user: valerio.vaudi@gmail.com\n","component":"Jwt"}
{"level":"info","ts":"2026-05-10T09:44:01.163+0200","caller":"security/jwt.go:86","msg":"user valerio.vaudi@gmail.com has those authority [ROLE_BUDGET ROLE_USER FACTOR_PASSWORD]\n","component":"Jwt"}
{"level":"info","ts":"2026-05-10T09:44:01.163+0200","caller":"security/jwt.go:94","msg":"user valerio.vaudi@gmail.com has required authority: ROLE_USER","component":"Jwt"}
{"level":"info","ts":"2026-05-10T09:44:01.164+0200","caller":"security/jwt.go:102","msg":"authenticated user: valerio.vaudi@gmail.com\n","component":"Jwt"}
{"level":"error","ts":"2026-05-10T09:44:01.164+0200","caller":"database/databaseUtils.go:14","msg":"<nil>"}
{"level":"error","ts":"2026-05-10T09:44:01.183+0200","caller":"db/repository.go:53","msg":"<nil>","component":"PlanPostgresRepository"}
{"level":"error","ts":"2026-05-10T09:44:01.184+0200","caller":"database/databaseUtils.go:14","msg":"<nil>"}
{"level":"error","ts":"2026-05-10T09:44:01.196+0200","caller":"db/repository.go:81","msg":"<nil>","component":"PlanPostgresRepository"}
{"level":"info","ts":"2026-05-10T10:02:09.090+0200","caller":"server/web_server.go:161","msg":"shutdown signal received, draining connections","component":"WebServerProvisioner"}
{"level":"info","ts":"2026-05-10T10:02:09.090+0200","caller":"server/web_server.go:97","msg":"Server Shutdown has been started ....","component":"WebServerProvisioner"}
{"level":"info","ts":"2026-05-10T10:02:09.090+0200","caller":"server/web_server.go:98","msg":"There are 3 configurer to be disposed","component":"WebServerProvisioner"}
{"level":"info","ts":"2026-05-10T10:02:09.090+0200","caller":"server/web_server.go:108","msg":"Server Shutdown completed ....","component":"WebServerProvisioner"}
{"level":"info","ts":"2026-05-10T10:02:09.091+0200","caller":"server/web_server.go:97","msg":"Server Shutdown has been started ....","component":"WebServerProvisioner"}
{"level":"info","ts":"2026-05-10T10:02:09.091+0200","caller":"server/web_server.go:98","msg":"There are 0 configurer to be disposed","component":"WebServerProvisioner"}
{"level":"info","ts":"2026-05-10T10:02:09.091+0200","caller":"server/web_server.go:108","msg":"Server Shutdown completed ....","component":"WebServerProvisioner"}
{"level":"info","ts":"2026-05-10T10:02:10.829+0200","caller":"server/web_server.go:65","msg":"configuring otel","component":"WebServerProvisioner"}
{"level":"info","ts":"2026-05-10T10:02:10.829+0200","caller":"otel/provider.go:65","msg":"OTel disabled","component":"OtelProvider"}
{"level":"info","ts":"2026-05-10T10:02:10.829+0200","caller":"server/web_server.go:65","msg":"configuring standard-middleware","component":"WebServerProvisioner"}
{"level":"info","ts":"2026-05-10T10:02:10.829+0200","caller":"server/web_server.go:65","msg":"configuring oauth2","component":"WebServerProvisioner"}
{"level":"info","ts":"2026-05-10T10:02:10.831+0200","caller":"security/jwt.go:30","msg":"OAuth2 middleware set up with role: ROLE_USER","component":"Jwt"}
{"level":"info","ts":"2026-05-10T10:02:10.832+0200","caller":"server/web_server.go:142","msg":"listening on 0.0.0.0:5050","component":"WebServerProvisioner"}
{"level":"info","ts":"2026-05-10T10:03:14.442+0200","caller":"security/jwt.go:77","msg":"authenticating user: valerio.vaudi@gmail.com\n","component":"Jwt"}
{"level":"info","ts":"2026-05-10T10:03:14.442+0200","caller":"security/jwt.go:86","msg":"user valerio.vaudi@gmail.com has those authority [ROLE_BUDGET ROLE_USER FACTOR_PASSWORD]\n","component":"Jwt"}
{"level":"info","ts":"2026-05-10T10:03:14.442+0200","caller":"security/jwt.go:94","msg":"user valerio.vaudi@gmail.com has required authority: ROLE_USER","component":"Jwt"}
{"level":"info","ts":"2026-05-10T10:03:14.442+0200","caller":"security/jwt.go:102","msg":"authenticated user: valerio.vaudi@gmail.com\n","component":"Jwt"}
{"level":"error","ts":"2026-05-10T10:03:14.442+0200","caller":"database/databaseUtils.go:14","msg":"<nil>"}
{"level":"error","ts":"2026-05-10T10:03:14.471+0200","caller":"db/repository.go:53","msg":"<nil>","component":"PlanPostgresRepository"}
{"level":"info","ts":"2026-05-10T10:03:17.176+0200","caller":"security/jwt.go:77","msg":"authenticating user: valerio.vaudi@gmail.com\n","component":"Jwt"}
{"level":"info","ts":"2026-05-10T10:03:17.176+0200","caller":"security/jwt.go:86","msg":"user valerio.vaudi@gmail.com has those authority [ROLE_BUDGET ROLE_USER FACTOR_PASSWORD]\n","component":"Jwt"}
{"level":"info","ts":"2026-05-10T10:03:17.176+0200","caller":"security/jwt.go:94","msg":"user valerio.vaudi@gmail.com has required authority: ROLE_USER","component":"Jwt"}
{"level":"info","ts":"2026-05-10T10:03:17.176+0200","caller":"security/jwt.go:102","msg":"authenticated user: valerio.vaudi@gmail.com\n","component":"Jwt"}
{"level":"error","ts":"2026-05-10T10:03:17.176+0200","caller":"database/databaseUtils.go:14","msg":"<nil>"}
{"level":"error","ts":"2026-05-10T10:03:17.183+0200","caller":"db/repository.go:53","msg":"<nil>","component":"PlanPostgresRepository"}
{"level":"info","ts":"2026-05-10T10:03:18.102+0200","caller":"security/jwt.go:77","msg":"authenticating user: valerio.vaudi@gmail.com\n","component":"Jwt"}
{"level":"info","ts":"2026-05-10T10:03:18.102+0200","caller":"security/jwt.go:86","msg":"user valerio.vaudi@gmail.com has those authority [ROLE_BUDGET ROLE_USER FACTOR_PASSWORD]\n","component":"Jwt"}
{"level":"info","ts":"2026-05-10T10:03:18.102+0200","caller":"security/jwt.go:94","msg":"user valerio.vaudi@gmail.com has required authority: ROLE_USER","component":"Jwt"}
{"level":"info","ts":"2026-05-10T10:03:18.102+0200","caller":"security/jwt.go:102","msg":"authenticated user: valerio.vaudi@gmail.com\n","component":"Jwt"}
{"level":"error","ts":"2026-05-10T10:03:18.102+0200","caller":"database/databaseUtils.go:14","msg":"<nil>"}
{"level":"error","ts":"2026-05-10T10:03:18.108+0200","caller":"db/repository.go:53","msg":"<nil>","component":"PlanPostgresRepository"}
{"level":"info","ts":"2026-05-10T10:03:36.282+0200","caller":"security/jwt.go:77","msg":"authenticating user: valerio.vaudi@gmail.com\n","component":"Jwt"}
{"level":"info","ts":"2026-05-10T10:03:36.282+0200","caller":"security/jwt.go:86","msg":"user valerio.vaudi@gmail.com has those authority [ROLE_BUDGET ROLE_USER FACTOR_PASSWORD]\n","component":"Jwt"}
{"level":"info","ts":"2026-05-10T10:03:36.282+0200","caller":"security/jwt.go:94","msg":"user valerio.vaudi@gmail.com has required authority: ROLE_USER","component":"Jwt"}
{"level":"info","ts":"2026-05-10T10:03:36.282+0200","caller":"security/jwt.go:102","msg":"authenticated user: valerio.vaudi@gmail.com\n","component":"Jwt"}
{"level":"error","ts":"2026-05-10T10:03:36.282+0200","caller":"database/databaseUtils.go:14","msg":"<nil>"}
{"level":"error","ts":"2026-05-10T10:03:36.288+0200","caller":"db/repository.go:33","msg":"<nil>","component":"PlanPostgresRepository"}
{"level":"info","ts":"2026-05-10T10:03:44.102+0200","caller":"security/jwt.go:77","msg":"authenticating user: valerio.vaudi@gmail.com\n","component":"Jwt"}
{"level":"info","ts":"2026-05-10T10:03:44.102+0200","caller":"security/jwt.go:86","msg":"user valerio.vaudi@gmail.com has those authority [ROLE_BUDGET ROLE_USER FACTOR_PASSWORD]\n","component":"Jwt"}
{"level":"info","ts":"2026-05-10T10:03:44.102+0200","caller":"security/jwt.go:94","msg":"user valerio.vaudi@gmail.com has required authority: ROLE_USER","component":"Jwt"}
{"level":"info","ts":"2026-05-10T10:03:44.103+0200","caller":"security/jwt.go:102","msg":"authenticated user: valerio.vaudi@gmail.com\n","component":"Jwt"}
{"level":"error","ts":"2026-05-10T10:03:44.103+0200","caller":"database/databaseUtils.go:14","msg":"<nil>"}
{"level":"error","ts":"2026-05-10T10:03:44.128+0200","caller":"db/repository.go:124","msg":"<nil>","component":"PlanPostgresRepository"}
{"level":"info","ts":"2026-05-10T10:03:44.133+0200","caller":"security/jwt.go:77","msg":"authenticating user: valerio.vaudi@gmail.com\n","component":"Jwt"}
{"level":"info","ts":"2026-05-10T10:03:44.134+0200","caller":"security/jwt.go:86","msg":"user valerio.vaudi@gmail.com has those authority [ROLE_BUDGET ROLE_USER FACTOR_PASSWORD]\n","component":"Jwt"}
{"level":"info","ts":"2026-05-10T10:03:44.134+0200","caller":"security/jwt.go:94","msg":"user valerio.vaudi@gmail.com has required authority: ROLE_USER","component":"Jwt"}
{"level":"info","ts":"2026-05-10T10:03:44.134+0200","caller":"security/jwt.go:102","msg":"authenticated user: valerio.vaudi@gmail.com\n","component":"Jwt"}
{"level":"error","ts":"2026-05-10T10:03:44.134+0200","caller":"database/databaseUtils.go:14","msg":"<nil>"}
{"level":"error","ts":"2026-05-10T10:03:44.148+0200","caller":"db/repository.go:33","msg":"<nil>","component":"PlanPostgresRepository"}
{"level":"info","ts":"2026-05-10T10:04:13.876+0200","caller":"security/jwt.go:77","msg":"authenticating user: valerio.vaudi@gmail.com\n","component":"Jwt"}
{"level":"info","ts":"2026-05-10T10:04:13.876+0200","caller":"security/jwt.go:86","msg":"user valerio.vaudi@gmail.com has those authority [ROLE_BUDGET ROLE_USER FACTOR_PASSWORD]\n","component":"Jwt"}
{"level":"info","ts":"2026-05-10T10:04:13.876+0200","caller":"security/jwt.go:94","msg":"user valerio.vaudi@gmail.com has required authority: ROLE_USER","component":"Jwt"}
{"level":"info","ts":"2026-05-10T10:04:13.876+0200","caller":"security/jwt.go:102","msg":"authenticated user: valerio.vaudi@gmail.com\n","component":"Jwt"}
{"level":"error","ts":"2026-05-10T10:04:13.876+0200","caller":"database/databaseUtils.go:14","msg":"<nil>"}
{"level":"error","ts":"2026-05-10T10:04:13.882+0200","caller":"db/repository.go:53","msg":"<nil>","component":"PlanPostgresRepository"}
{"level":"error","ts":"2026-05-10T10:04:13.882+0200","caller":"database/databaseUtils.go:14","msg":"<nil>"}
{"level":"error","ts":"2026-05-10T10:04:13.887+0200","caller":"db/repository.go:81","msg":"<nil>","component":"PlanPostgresRepository"}
{"level":"error","ts":"2026-05-10T10:08:25.794+0200","caller":"security/jwt.go:54","msg":"missing or malformed Authorization header","component":"Jwt"}
{"level":"error","ts":"2026-05-10T10:09:39.381+0200","caller":"security/jwt.go:64","msg":"failed to verify jwt token: jwt.Parse: failed to parse token: unknown payload type (payload is not JWT?)\n","component":"Jwt"}
{"level":"info","ts":"2026-05-10T10:09:51.391+0200","caller":"security/jwt.go:77","msg":"authenticating user: valerio.vaudi@gmail.com\n","component":"Jwt"}
{"level":"info","ts":"2026-05-10T10:09:51.391+0200","caller":"security/jwt.go:86","msg":"user valerio.vaudi@gmail.com has those authority [ROLE_BUDGET ROLE_USER FACTOR_PASSWORD]\n","component":"Jwt"}
{"level":"info","ts":"2026-05-10T10:09:51.391+0200","caller":"security/jwt.go:94","msg":"user valerio.vaudi@gmail.com has required authority: ROLE_USER","component":"Jwt"}
{"level":"info","ts":"2026-05-10T10:09:51.391+0200","caller":"security/jwt.go:102","msg":"authenticated user: valerio.vaudi@gmail.com\n","component":"Jwt"}
{"level":"error","ts":"2026-05-10T10:09:51.391+0200","caller":"database/databaseUtils.go:14","msg":"<nil>"}
{"level":"error","ts":"2026-05-10T10:09:51.398+0200","caller":"db/repository.go:33","msg":"<nil>","component":"PlanPostgresRepository"}
{"level":"info","ts":"2026-05-10T10:10:00.360+0200","caller":"security/jwt.go:77","msg":"authenticating user: valerio.vaudi@gmail.com\n","component":"Jwt"}
{"level":"info","ts":"2026-05-10T10:10:00.361+0200","caller":"security/jwt.go:86","msg":"user valerio.vaudi@gmail.com has those authority [ROLE_BUDGET ROLE_USER FACTOR_PASSWORD]\n","component":"Jwt"}
{"level":"info","ts":"2026-05-10T10:10:00.361+0200","caller":"security/jwt.go:94","msg":"user valerio.vaudi@gmail.com has required authority: ROLE_USER","component":"Jwt"}
{"level":"info","ts":"2026-05-10T10:10:00.361+0200","caller":"security/jwt.go:102","msg":"authenticated user: valerio.vaudi@gmail.com\n","component":"Jwt"}
{"level":"error","ts":"2026-05-10T10:10:00.361+0200","caller":"database/databaseUtils.go:14","msg":"<nil>"}
{"level":"error","ts":"2026-05-10T10:10:00.367+0200","caller":"db/repository.go:53","msg":"<nil>","component":"PlanPostgresRepository"}
{"level":"error","ts":"2026-05-10T10:10:00.368+0200","caller":"database/databaseUtils.go:14","msg":"<nil>"}
{"level":"error","ts":"2026-05-10T10:10:00.373+0200","caller":"db/repository.go:81","msg":"<nil>","component":"PlanPostgresRepository"}
{"level":"info","ts":"2026-05-10T10:10:29.434+0200","caller":"security/jwt.go:77","msg":"authenticating user: valerio.vaudi@gmail.com\n","component":"Jwt"}
{"level":"info","ts":"2026-05-10T10:10:29.434+0200","caller":"security/jwt.go:86","msg":"user valerio.vaudi@gmail.com has those authority [ROLE_BUDGET ROLE_USER FACTOR_PASSWORD]\n","component":"Jwt"}
{"level":"info","ts":"2026-05-10T10:10:29.434+0200","caller":"security/jwt.go:94","msg":"user valerio.vaudi@gmail.com has required authority: ROLE_USER","component":"Jwt"}
{"level":"info","ts":"2026-05-10T10:10:29.434+0200","caller":"security/jwt.go:102","msg":"authenticated user: valerio.vaudi@gmail.com\n","component":"Jwt"}
{"level":"error","ts":"2026-05-10T10:10:29.434+0200","caller":"database/databaseUtils.go:14","msg":"<nil>"}
{"level":"error","ts":"2026-05-10T10:10:29.444+0200","caller":"db/repository.go:158","msg":"<nil>","component":"PlanPostgresRepository"}
{"level":"info","ts":"2026-05-10T10:10:29.446+0200","caller":"security/jwt.go:77","msg":"authenticating user: valerio.vaudi@gmail.com\n","component":"Jwt"}
{"level":"info","ts":"2026-05-10T10:10:29.446+0200","caller":"security/jwt.go:86","msg":"user valerio.vaudi@gmail.com has those authority [ROLE_BUDGET ROLE_USER FACTOR_PASSWORD]\n","component":"Jwt"}
{"level":"info","ts":"2026-05-10T10:10:29.446+0200","caller":"security/jwt.go:94","msg":"user valerio.vaudi@gmail.com has required authority: ROLE_USER","component":"Jwt"}
{"level":"info","ts":"2026-05-10T10:10:29.446+0200","caller":"security/jwt.go:102","msg":"authenticated user: valerio.vaudi@gmail.com\n","component":"Jwt"}
{"level":"error","ts":"2026-05-10T10:10:29.446+0200","caller":"database/databaseUtils.go:14","msg":"<nil>"}
{"level":"error","ts":"2026-05-10T10:10:29.452+0200","caller":"db/repository.go:53","msg":"<nil>","component":"PlanPostgresRepository"}
{"level":"error","ts":"2026-05-10T10:10:29.452+0200","caller":"database/databaseUtils.go:14","msg":"<nil>"}
{"level":"error","ts":"2026-05-10T10:10:29.458+0200","caller":"db/repository.go:81","msg":"<nil>","component":"PlanPostgresRepository"}
{"level":"info","ts":"2026-05-10T10:11:05.526+0200","caller":"security/jwt.go:77","msg":"authenticating user: valerio.vaudi@gmail.com\n","component":"Jwt"}
{"level":"info","ts":"2026-05-10T10:11:05.526+0200","caller":"security/jwt.go:86","msg":"user valerio.vaudi@gmail.com has those authority [ROLE_BUDGET ROLE_USER FACTOR_PASSWORD]\n","component":"Jwt"}
{"level":"info","ts":"2026-05-10T10:11:05.526+0200","caller":"security/jwt.go:94","msg":"user valerio.vaudi@gmail.com has required authority: ROLE_USER","component":"Jwt"}
{"level":"info","ts":"2026-05-10T10:11:05.526+0200","caller":"security/jwt.go:102","msg":"authenticated user: valerio.vaudi@gmail.com\n","component":"Jwt"}
{"level":"error","ts":"2026-05-10T10:11:05.526+0200","caller":"database/databaseUtils.go:14","msg":"<nil>"}
{"level":"error","ts":"2026-05-10T10:11:05.531+0200","caller":"db/repository.go:53","msg":"<nil>","component":"PlanPostgresRepository"}
{"level":"error","ts":"2026-05-10T10:11:05.531+0200","caller":"database/databaseUtils.go:14","msg":"<nil>"}
{"level":"error","ts":"2026-05-10T10:11:05.537+0200","caller":"db/repository.go:81","msg":"<nil>","component":"PlanPostgresRepository"}
{"level":"error","ts":"2026-05-10T10:11:05.537+0200","caller":"database/databaseUtils.go:14","msg":"<nil>"}
{"level":"error","ts":"2026-05-10T10:11:05.545+0200","caller":"db/repository.go:192","msg":"<nil>","component":"PlanPostgresRepository"}
{"level":"info","ts":"2026-05-10T10:11:05.548+0200","caller":"security/jwt.go:77","msg":"authenticating user: valerio.vaudi@gmail.com\n","component":"Jwt"}
{"level":"info","ts":"2026-05-10T10:11:05.548+0200","caller":"security/jwt.go:86","msg":"user valerio.vaudi@gmail.com has those authority [ROLE_BUDGET ROLE_USER FACTOR_PASSWORD]\n","component":"Jwt"}
{"level":"info","ts":"2026-05-10T10:11:05.548+0200","caller":"security/jwt.go:94","msg":"user valerio.vaudi@gmail.com has required authority: ROLE_USER","component":"Jwt"}
{"level":"info","ts":"2026-05-10T10:11:05.548+0200","caller":"security/jwt.go:102","msg":"authenticated user: valerio.vaudi@gmail.com\n","component":"Jwt"}
{"level":"error","ts":"2026-05-10T10:11:05.548+0200","caller":"database/databaseUtils.go:14","msg":"<nil>"}
{"level":"error","ts":"2026-05-10T10:11:05.553+0200","caller":"db/repository.go:53","msg":"<nil>","component":"PlanPostgresRepository"}
{"level":"error","ts":"2026-05-10T10:11:05.553+0200","caller":"database/databaseUtils.go:14","msg":"<nil>"}
{"level":"error","ts":"2026-05-10T10:11:05.559+0200","caller":"db/repository.go:81","msg":"<nil>","component":"PlanPostgresRepository"}
{"level":"info","ts":"2026-05-10T10:11:35.151+0200","caller":"security/jwt.go:77","msg":"authenticating user: valerio.vaudi@gmail.com\n","component":"Jwt"}
{"level":"info","ts":"2026-05-10T10:11:35.151+0200","caller":"security/jwt.go:86","msg":"user valerio.vaudi@gmail.com has those authority [ROLE_BUDGET ROLE_USER FACTOR_PASSWORD]\n","component":"Jwt"}
{"level":"info","ts":"2026-05-10T10:11:35.151+0200","caller":"security/jwt.go:94","msg":"user valerio.vaudi@gmail.com has required authority: ROLE_USER","component":"Jwt"}
{"level":"info","ts":"2026-05-10T10:11:35.151+0200","caller":"security/jwt.go:102","msg":"authenticated user: valerio.vaudi@gmail.com\n","component":"Jwt"}
{"level":"error","ts":"2026-05-10T10:11:35.151+0200","caller":"database/databaseUtils.go:14","msg":"<nil>"}
{"level":"error","ts":"2026-05-10T10:11:35.159+0200","caller":"db/repository.go:53","msg":"<nil>","component":"PlanPostgresRepository"}
{"level":"error","ts":"2026-05-10T10:11:35.159+0200","caller":"database/databaseUtils.go:14","msg":"<nil>"}
{"level":"error","ts":"2026-05-10T10:11:35.166+0200","caller":"db/repository.go:81","msg":"<nil>","component":"PlanPostgresRepository"}
{"level":"error","ts":"2026-05-10T10:11:35.166+0200","caller":"database/databaseUtils.go:14","msg":"<nil>"}
{"level":"error","ts":"2026-05-10T10:11:35.177+0200","caller":"db/repository.go:192","msg":"<nil>","component":"PlanPostgresRepository"}
{"level":"info","ts":"2026-05-10T10:11:35.180+0200","caller":"security/jwt.go:77","msg":"authenticating user: valerio.vaudi@gmail.com\n","component":"Jwt"}
{"level":"info","ts":"2026-05-10T10:11:35.180+0200","caller":"security/jwt.go:86","msg":"user valerio.vaudi@gmail.com has those authority [ROLE_BUDGET ROLE_USER FACTOR_PASSWORD]\n","component":"Jwt"}
{"level":"info","ts":"2026-05-10T10:11:35.180+0200","caller":"security/jwt.go:94","msg":"user valerio.vaudi@gmail.com has required authority: ROLE_USER","component":"Jwt"}
{"level":"info","ts":"2026-05-10T10:11:35.180+0200","caller":"security/jwt.go:102","msg":"authenticated user: valerio.vaudi@gmail.com\n","component":"Jwt"}
{"level":"error","ts":"2026-05-10T10:11:35.180+0200","caller":"database/databaseUtils.go:14","msg":"<nil>"}
{"level":"error","ts":"2026-05-10T10:11:35.186+0200","caller":"db/repository.go:53","msg":"<nil>","component":"PlanPostgresRepository"}
{"level":"error","ts":"2026-05-10T10:11:35.186+0200","caller":"database/databaseUtils.go:14","msg":"<nil>"}
{"level":"error","ts":"2026-05-10T10:11:35.192+0200","caller":"db/repository.go:81","msg":"<nil>","component":"PlanPostgresRepository"}
{"level":"info","ts":"2026-05-10T10:12:17.368+0200","caller":"security/jwt.go:77","msg":"authenticating user: valerio.vaudi@gmail.com\n","component":"Jwt"}
{"level":"info","ts":"2026-05-10T10:12:17.368+0200","caller":"security/jwt.go:86","msg":"user valerio.vaudi@gmail.com has those authority [ROLE_BUDGET ROLE_USER FACTOR_PASSWORD]\n","component":"Jwt"}
{"level":"info","ts":"2026-05-10T10:12:17.368+0200","caller":"security/jwt.go:94","msg":"user valerio.vaudi@gmail.com has required authority: ROLE_USER","component":"Jwt"}
{"level":"info","ts":"2026-05-10T10:12:17.368+0200","caller":"security/jwt.go:102","msg":"authenticated user: valerio.vaudi@gmail.com\n","component":"Jwt"}
{"level":"error","ts":"2026-05-10T10:12:17.368+0200","caller":"database/databaseUtils.go:14","msg":"<nil>"}
{"level":"error","ts":"2026-05-10T10:12:17.381+0200","caller":"db/repository.go:158","msg":"<nil>","component":"PlanPostgresRepository"}
{"level":"info","ts":"2026-05-10T10:12:17.383+0200","caller":"security/jwt.go:77","msg":"authenticating user: valerio.vaudi@gmail.com\n","component":"Jwt"}
{"level":"info","ts":"2026-05-10T10:12:17.383+0200","caller":"security/jwt.go:86","msg":"user valerio.vaudi@gmail.com has those authority [ROLE_BUDGET ROLE_USER FACTOR_PASSWORD]\n","component":"Jwt"}
{"level":"info","ts":"2026-05-10T10:12:17.383+0200","caller":"security/jwt.go:94","msg":"user valerio.vaudi@gmail.com has required authority: ROLE_USER","component":"Jwt"}
{"level":"info","ts":"2026-05-10T10:12:17.383+0200","caller":"security/jwt.go:102","msg":"authenticated user: valerio.vaudi@gmail.com\n","component":"Jwt"}
{"level":"error","ts":"2026-05-10T10:12:17.383+0200","caller":"database/databaseUtils.go:14","msg":"<nil>"}
{"level":"error","ts":"2026-05-10T10:12:17.389+0200","caller":"db/repository.go:53","msg":"<nil>","component":"PlanPostgresRepository"}
{"level":"error","ts":"2026-05-10T10:12:17.390+0200","caller":"database/databaseUtils.go:14","msg":"<nil>"}
{"level":"error","ts":"2026-05-10T10:12:17.397+0200","caller":"db/repository.go:81","msg":"<nil>","component":"PlanPostgresRepository"}
{"level":"info","ts":"2026-05-10T10:12:39.420+0200","caller":"security/jwt.go:77","msg":"authenticating user: valerio.vaudi@gmail.com\n","component":"Jwt"}
{"level":"info","ts":"2026-05-10T10:12:39.420+0200","caller":"security/jwt.go:86","msg":"user valerio.vaudi@gmail.com has those authority [ROLE_BUDGET ROLE_USER FACTOR_PASSWORD]\n","component":"Jwt"}
{"level":"info","ts":"2026-05-10T10:12:39.420+0200","caller":"security/jwt.go:94","msg":"user valerio.vaudi@gmail.com has required authority: ROLE_USER","component":"Jwt"}
{"level":"info","ts":"2026-05-10T10:12:39.420+0200","caller":"security/jwt.go:102","msg":"authenticated user: valerio.vaudi@gmail.com\n","component":"Jwt"}
{"level":"error","ts":"2026-05-10T10:12:39.420+0200","caller":"database/databaseUtils.go:14","msg":"<nil>"}
{"level":"error","ts":"2026-05-10T10:12:39.427+0200","caller":"db/repository.go:53","msg":"<nil>","component":"PlanPostgresRepository"}
{"level":"error","ts":"2026-05-10T10:12:39.428+0200","caller":"database/databaseUtils.go:14","msg":"<nil>"}
{"level":"error","ts":"2026-05-10T10:12:39.434+0200","caller":"db/repository.go:81","msg":"<nil>","component":"PlanPostgresRepository"}
{"level":"error","ts":"2026-05-10T10:12:39.434+0200","caller":"database/databaseUtils.go:14","msg":"<nil>"}
{"level":"error","ts":"2026-05-10T10:12:39.445+0200","caller":"db/repository.go:192","msg":"<nil>","component":"PlanPostgresRepository"}
{"level":"info","ts":"2026-05-10T10:12:39.448+0200","caller":"security/jwt.go:77","msg":"authenticating user: valerio.vaudi@gmail.com\n","component":"Jwt"}
{"level":"info","ts":"2026-05-10T10:12:39.448+0200","caller":"security/jwt.go:86","msg":"user valerio.vaudi@gmail.com has those authority [ROLE_BUDGET ROLE_USER FACTOR_PASSWORD]\n","component":"Jwt"}
{"level":"info","ts":"2026-05-10T10:12:39.448+0200","caller":"security/jwt.go:94","msg":"user valerio.vaudi@gmail.com has required authority: ROLE_USER","component":"Jwt"}
{"level":"info","ts":"2026-05-10T10:12:39.448+0200","caller":"security/jwt.go:102","msg":"authenticated user: valerio.vaudi@gmail.com\n","component":"Jwt"}
{"level":"error","ts":"2026-05-10T10:12:39.448+0200","caller":"database/databaseUtils.go:14","msg":"<nil>"}
{"level":"error","ts":"2026-05-10T10:12:39.454+0200","caller":"db/repository.go:53","msg":"<nil>","component":"PlanPostgresRepository"}
{"level":"error","ts":"2026-05-10T10:12:39.454+0200","caller":"database/databaseUtils.go:14","msg":"<nil>"}
{"level":"error","ts":"2026-05-10T10:12:39.460+0200","caller":"db/repository.go:81","msg":"<nil>","component":"PlanPostgresRepository"}
{"level":"info","ts":"2026-05-10T15:25:18.684+0200","caller":"server/web_server.go:161","msg":"shutdown signal received, draining connections","component":"WebServerProvisioner"}
{"level":"info","ts":"2026-05-10T15:25:18.684+0200","caller":"server/web_server.go:97","msg":"Server Shutdown has been started ....","component":"WebServerProvisioner"}
{"level":"info","ts":"2026-05-10T15:25:18.685+0200","caller":"server/web_server.go:98","msg":"There are 3 configurer to be disposed","component":"WebServerProvisioner"}
{"level":"info","ts":"2026-05-10T15:25:18.685+0200","caller":"server/web_server.go:108","msg":"Server Shutdown completed ....","component":"WebServerProvisioner"}
{"level":"info","ts":"2026-05-10T15:25:18.685+0200","caller":"server/web_server.go:97","msg":"Server Shutdown has been started ....","component":"WebServerProvisioner"}
{"level":"info","ts":"2026-05-10T15:25:18.685+0200","caller":"server/web_server.go:98","msg":"There are 0 configurer to be disposed","component":"WebServerProvisioner"}
{"level":"info","ts":"2026-05-10T15:25:18.685+0200","caller":"server/web_server.go:108","msg":"Server Shutdown completed ....","component":"WebServerProvisioner"}
{"level":"info","ts":"2026-05-10T16:16:33.238+0200","caller":"server/web_server.go:65","msg":"configuring otel","component":"WebServerProvisioner"}
{"level":"info","ts":"2026-05-10T16:16:33.244+0200","caller":"otel/provider.go:65","msg":"OTel disabled","component":"OtelProvider"}
{"level":"info","ts":"2026-05-10T16:16:33.244+0200","caller":"server/web_server.go:65","msg":"configuring standard-middleware","component":"WebServerProvisioner"}
{"level":"info","ts":"2026-05-10T16:16:33.244+0200","caller":"server/web_server.go:65","msg":"configuring oauth2","component":"WebServerProvisioner"}
{"level":"error","ts":"2026-05-10T16:16:43.249+0200","caller":"security/jwk.go:38","msg":"jwk: register \"http://local.api.vauthenticator.com:9090/oauth2/jwks\": failed to add resource to httprc.Client: context deadline exceeded","component":"Jwk"}
{"level":"error","ts":"2026-05-10T16:16:43.254+0200","caller":"security/jwt.go:26","msg":"oauth2 setup: jwk: register \"http://local.api.vauthenticator.com:9090/oauth2/jwks\": failed to add resource to httprc.Client: context deadline exceeded","component":"Jwt"}
{"level":"error","ts":"2026-05-10T16:16:43.254+0200","caller":"server/web_server.go:67","msg":"oauth2 configure failed: oauth2 setup: oauth2 setup: jwk: register \"http://local.api.vauthenticator.com:9090/oauth2/jwks\": failed to add resource to httprc.Client: context deadline exceeded","component":"WebServerProvisioner"}
{"level":"info","ts":"2026-05-10T16:16:43.254+0200","caller":"server/web_server.go:97","msg":"Server Shutdown has been started ....","component":"WebServerProvisioner"}
{"level":"info","ts":"2026-05-10T16:16:43.254+0200","caller":"server/web_server.go:98","msg":"There are 3 configurer to be disposed","component":"WebServerProvisioner"}
{"level":"info","ts":"2026-05-10T16:16:43.254+0200","caller":"server/web_server.go:108","msg":"Server Shutdown completed ....","component":"WebServerProvisioner"}
{"level":"info","ts":"2026-05-10T16:58:37.953+0200","caller":"server/web_server.go:65","msg":"configuring otel","component":"WebServerProvisioner"}
{"level":"info","ts":"2026-05-10T16:58:37.953+0200","caller":"otel/provider.go:65","msg":"OTel disabled","component":"OtelProvider"}
{"level":"info","ts":"2026-05-10T16:58:37.953+0200","caller":"server/web_server.go:65","msg":"configuring standard-middleware","component":"WebServerProvisioner"}
{"level":"info","ts":"2026-05-10T16:58:37.953+0200","caller":"server/web_server.go:65","msg":"configuring oauth2","component":"WebServerProvisioner"}
{"level":"info","ts":"2026-05-10T16:58:37.958+0200","caller":"security/jwt.go:30","msg":"OAuth2 middleware set up with role: ROLE_USER","component":"Jwt"}
{"level":"info","ts":"2026-05-10T16:58:37.958+0200","caller":"server/web_server.go:142","msg":"listening on 0.0.0.0:5050","component":"WebServerProvisioner"}
{"level":"info","ts":"2026-05-10T16:58:39.957+0200","caller":"security/jwt.go:77","msg":"authenticating user: valerio.vaudi@gmail.com\n","component":"Jwt"}
{"level":"info","ts":"2026-05-10T16:58:39.958+0200","caller":"security/jwt.go:86","msg":"user valerio.vaudi@gmail.com has those authority [ROLE_BUDGET ROLE_USER FACTOR_PASSWORD]\n","component":"Jwt"}
{"level":"info","ts":"2026-05-10T16:58:39.958+0200","caller":"security/jwt.go:94","msg":"user valerio.vaudi@gmail.com has required authority: ROLE_USER","component":"Jwt"}
{"level":"info","ts":"2026-05-10T16:58:39.958+0200","caller":"security/jwt.go:102","msg":"authenticated user: valerio.vaudi@gmail.com\n","component":"Jwt"}
{"level":"error","ts":"2026-05-10T16:58:39.960+0200","caller":"database/databaseUtils.go:14","msg":"<nil>"}
{"level":"error","ts":"2026-05-10T16:58:39.984+0200","caller":"db/repository.go:124","msg":"<nil>","component":"PlanPostgresRepository"}
{"level":"info","ts":"2026-05-10T16:58:39.990+0200","caller":"security/jwt.go:77","msg":"authenticating user: valerio.vaudi@gmail.com\n","component":"Jwt"}
{"level":"info","ts":"2026-05-10T16:58:39.991+0200","caller":"security/jwt.go:86","msg":"user valerio.vaudi@gmail.com has those authority [ROLE_BUDGET ROLE_USER FACTOR_PASSWORD]\n","component":"Jwt"}
{"level":"info","ts":"2026-05-10T16:58:39.991+0200","caller":"security/jwt.go:94","msg":"user valerio.vaudi@gmail.com has required authority: ROLE_USER","component":"Jwt"}
{"level":"info","ts":"2026-05-10T16:58:39.991+0200","caller":"security/jwt.go:102","msg":"authenticated user: valerio.vaudi@gmail.com\n","component":"Jwt"}
{"level":"error","ts":"2026-05-10T16:58:39.991+0200","caller":"database/databaseUtils.go:14","msg":"<nil>"}
{"level":"error","ts":"2026-05-10T16:58:40.001+0200","caller":"db/repository.go:33","msg":"<nil>","component":"PlanPostgresRepository"}
{"level":"info","ts":"2026-05-10T16:58:46.017+0200","caller":"security/jwt.go:77","msg":"authenticating user: valerio.vaudi@gmail.com\n","component":"Jwt"}
{"level":"info","ts":"2026-05-10T16:58:46.017+0200","caller":"security/jwt.go:86","msg":"user valerio.vaudi@gmail.com has those authority [ROLE_BUDGET ROLE_USER FACTOR_PASSWORD]\n","component":"Jwt"}
{"level":"info","ts":"2026-05-10T16:58:46.017+0200","caller":"security/jwt.go:94","msg":"user valerio.vaudi@gmail.com has required authority: ROLE_USER","component":"Jwt"}
{"level":"info","ts":"2026-05-10T16:58:46.017+0200","caller":"security/jwt.go:102","msg":"authenticated user: valerio.vaudi@gmail.com\n","component":"Jwt"}
{"level":"error","ts":"2026-05-10T16:58:46.017+0200","caller":"database/databaseUtils.go:14","msg":"<nil>"}
{"level":"error","ts":"2026-05-10T16:58:46.056+0200","caller":"db/repository.go:141","msg":"<nil>","component":"PlanPostgresRepository"}
{"level":"info","ts":"2026-05-10T16:58:46.065+0200","caller":"security/jwt.go:77","msg":"authenticating user: valerio.vaudi@gmail.com\n","component":"Jwt"}
{"level":"info","ts":"2026-05-10T16:58:46.065+0200","caller":"security/jwt.go:86","msg":"user valerio.vaudi@gmail.com has those authority [ROLE_BUDGET ROLE_USER FACTOR_PASSWORD]\n","component":"Jwt"}
{"level":"info","ts":"2026-05-10T16:58:46.065+0200","caller":"security/jwt.go:94","msg":"user valerio.vaudi@gmail.com has required authority: ROLE_USER","component":"Jwt"}
{"level":"info","ts":"2026-05-10T16:58:46.065+0200","caller":"security/jwt.go:102","msg":"authenticated user: valerio.vaudi@gmail.com\n","component":"Jwt"}
{"level":"error","ts":"2026-05-10T16:58:46.065+0200","caller":"database/databaseUtils.go:14","msg":"<nil>"}
{"level":"error","ts":"2026-05-10T16:58:46.088+0200","caller":"db/repository.go:33","msg":"<nil>","component":"PlanPostgresRepository"}
{"level":"info","ts":"2026-05-10T16:59:08.691+0200","caller":"security/jwt.go:77","msg":"authenticating user: valerio.vaudi@gmail.com\n","component":"Jwt"}
{"level":"info","ts":"2026-05-10T16:59:08.691+0200","caller":"security/jwt.go:86","msg":"user valerio.vaudi@gmail.com has those authority [ROLE_BUDGET ROLE_USER FACTOR_PASSWORD]\n","component":"Jwt"}
{"level":"info","ts":"2026-05-10T16:59:08.691+0200","caller":"security/jwt.go:94","msg":"user valerio.vaudi@gmail.com has required authority: ROLE_USER","component":"Jwt"}
{"level":"info","ts":"2026-05-10T16:59:08.691+0200","caller":"security/jwt.go:102","msg":"authenticated user: valerio.vaudi@gmail.com\n","component":"Jwt"}
{"level":"error","ts":"2026-05-10T16:59:08.691+0200","caller":"database/databaseUtils.go:14","msg":"<nil>"}
{"level":"error","ts":"2026-05-10T16:59:08.727+0200","caller":"db/repository.go:141","msg":"<nil>","component":"PlanPostgresRepository"}
{"level":"info","ts":"2026-05-10T16:59:08.737+0200","caller":"security/jwt.go:77","msg":"authenticating user: valerio.vaudi@gmail.com\n","component":"Jwt"}
{"level":"info","ts":"2026-05-10T16:59:08.737+0200","caller":"security/jwt.go:86","msg":"user valerio.vaudi@gmail.com has those authority [ROLE_BUDGET ROLE_USER FACTOR_PASSWORD]\n","component":"Jwt"}
{"level":"info","ts":"2026-05-10T16:59:08.737+0200","caller":"security/jwt.go:94","msg":"user valerio.vaudi@gmail.com has required authority: ROLE_USER","component":"Jwt"}
{"level":"info","ts":"2026-05-10T16:59:08.737+0200","caller":"security/jwt.go:102","msg":"authenticated user: valerio.vaudi@gmail.com\n","component":"Jwt"}
{"level":"error","ts":"2026-05-10T16:59:08.737+0200","caller":"database/databaseUtils.go:14","msg":"<nil>"}
{"level":"error","ts":"2026-05-10T16:59:08.753+0200","caller":"db/repository.go:33","msg":"<nil>","component":"PlanPostgresRepository"}
{"level":"info","ts":"2026-05-10T16:59:33.941+0200","caller":"security/jwt.go:77","msg":"authenticating user: valerio.vaudi@gmail.com\n","component":"Jwt"}
{"level":"info","ts":"2026-05-10T16:59:33.941+0200","caller":"security/jwt.go:86","msg":"user valerio.vaudi@gmail.com has those authority [ROLE_BUDGET ROLE_USER FACTOR_PASSWORD]\n","component":"Jwt"}
{"level":"info","ts":"2026-05-10T16:59:33.941+0200","caller":"security/jwt.go:94","msg":"user valerio.vaudi@gmail.com has required authority: ROLE_USER","component":"Jwt"}
{"level":"info","ts":"2026-05-10T16:59:33.941+0200","caller":"security/jwt.go:102","msg":"authenticated user: valerio.vaudi@gmail.com\n","component":"Jwt"}
{"level":"error","ts":"2026-05-10T16:59:33.941+0200","caller":"database/databaseUtils.go:14","msg":"<nil>"}
{"level":"error","ts":"2026-05-10T16:59:33.966+0200","caller":"db/repository.go:124","msg":"<nil>","component":"PlanPostgresRepository"}
{"level":"info","ts":"2026-05-10T16:59:33.977+0200","caller":"security/jwt.go:77","msg":"authenticating user: valerio.vaudi@gmail.com\n","component":"Jwt"}
{"level":"info","ts":"2026-05-10T16:59:33.977+0200","caller":"security/jwt.go:86","msg":"user valerio.vaudi@gmail.com has those authority [ROLE_BUDGET ROLE_USER FACTOR_PASSWORD]\n","component":"Jwt"}
{"level":"info","ts":"2026-05-10T16:59:33.977+0200","caller":"security/jwt.go:94","msg":"user valerio.vaudi@gmail.com has required authority: ROLE_USER","component":"Jwt"}
{"level":"info","ts":"2026-05-10T16:59:33.977+0200","caller":"security/jwt.go:102","msg":"authenticated user: valerio.vaudi@gmail.com\n","component":"Jwt"}
{"level":"error","ts":"2026-05-10T16:59:33.977+0200","caller":"database/databaseUtils.go:14","msg":"<nil>"}
{"level":"error","ts":"2026-05-10T16:59:33.999+0200","caller":"db/repository.go:33","msg":"<nil>","component":"PlanPostgresRepository"}
{"level":"info","ts":"2026-05-10T17:02:14.734+0200","caller":"security/jwt.go:77","msg":"authenticating user: valerio.vaudi@gmail.com\n","component":"Jwt"}
{"level":"info","ts":"2026-05-10T17:02:14.734+0200","caller":"security/jwt.go:86","msg":"user valerio.vaudi@gmail.com has those authority [ROLE_BUDGET ROLE_USER FACTOR_PASSWORD]\n","component":"Jwt"}
{"level":"info","ts":"2026-05-10T17:02:14.734+0200","caller":"security/jwt.go:94","msg":"user valerio.vaudi@gmail.com has required authority: ROLE_USER","component":"Jwt"}
{"level":"info","ts":"2026-05-10T17:02:14.734+0200","caller":"security/jwt.go:102","msg":"authenticated user: valerio.vaudi@gmail.com\n","component":"Jwt"}
{"level":"error","ts":"2026-05-10T17:02:14.734+0200","caller":"database/databaseUtils.go:14","msg":"<nil>"}
{"level":"error","ts":"2026-05-10T17:02:14.740+0200","caller":"db/repository.go:53","msg":"<nil>","component":"PlanPostgresRepository"}
{"level":"error","ts":"2026-05-10T17:02:14.740+0200","caller":"database/databaseUtils.go:14","msg":"<nil>"}
{"level":"error","ts":"2026-05-10T17:02:14.746+0200","caller":"db/repository.go:81","msg":"<nil>","component":"PlanPostgresRepository"}
{"level":"info","ts":"2026-05-10T17:03:00.491+0200","caller":"security/jwt.go:77","msg":"authenticating user: valerio.vaudi@gmail.com\n","component":"Jwt"}
{"level":"info","ts":"2026-05-10T17:03:00.491+0200","caller":"security/jwt.go:86","msg":"user valerio.vaudi@gmail.com has those authority [ROLE_BUDGET ROLE_USER FACTOR_PASSWORD]\n","component":"Jwt"}
{"level":"info","ts":"2026-05-10T17:03:00.491+0200","caller":"security/jwt.go:94","msg":"user valerio.vaudi@gmail.com has required authority: ROLE_USER","component":"Jwt"}
{"level":"info","ts":"2026-05-10T17:03:00.491+0200","caller":"security/jwt.go:102","msg":"authenticated user: valerio.vaudi@gmail.com\n","component":"Jwt"}
{"level":"error","ts":"2026-05-10T17:03:00.491+0200","caller":"database/databaseUtils.go:14","msg":"<nil>"}
{"level":"error","ts":"2026-05-10T17:03:00.520+0200","caller":"db/repository.go:158","msg":"<nil>","component":"PlanPostgresRepository"}
{"level":"info","ts":"2026-05-10T17:03:00.529+0200","caller":"security/jwt.go:77","msg":"authenticating user: valerio.vaudi@gmail.com\n","component":"Jwt"}
{"level":"info","ts":"2026-05-10T17:03:00.529+0200","caller":"security/jwt.go:86","msg":"user valerio.vaudi@gmail.com has those authority [ROLE_BUDGET ROLE_USER FACTOR_PASSWORD]\n","component":"Jwt"}
{"level":"info","ts":"2026-05-10T17:03:00.529+0200","caller":"security/jwt.go:94","msg":"user valerio.vaudi@gmail.com has required authority: ROLE_USER","component":"Jwt"}
{"level":"info","ts":"2026-05-10T17:03:00.529+0200","caller":"security/jwt.go:102","msg":"authenticated user: valerio.vaudi@gmail.com\n","component":"Jwt"}
{"level":"error","ts":"2026-05-10T17:03:00.530+0200","caller":"database/databaseUtils.go:14","msg":"<nil>"}
{"level":"error","ts":"2026-05-10T17:03:00.546+0200","caller":"db/repository.go:53","msg":"<nil>","component":"PlanPostgresRepository"}
{"level":"error","ts":"2026-05-10T17:03:00.547+0200","caller":"database/databaseUtils.go:14","msg":"<nil>"}
{"level":"error","ts":"2026-05-10T17:03:00.558+0200","caller":"db/repository.go:81","msg":"<nil>","component":"PlanPostgresRepository"}
{"level":"info","ts":"2026-05-10T17:03:46.248+0200","caller":"security/jwt.go:77","msg":"authenticating user: valerio.vaudi@gmail.com\n","component":"Jwt"}
{"level":"info","ts":"2026-05-10T17:03:46.248+0200","caller":"security/jwt.go:86","msg":"user valerio.vaudi@gmail.com has those authority [ROLE_BUDGET ROLE_USER FACTOR_PASSWORD]\n","component":"Jwt"}
{"level":"info","ts":"2026-05-10T17:03:46.248+0200","caller":"security/jwt.go:94","msg":"user valerio.vaudi@gmail.com has required authority: ROLE_USER","component":"Jwt"}
{"level":"info","ts":"2026-05-10T17:03:46.248+0200","caller":"security/jwt.go:102","msg":"authenticated user: valerio.vaudi@gmail.com\n","component":"Jwt"}
{"level":"error","ts":"2026-05-10T17:03:46.248+0200","caller":"database/databaseUtils.go:14","msg":"<nil>"}
{"level":"error","ts":"2026-05-10T17:03:46.254+0200","caller":"db/repository.go:33","msg":"<nil>","component":"PlanPostgresRepository"}
{"level":"info","ts":"2026-05-10T17:03:50.179+0200","caller":"security/jwt.go:77","msg":"authenticating user: valerio.vaudi@gmail.com\n","component":"Jwt"}
{"level":"info","ts":"2026-05-10T17:03:50.180+0200","caller":"security/jwt.go:86","msg":"user valerio.vaudi@gmail.com has those authority [ROLE_BUDGET ROLE_USER FACTOR_PASSWORD]\n","component":"Jwt"}
{"level":"info","ts":"2026-05-10T17:03:50.180+0200","caller":"security/jwt.go:94","msg":"user valerio.vaudi@gmail.com has required authority: ROLE_USER","component":"Jwt"}
{"level":"info","ts":"2026-05-10T17:03:50.180+0200","caller":"security/jwt.go:102","msg":"authenticated user: valerio.vaudi@gmail.com\n","component":"Jwt"}
{"level":"error","ts":"2026-05-10T17:03:50.180+0200","caller":"database/databaseUtils.go:14","msg":"<nil>"}
{"level":"error","ts":"2026-05-10T17:03:50.186+0200","caller":"db/repository.go:33","msg":"<nil>","component":"PlanPostgresRepository"}
{"level":"info","ts":"2026-05-10T17:03:56.759+0200","caller":"security/jwt.go:77","msg":"authenticating user: valerio.vaudi@gmail.com\n","component":"Jwt"}
{"level":"info","ts":"2026-05-10T17:03:56.759+0200","caller":"security/jwt.go:86","msg":"user valerio.vaudi@gmail.com has those authority [ROLE_BUDGET ROLE_USER FACTOR_PASSWORD]\n","component":"Jwt"}
{"level":"info","ts":"2026-05-10T17:03:56.759+0200","caller":"security/jwt.go:94","msg":"user valerio.vaudi@gmail.com has required authority: ROLE_USER","component":"Jwt"}
{"level":"info","ts":"2026-05-10T17:03:56.759+0200","caller":"security/jwt.go:102","msg":"authenticated user: valerio.vaudi@gmail.com\n","component":"Jwt"}
{"level":"error","ts":"2026-05-10T17:03:56.759+0200","caller":"database/databaseUtils.go:14","msg":"<nil>"}
{"level":"error","ts":"2026-05-10T17:03:56.765+0200","caller":"db/repository.go:53","msg":"<nil>","component":"PlanPostgresRepository"}
{"level":"error","ts":"2026-05-10T17:03:56.766+0200","caller":"database/databaseUtils.go:14","msg":"<nil>"}
{"level":"error","ts":"2026-05-10T17:03:56.771+0200","caller":"db/repository.go:81","msg":"<nil>","component":"PlanPostgresRepository"}
{"level":"info","ts":"2026-05-10T17:03:59.820+0200","caller":"security/jwt.go:77","msg":"authenticating user: valerio.vaudi@gmail.com\n","component":"Jwt"}
{"level":"info","ts":"2026-05-10T17:03:59.821+0200","caller":"security/jwt.go:86","msg":"user valerio.vaudi@gmail.com has those authority [ROLE_BUDGET ROLE_USER FACTOR_PASSWORD]\n","component":"Jwt"}
{"level":"info","ts":"2026-05-10T17:03:59.821+0200","caller":"security/jwt.go:94","msg":"user valerio.vaudi@gmail.com has required authority: ROLE_USER","component":"Jwt"}
{"level":"info","ts":"2026-05-10T17:03:59.821+0200","caller":"security/jwt.go:102","msg":"authenticated user: valerio.vaudi@gmail.com\n","component":"Jwt"}
{"level":"error","ts":"2026-05-10T17:03:59.821+0200","caller":"database/databaseUtils.go:14","msg":"<nil>"}
{"level":"error","ts":"2026-05-10T17:03:59.846+0200","caller":"db/repository.go:53","msg":"<nil>","component":"PlanPostgresRepository"}
{"level":"error","ts":"2026-05-10T17:03:59.847+0200","caller":"database/databaseUtils.go:14","msg":"<nil>"}
{"level":"error","ts":"2026-05-10T17:03:59.859+0200","caller":"db/repository.go:81","msg":"<nil>","component":"PlanPostgresRepository"}
{"level":"error","ts":"2026-05-10T17:03:59.860+0200","caller":"database/databaseUtils.go:14","msg":"<nil>"}
{"level":"error","ts":"2026-05-10T17:03:59.876+0200","caller":"db/repository.go:192","msg":"<nil>","component":"PlanPostgresRepository"}
{"level":"info","ts":"2026-05-10T17:03:59.880+0200","caller":"security/jwt.go:77","msg":"authenticating user: valerio.vaudi@gmail.com\n","component":"Jwt"}
{"level":"info","ts":"2026-05-10T17:03:59.880+0200","caller":"security/jwt.go:86","msg":"user valerio.vaudi@gmail.com has those authority [ROLE_BUDGET ROLE_USER FACTOR_PASSWORD]\n","component":"Jwt"}
{"level":"info","ts":"2026-05-10T17:03:59.880+0200","caller":"security/jwt.go:94","msg":"user valerio.vaudi@gmail.com has required authority: ROLE_USER","component":"Jwt"}
{"level":"info","ts":"2026-05-10T17:03:59.880+0200","caller":"security/jwt.go:102","msg":"authenticated user: valerio.vaudi@gmail.com\n","component":"Jwt"}
{"level":"error","ts":"2026-05-10T17:03:59.880+0200","caller":"database/databaseUtils.go:14","msg":"<nil>"}
{"level":"error","ts":"2026-05-10T17:03:59.892+0200","caller":"db/repository.go:53","msg":"<nil>","component":"PlanPostgresRepository"}
{"level":"error","ts":"2026-05-10T17:03:59.893+0200","caller":"database/databaseUtils.go:14","msg":"<nil>"}
{"level":"error","ts":"2026-05-10T17:03:59.903+0200","caller":"db/repository.go:81","msg":"<nil>","component":"PlanPostgresRepository"}
{"level":"info","ts":"2026-05-10T17:04:02.189+0200","caller":"security/jwt.go:77","msg":"authenticating user: valerio.vaudi@gmail.com\n","component":"Jwt"}
{"level":"info","ts":"2026-05-10T17:04:02.189+0200","caller":"security/jwt.go:86","msg":"user valerio.vaudi@gmail.com has those authority [ROLE_BUDGET ROLE_USER FACTOR_PASSWORD]\n","component":"Jwt"}
{"level":"info","ts":"2026-05-10T17:04:02.189+0200","caller":"security/jwt.go:94","msg":"user valerio.vaudi@gmail.com has required authority: ROLE_USER","component":"Jwt"}
{"level":"info","ts":"2026-05-10T17:04:02.189+0200","caller":"security/jwt.go:102","msg":"authenticated user: valerio.vaudi@gmail.com\n","component":"Jwt"}
{"level":"error","ts":"2026-05-10T17:04:02.189+0200","caller":"database/databaseUtils.go:14","msg":"<nil>"}
{"level":"error","ts":"2026-05-10T17:04:02.196+0200","caller":"db/repository.go:33","msg":"<nil>","component":"PlanPostgresRepository"}
{"level":"info","ts":"2026-05-10T17:04:03.579+0200","caller":"security/jwt.go:77","msg":"authenticating user: valerio.vaudi@gmail.com\n","component":"Jwt"}
{"level":"info","ts":"2026-05-10T17:04:03.579+0200","caller":"security/jwt.go:86","msg":"user valerio.vaudi@gmail.com has those authority [ROLE_BUDGET ROLE_USER FACTOR_PASSWORD]\n","component":"Jwt"}
{"level":"info","ts":"2026-05-10T17:04:03.579+0200","caller":"security/jwt.go:94","msg":"user valerio.vaudi@gmail.com has required authority: ROLE_USER","component":"Jwt"}
{"level":"info","ts":"2026-05-10T17:04:03.579+0200","caller":"security/jwt.go:102","msg":"authenticated user: valerio.vaudi@gmail.com\n","component":"Jwt"}
{"level":"error","ts":"2026-05-10T17:04:03.579+0200","caller":"database/databaseUtils.go:14","msg":"<nil>"}
{"level":"error","ts":"2026-05-10T17:04:03.585+0200","caller":"db/repository.go:53","msg":"<nil>","component":"PlanPostgresRepository"}
{"level":"error","ts":"2026-05-10T17:04:03.586+0200","caller":"database/databaseUtils.go:14","msg":"<nil>"}
{"level":"error","ts":"2026-05-10T17:04:03.592+0200","caller":"db/repository.go:81","msg":"<nil>","component":"PlanPostgresRepository"}
{"level":"info","ts":"2026-05-10T17:05:31.265+0200","caller":"security/jwt.go:77","msg":"authenticating user: valerio.vaudi@gmail.com\n","component":"Jwt"}
{"level":"info","ts":"2026-05-10T17:05:31.265+0200","caller":"security/jwt.go:86","msg":"user valerio.vaudi@gmail.com has those authority [ROLE_BUDGET ROLE_USER FACTOR_PASSWORD]\n","component":"Jwt"}
{"level":"info","ts":"2026-05-10T17:05:31.265+0200","caller":"security/jwt.go:94","msg":"user valerio.vaudi@gmail.com has required authority: ROLE_USER","component":"Jwt"}
{"level":"info","ts":"2026-05-10T17:05:31.265+0200","caller":"security/jwt.go:102","msg":"authenticated user: valerio.vaudi@gmail.com\n","component":"Jwt"}
{"level":"error","ts":"2026-05-10T17:05:31.265+0200","caller":"database/databaseUtils.go:14","msg":"<nil>"}
{"level":"error","ts":"2026-05-10T17:05:31.295+0200","caller":"db/repository.go:53","msg":"<nil>","component":"PlanPostgresRepository"}
{"level":"error","ts":"2026-05-10T17:05:31.296+0200","caller":"database/databaseUtils.go:14","msg":"<nil>"}
{"level":"error","ts":"2026-05-10T17:05:31.308+0200","caller":"db/repository.go:81","msg":"<nil>","component":"PlanPostgresRepository"}
{"level":"error","ts":"2026-05-10T17:05:31.309+0200","caller":"database/databaseUtils.go:14","msg":"<nil>"}
{"level":"error","ts":"2026-05-10T17:05:31.318+0200","caller":"db/repository.go:192","msg":"<nil>","component":"PlanPostgresRepository"}
{"level":"info","ts":"2026-05-10T17:05:31.321+0200","caller":"security/jwt.go:77","msg":"authenticating user: valerio.vaudi@gmail.com\n","component":"Jwt"}
{"level":"info","ts":"2026-05-10T17:05:31.321+0200","caller":"security/jwt.go:86","msg":"user valerio.vaudi@gmail.com has those authority [ROLE_BUDGET ROLE_USER FACTOR_PASSWORD]\n","component":"Jwt"}
{"level":"info","ts":"2026-05-10T17:05:31.321+0200","caller":"security/jwt.go:94","msg":"user valerio.vaudi@gmail.com has required authority: ROLE_USER","component":"Jwt"}
{"level":"info","ts":"2026-05-10T17:05:31.321+0200","caller":"security/jwt.go:102","msg":"authenticated user: valerio.vaudi@gmail.com\n","component":"Jwt"}
{"level":"error","ts":"2026-05-10T17:05:31.321+0200","caller":"database/databaseUtils.go:14","msg":"<nil>"}
{"level":"error","ts":"2026-05-10T17:05:31.330+0200","caller":"db/repository.go:53","msg":"<nil>","component":"PlanPostgresRepository"}
{"level":"error","ts":"2026-05-10T17:05:31.330+0200","caller":"database/databaseUtils.go:14","msg":"<nil>"}
{"level":"error","ts":"2026-05-10T17:05:31.340+0200","caller":"db/repository.go:81","msg":"<nil>","component":"PlanPostgresRepository"}
{"level":"info","ts":"2026-05-10T17:05:36.589+0200","caller":"security/jwt.go:77","msg":"authenticating user: valerio.vaudi@gmail.com\n","component":"Jwt"}
{"level":"info","ts":"2026-05-10T17:05:36.589+0200","caller":"security/jwt.go:86","msg":"user valerio.vaudi@gmail.com has those authority [ROLE_BUDGET ROLE_USER FACTOR_PASSWORD]\n","component":"Jwt"}
{"level":"info","ts":"2026-05-10T17:05:36.589+0200","caller":"security/jwt.go:94","msg":"user valerio.vaudi@gmail.com has required authority: ROLE_USER","component":"Jwt"}
{"level":"info","ts":"2026-05-10T17:05:36.590+0200","caller":"security/jwt.go:102","msg":"authenticated user: valerio.vaudi@gmail.com\n","component":"Jwt"}
{"level":"error","ts":"2026-05-10T17:05:36.590+0200","caller":"database/databaseUtils.go:14","msg":"<nil>"}
{"level":"error","ts":"2026-05-10T17:05:36.624+0200","caller":"db/repository.go:209","msg":"<nil>","component":"PlanPostgresRepository"}
{"level":"info","ts":"2026-05-10T17:05:36.633+0200","caller":"security/jwt.go:77","msg":"authenticating user: valerio.vaudi@gmail.com\n","component":"Jwt"}
{"level":"info","ts":"2026-05-10T17:05:36.633+0200","caller":"security/jwt.go:86","msg":"user valerio.vaudi@gmail.com has those authority [ROLE_BUDGET ROLE_USER FACTOR_PASSWORD]\n","component":"Jwt"}
{"level":"info","ts":"2026-05-10T17:05:36.633+0200","caller":"security/jwt.go:94","msg":"user valerio.vaudi@gmail.com has required authority: ROLE_USER","component":"Jwt"}
{"level":"info","ts":"2026-05-10T17:05:36.633+0200","caller":"security/jwt.go:102","msg":"authenticated user: valerio.vaudi@gmail.com\n","component":"Jwt"}
{"level":"error","ts":"2026-05-10T17:05:36.633+0200","caller":"database/databaseUtils.go:14","msg":"<nil>"}
{"level":"error","ts":"2026-05-10T17:05:36.653+0200","caller":"db/repository.go:53","msg":"<nil>","component":"PlanPostgresRepository"}
{"level":"error","ts":"2026-05-10T17:05:36.654+0200","caller":"database/databaseUtils.go:14","msg":"<nil>"}
{"level":"error","ts":"2026-05-10T17:05:36.665+0200","caller":"db/repository.go:81","msg":"<nil>","component":"PlanPostgresRepository"}
{"level":"info","ts":"2026-05-10T17:05:40.433+0200","caller":"security/jwt.go:77","msg":"authenticating user: valerio.vaudi@gmail.com\n","component":"Jwt"}
{"level":"info","ts":"2026-05-10T17:05:40.433+0200","caller":"security/jwt.go:86","msg":"user valerio.vaudi@gmail.com has those authority [ROLE_BUDGET ROLE_USER FACTOR_PASSWORD]\n","component":"Jwt"}
{"level":"info","ts":"2026-05-10T17:05:40.433+0200","caller":"security/jwt.go:94","msg":"user valerio.vaudi@gmail.com has required authority: ROLE_USER","component":"Jwt"}
{"level":"info","ts":"2026-05-10T17:05:40.433+0200","caller":"security/jwt.go:102","msg":"authenticated user: valerio.vaudi@gmail.com\n","component":"Jwt"}
{"level":"error","ts":"2026-05-10T17:05:40.433+0200","caller":"database/databaseUtils.go:14","msg":"<nil>"}
{"level":"error","ts":"2026-05-10T17:05:40.441+0200","caller":"db/repository.go:33","msg":"<nil>","component":"PlanPostgresRepository"}
{"level":"info","ts":"2026-05-10T17:05:45.566+0200","caller":"security/jwt.go:77","msg":"authenticating user: valerio.vaudi@gmail.com\n","component":"Jwt"}
{"level":"info","ts":"2026-05-10T17:05:45.566+0200","caller":"security/jwt.go:86","msg":"user valerio.vaudi@gmail.com has those authority [ROLE_BUDGET ROLE_USER FACTOR_PASSWORD]\n","component":"Jwt"}
{"level":"info","ts":"2026-05-10T17:05:45.566+0200","caller":"security/jwt.go:94","msg":"user valerio.vaudi@gmail.com has required authority: ROLE_USER","component":"Jwt"}
{"level":"info","ts":"2026-05-10T17:05:45.566+0200","caller":"security/jwt.go:102","msg":"authenticated user: valerio.vaudi@gmail.com\n","component":"Jwt"}
{"level":"error","ts":"2026-05-10T17:05:45.566+0200","caller":"database/databaseUtils.go:14","msg":"<nil>"}
{"level":"error","ts":"2026-05-10T17:05:45.573+0200","caller":"db/repository.go:33","msg":"<nil>","component":"PlanPostgresRepository"}
{"level":"info","ts":"2026-05-10T17:07:09.119+0200","caller":"security/jwt.go:77","msg":"authenticating user: valerio.vaudi@gmail.com\n","component":"Jwt"}
{"level":"info","ts":"2026-05-10T17:07:09.119+0200","caller":"security/jwt.go:86","msg":"user valerio.vaudi@gmail.com has those authority [ROLE_BUDGET ROLE_USER FACTOR_PASSWORD]\n","component":"Jwt"}
{"level":"info","ts":"2026-05-10T17:07:09.119+0200","caller":"security/jwt.go:94","msg":"user valerio.vaudi@gmail.com has required authority: ROLE_USER","component":"Jwt"}
{"level":"info","ts":"2026-05-10T17:07:09.119+0200","caller":"security/jwt.go:102","msg":"authenticated user: valerio.vaudi@gmail.com\n","component":"Jwt"}
{"level":"error","ts":"2026-05-10T17:07:09.119+0200","caller":"database/databaseUtils.go:14","msg":"<nil>"}
{"level":"error","ts":"2026-05-10T17:07:09.126+0200","caller":"db/repository.go:33","msg":"<nil>","component":"PlanPostgresRepository"}
{"level":"info","ts":"2026-05-10T17:07:11.403+0200","caller":"security/jwt.go:77","msg":"authenticating user: valerio.vaudi@gmail.com\n","component":"Jwt"}
{"level":"info","ts":"2026-05-10T17:07:11.403+0200","caller":"security/jwt.go:86","msg":"user valerio.vaudi@gmail.com has those authority [ROLE_BUDGET ROLE_USER FACTOR_PASSWORD]\n","component":"Jwt"}
{"level":"info","ts":"2026-05-10T17:07:11.403+0200","caller":"security/jwt.go:94","msg":"user valerio.vaudi@gmail.com has required authority: ROLE_USER","component":"Jwt"}
{"level":"info","ts":"2026-05-10T17:07:11.403+0200","caller":"security/jwt.go:102","msg":"authenticated user: valerio.vaudi@gmail.com\n","component":"Jwt"}
{"level":"error","ts":"2026-05-10T17:07:11.403+0200","caller":"database/databaseUtils.go:14","msg":"<nil>"}
{"level":"error","ts":"2026-05-10T17:07:11.439+0200","caller":"db/repository.go:141","msg":"<nil>","component":"PlanPostgresRepository"}
{"level":"info","ts":"2026-05-10T17:07:11.448+0200","caller":"security/jwt.go:77","msg":"authenticating user: valerio.vaudi@gmail.com\n","component":"Jwt"}
{"level":"info","ts":"2026-05-10T17:07:11.448+0200","caller":"security/jwt.go:86","msg":"user valerio.vaudi@gmail.com has those authority [ROLE_BUDGET ROLE_USER FACTOR_PASSWORD]\n","component":"Jwt"}
{"level":"info","ts":"2026-05-10T17:07:11.448+0200","caller":"security/jwt.go:94","msg":"user valerio.vaudi@gmail.com has required authority: ROLE_USER","component":"Jwt"}
{"level":"info","ts":"2026-05-10T17:07:11.448+0200","caller":"security/jwt.go:102","msg":"authenticated user: valerio.vaudi@gmail.com\n","component":"Jwt"}
{"level":"error","ts":"2026-05-10T17:07:11.448+0200","caller":"database/databaseUtils.go:14","msg":"<nil>"}
{"level":"error","ts":"2026-05-10T17:07:11.472+0200","caller":"db/repository.go:33","msg":"<nil>","component":"PlanPostgresRepository"}
{"level":"info","ts":"2026-05-10T17:10:52.739+0200","caller":"security/jwt.go:77","msg":"authenticating user: valerio.vaudi@gmail.com\n","component":"Jwt"}
{"level":"info","ts":"2026-05-10T17:10:52.739+0200","caller":"security/jwt.go:86","msg":"user valerio.vaudi@gmail.com has those authority [ROLE_BUDGET ROLE_USER FACTOR_PASSWORD]\n","component":"Jwt"}
{"level":"info","ts":"2026-05-10T17:10:52.739+0200","caller":"security/jwt.go:94","msg":"user valerio.vaudi@gmail.com has required authority: ROLE_USER","component":"Jwt"}
{"level":"info","ts":"2026-05-10T17:10:52.739+0200","caller":"security/jwt.go:102","msg":"authenticated user: valerio.vaudi@gmail.com\n","component":"Jwt"}
{"level":"error","ts":"2026-05-10T17:10:52.739+0200","caller":"database/databaseUtils.go:14","msg":"<nil>"}
{"level":"error","ts":"2026-05-10T17:10:52.766+0200","caller":"db/repository.go:124","msg":"<nil>","component":"PlanPostgresRepository"}
{"level":"info","ts":"2026-05-10T17:10:52.776+0200","caller":"security/jwt.go:77","msg":"authenticating user: valerio.vaudi@gmail.com\n","component":"Jwt"}
{"level":"info","ts":"2026-05-10T17:10:52.776+0200","caller":"security/jwt.go:86","msg":"user valerio.vaudi@gmail.com has those authority [ROLE_BUDGET ROLE_USER FACTOR_PASSWORD]\n","component":"Jwt"}
{"level":"info","ts":"2026-05-10T17:10:52.776+0200","caller":"security/jwt.go:94","msg":"user valerio.vaudi@gmail.com has required authority: ROLE_USER","component":"Jwt"}
{"level":"info","ts":"2026-05-10T17:10:52.776+0200","caller":"security/jwt.go:102","msg":"authenticated user: valerio.vaudi@gmail.com\n","component":"Jwt"}
{"level":"error","ts":"2026-05-10T17:10:52.776+0200","caller":"database/databaseUtils.go:14","msg":"<nil>"}
{"level":"error","ts":"2026-05-10T17:10:52.797+0200","caller":"db/repository.go:33","msg":"<nil>","component":"PlanPostgresRepository"}
{"level":"info","ts":"2026-05-10T17:11:28.840+0200","caller":"security/jwt.go:77","msg":"authenticating user: valerio.vaudi@gmail.com\n","component":"Jwt"}
{"level":"info","ts":"2026-05-10T17:11:28.840+0200","caller":"security/jwt.go:86","msg":"user valerio.vaudi@gmail.com has those authority [ROLE_BUDGET ROLE_USER FACTOR_PASSWORD]\n","component":"Jwt"}
{"level":"info","ts":"2026-05-10T17:11:28.840+0200","caller":"security/jwt.go:94","msg":"user valerio.vaudi@gmail.com has required authority: ROLE_USER","component":"Jwt"}
{"level":"info","ts":"2026-05-10T17:11:28.840+0200","caller":"security/jwt.go:102","msg":"authenticated user: valerio.vaudi@gmail.com\n","component":"Jwt"}
{"level":"error","ts":"2026-05-10T17:11:28.840+0200","caller":"database/databaseUtils.go:14","msg":"<nil>"}
{"level":"error","ts":"2026-05-10T17:11:28.846+0200","caller":"db/repository.go:53","msg":"<nil>","component":"PlanPostgresRepository"}
{"level":"error","ts":"2026-05-10T17:11:28.846+0200","caller":"database/databaseUtils.go:14","msg":"<nil>"}
{"level":"error","ts":"2026-05-10T17:11:28.852+0200","caller":"db/repository.go:81","msg":"<nil>","component":"PlanPostgresRepository"}
{"level":"info","ts":"2026-05-10T17:11:30.911+0200","caller":"security/jwt.go:77","msg":"authenticating user: valerio.vaudi@gmail.com\n","component":"Jwt"}
{"level":"info","ts":"2026-05-10T17:11:30.911+0200","caller":"security/jwt.go:86","msg":"user valerio.vaudi@gmail.com has those authority [ROLE_BUDGET ROLE_USER FACTOR_PASSWORD]\n","component":"Jwt"}
{"level":"info","ts":"2026-05-10T17:11:30.911+0200","caller":"security/jwt.go:94","msg":"user valerio.vaudi@gmail.com has required authority: ROLE_USER","component":"Jwt"}
{"level":"info","ts":"2026-05-10T17:11:30.911+0200","caller":"security/jwt.go:102","msg":"authenticated user: valerio.vaudi@gmail.com\n","component":"Jwt"}
{"level":"error","ts":"2026-05-10T17:11:30.911+0200","caller":"database/databaseUtils.go:14","msg":"<nil>"}
{"level":"error","ts":"2026-05-10T17:11:30.917+0200","caller":"db/repository.go:33","msg":"<nil>","component":"PlanPostgresRepository"}
{"level":"info","ts":"2026-05-10T17:11:35.982+0200","caller":"security/jwt.go:77","msg":"authenticating user: valerio.vaudi@gmail.com\n","component":"Jwt"}
{"level":"info","ts":"2026-05-10T17:11:35.982+0200","caller":"security/jwt.go:86","msg":"user valerio.vaudi@gmail.com has those authority [ROLE_BUDGET ROLE_USER FACTOR_PASSWORD]\n","component":"Jwt"}
{"level":"info","ts":"2026-05-10T17:11:35.982+0200","caller":"security/jwt.go:94","msg":"user valerio.vaudi@gmail.com has required authority: ROLE_USER","component":"Jwt"}
{"level":"info","ts":"2026-05-10T17:11:35.982+0200","caller":"security/jwt.go:102","msg":"authenticated user: valerio.vaudi@gmail.com\n","component":"Jwt"}
{"level":"error","ts":"2026-05-10T17:11:35.982+0200","caller":"database/databaseUtils.go:14","msg":"<nil>"}
{"level":"error","ts":"2026-05-10T17:11:36.017+0200","caller":"db/repository.go:141","msg":"<nil>","component":"PlanPostgresRepository"}
{"level":"info","ts":"2026-05-10T17:11:36.026+0200","caller":"security/jwt.go:77","msg":"authenticating user: valerio.vaudi@gmail.com\n","component":"Jwt"}
{"level":"info","ts":"2026-05-10T17:11:36.026+0200","caller":"security/jwt.go:86","msg":"user valerio.vaudi@gmail.com has those authority [ROLE_BUDGET ROLE_USER FACTOR_PASSWORD]\n","component":"Jwt"}
{"level":"info","ts":"2026-05-10T17:11:36.026+0200","caller":"security/jwt.go:94","msg":"user valerio.vaudi@gmail.com has required authority: ROLE_USER","component":"Jwt"}
{"level":"info","ts":"2026-05-10T17:11:36.026+0200","caller":"security/jwt.go:102","msg":"authenticated user: valerio.vaudi@gmail.com\n","component":"Jwt"}
{"level":"error","ts":"2026-05-10T17:11:36.027+0200","caller":"database/databaseUtils.go:14","msg":"<nil>"}
{"level":"error","ts":"2026-05-10T17:11:36.048+0200","caller":"db/repository.go:33","msg":"<nil>","component":"PlanPostgresRepository"}
{"level":"info","ts":"2026-05-10T17:11:48.699+0200","caller":"security/jwt.go:77","msg":"authenticating user: valerio.vaudi@gmail.com\n","component":"Jwt"}
{"level":"info","ts":"2026-05-10T17:11:48.699+0200","caller":"security/jwt.go:86","msg":"user valerio.vaudi@gmail.com has those authority [ROLE_BUDGET ROLE_USER FACTOR_PASSWORD]\n","component":"Jwt"}
{"level":"info","ts":"2026-05-10T17:11:48.699+0200","caller":"security/jwt.go:94","msg":"user valerio.vaudi@gmail.com has required authority: ROLE_USER","component":"Jwt"}
{"level":"info","ts":"2026-05-10T17:11:48.699+0200","caller":"security/jwt.go:102","msg":"authenticated user: valerio.vaudi@gmail.com\n","component":"Jwt"}
{"level":"error","ts":"2026-05-10T17:11:48.700+0200","caller":"database/databaseUtils.go:14","msg":"<nil>"}
{"level":"error","ts":"2026-05-10T17:11:48.726+0200","caller":"db/repository.go:124","msg":"<nil>","component":"PlanPostgresRepository"}
{"level":"info","ts":"2026-05-10T17:11:48.737+0200","caller":"security/jwt.go:77","msg":"authenticating user: valerio.vaudi@gmail.com\n","component":"Jwt"}
{"level":"info","ts":"2026-05-10T17:11:48.737+0200","caller":"security/jwt.go:86","msg":"user valerio.vaudi@gmail.com has those authority [ROLE_BUDGET ROLE_USER FACTOR_PASSWORD]\n","component":"Jwt"}
{"level":"info","ts":"2026-05-10T17:11:48.737+0200","caller":"security/jwt.go:94","msg":"user valerio.vaudi@gmail.com has required authority: ROLE_USER","component":"Jwt"}
{"level":"info","ts":"2026-05-10T17:11:48.738+0200","caller":"security/jwt.go:102","msg":"authenticated user: valerio.vaudi@gmail.com\n","component":"Jwt"}
{"level":"error","ts":"2026-05-10T17:11:48.738+0200","caller":"database/databaseUtils.go:14","msg":"<nil>"}
{"level":"error","ts":"2026-05-10T17:11:48.753+0200","caller":"db/repository.go:33","msg":"<nil>","component":"PlanPostgresRepository"}
{"level":"info","ts":"2026-05-10T17:11:49.629+0200","caller":"security/jwt.go:77","msg":"authenticating user: valerio.vaudi@gmail.com\n","component":"Jwt"}
{"level":"info","ts":"2026-05-10T17:11:49.629+0200","caller":"security/jwt.go:86","msg":"user valerio.vaudi@gmail.com has those authority [ROLE_BUDGET ROLE_USER FACTOR_PASSWORD]\n","component":"Jwt"}
{"level":"info","ts":"2026-05-10T17:11:49.629+0200","caller":"security/jwt.go:94","msg":"user valerio.vaudi@gmail.com has required authority: ROLE_USER","component":"Jwt"}
{"level":"info","ts":"2026-05-10T17:11:49.629+0200","caller":"security/jwt.go:102","msg":"authenticated user: valerio.vaudi@gmail.com\n","component":"Jwt"}
{"level":"error","ts":"2026-05-10T17:11:49.629+0200","caller":"database/databaseUtils.go:14","msg":"<nil>"}
{"level":"error","ts":"2026-05-10T17:11:49.635+0200","caller":"db/repository.go:53","msg":"<nil>","component":"PlanPostgresRepository"}
{"level":"error","ts":"2026-05-10T17:11:49.635+0200","caller":"database/databaseUtils.go:14","msg":"<nil>"}
{"level":"error","ts":"2026-05-10T17:11:49.641+0200","caller":"db/repository.go:81","msg":"<nil>","component":"PlanPostgresRepository"}
{"level":"info","ts":"2026-05-10T17:11:59.205+0200","caller":"security/jwt.go:77","msg":"authenticating user: valerio.vaudi@gmail.com\n","component":"Jwt"}
{"level":"info","ts":"2026-05-10T17:11:59.206+0200","caller":"security/jwt.go:86","msg":"user valerio.vaudi@gmail.com has those authority [ROLE_BUDGET ROLE_USER FACTOR_PASSWORD]\n","component":"Jwt"}
{"level":"info","ts":"2026-05-10T17:11:59.206+0200","caller":"security/jwt.go:94","msg":"user valerio.vaudi@gmail.com has required authority: ROLE_USER","component":"Jwt"}
{"level":"info","ts":"2026-05-10T17:11:59.206+0200","caller":"security/jwt.go:102","msg":"authenticated user: valerio.vaudi@gmail.com\n","component":"Jwt"}
{"level":"error","ts":"2026-05-10T17:11:59.206+0200","caller":"database/databaseUtils.go:14","msg":"<nil>"}
{"level":"error","ts":"2026-05-10T17:11:59.236+0200","caller":"db/repository.go:158","msg":"<nil>","component":"PlanPostgresRepository"}
{"level":"info","ts":"2026-05-10T17:11:59.246+0200","caller":"security/jwt.go:77","msg":"authenticating user: valerio.vaudi@gmail.com\n","component":"Jwt"}
{"level":"info","ts":"2026-05-10T17:11:59.246+0200","caller":"security/jwt.go:86","msg":"user valerio.vaudi@gmail.com has those authority [ROLE_BUDGET ROLE_USER FACTOR_PASSWORD]\n","component":"Jwt"}
{"level":"info","ts":"2026-05-10T17:11:59.246+0200","caller":"security/jwt.go:94","msg":"user valerio.vaudi@gmail.com has required authority: ROLE_USER","component":"Jwt"}
{"level":"info","ts":"2026-05-10T17:11:59.246+0200","caller":"security/jwt.go:102","msg":"authenticated user: valerio.vaudi@gmail.com\n","component":"Jwt"}
{"level":"error","ts":"2026-05-10T17:11:59.246+0200","caller":"database/databaseUtils.go:14","msg":"<nil>"}
{"level":"error","ts":"2026-05-10T17:11:59.263+0200","caller":"db/repository.go:53","msg":"<nil>","component":"PlanPostgresRepository"}
{"level":"error","ts":"2026-05-10T17:11:59.263+0200","caller":"database/databaseUtils.go:14","msg":"<nil>"}
{"level":"error","ts":"2026-05-10T17:11:59.273+0200","caller":"db/repository.go:81","msg":"<nil>","component":"PlanPostgresRepository"}
{"level":"info","ts":"2026-05-10T17:16:23.199+0200","caller":"security/jwt.go:77","msg":"authenticating user: valerio.vaudi@gmail.com\n","component":"Jwt"}
{"level":"info","ts":"2026-05-10T17:16:23.200+0200","caller":"security/jwt.go:86","msg":"user valerio.vaudi@gmail.com has those authority [ROLE_BUDGET ROLE_USER FACTOR_PASSWORD]\n","component":"Jwt"}
{"level":"info","ts":"2026-05-10T17:16:23.200+0200","caller":"security/jwt.go:94","msg":"user valerio.vaudi@gmail.com has required authority: ROLE_USER","component":"Jwt"}
{"level":"info","ts":"2026-05-10T17:16:23.200+0200","caller":"security/jwt.go:102","msg":"authenticated user: valerio.vaudi@gmail.com\n","component":"Jwt"}
{"level":"error","ts":"2026-05-10T17:16:23.200+0200","caller":"database/databaseUtils.go:14","msg":"<nil>"}
{"level":"error","ts":"2026-05-10T17:16:23.225+0200","caller":"db/repository.go:33","msg":"<nil>","component":"PlanPostgresRepository"}
{"level":"info","ts":"2026-05-10T17:17:37.705+0200","caller":"security/jwt.go:77","msg":"authenticating user: valerio.vaudi@gmail.com\n","component":"Jwt"}
{"level":"info","ts":"2026-05-10T17:17:37.705+0200","caller":"security/jwt.go:86","msg":"user valerio.vaudi@gmail.com has those authority [ROLE_BUDGET ROLE_USER FACTOR_PASSWORD]\n","component":"Jwt"}
{"level":"info","ts":"2026-05-10T17:17:37.705+0200","caller":"security/jwt.go:94","msg":"user valerio.vaudi@gmail.com has required authority: ROLE_USER","component":"Jwt"}
{"level":"info","ts":"2026-05-10T17:17:37.705+0200","caller":"security/jwt.go:102","msg":"authenticated user: valerio.vaudi@gmail.com\n","component":"Jwt"}
{"level":"error","ts":"2026-05-10T17:17:37.705+0200","caller":"database/databaseUtils.go:14","msg":"<nil>"}
{"level":"error","ts":"2026-05-10T17:17:37.712+0200","caller":"db/repository.go:124","msg":"<nil>","component":"PlanPostgresRepository"}
{"level":"info","ts":"2026-05-10T17:17:37.716+0200","caller":"security/jwt.go:77","msg":"authenticating user: valerio.vaudi@gmail.com\n","component":"Jwt"}
{"level":"info","ts":"2026-05-10T17:17:37.716+0200","caller":"security/jwt.go:86","msg":"user valerio.vaudi@gmail.com has those authority [ROLE_BUDGET ROLE_USER FACTOR_PASSWORD]\n","component":"Jwt"}
{"level":"info","ts":"2026-05-10T17:17:37.716+0200","caller":"security/jwt.go:94","msg":"user valerio.vaudi@gmail.com has required authority: ROLE_USER","component":"Jwt"}
{"level":"info","ts":"2026-05-10T17:17:37.716+0200","caller":"security/jwt.go:102","msg":"authenticated user: valerio.vaudi@gmail.com\n","component":"Jwt"}
{"level":"error","ts":"2026-05-10T17:17:37.716+0200","caller":"database/databaseUtils.go:14","msg":"<nil>"}
{"level":"error","ts":"2026-05-10T17:17:37.724+0200","caller":"db/repository.go:33","msg":"<nil>","component":"PlanPostgresRepository"}
{"level":"info","ts":"2026-05-10T17:18:01.091+0200","caller":"security/jwt.go:77","msg":"authenticating user: valerio.vaudi@gmail.com\n","component":"Jwt"}
{"level":"info","ts":"2026-05-10T17:18:01.091+0200","caller":"security/jwt.go:86","msg":"user valerio.vaudi@gmail.com has those authority [ROLE_BUDGET ROLE_USER FACTOR_PASSWORD]\n","component":"Jwt"}
{"level":"info","ts":"2026-05-10T17:18:01.091+0200","caller":"security/jwt.go:94","msg":"user valerio.vaudi@gmail.com has required authority: ROLE_USER","component":"Jwt"}
{"level":"info","ts":"2026-05-10T17:18:01.091+0200","caller":"security/jwt.go:102","msg":"authenticated user: valerio.vaudi@gmail.com\n","component":"Jwt"}
{"level":"error","ts":"2026-05-10T17:18:01.093+0200","caller":"database/databaseUtils.go:14","msg":"<nil>"}
{"level":"error","ts":"2026-05-10T17:18:01.100+0200","caller":"db/repository.go:53","msg":"<nil>","component":"PlanPostgresRepository"}
{"level":"error","ts":"2026-05-10T17:18:01.101+0200","caller":"database/databaseUtils.go:14","msg":"<nil>"}
{"level":"error","ts":"2026-05-10T17:18:01.107+0200","caller":"db/repository.go:81","msg":"<nil>","component":"PlanPostgresRepository"}
{"level":"info","ts":"2026-05-10T17:19:18.535+0200","caller":"security/jwt.go:77","msg":"authenticating user: valerio.vaudi@gmail.com\n","component":"Jwt"}
{"level":"info","ts":"2026-05-10T17:19:18.535+0200","caller":"security/jwt.go:86","msg":"user valerio.vaudi@gmail.com has those authority [ROLE_BUDGET ROLE_USER FACTOR_PASSWORD]\n","component":"Jwt"}
{"level":"info","ts":"2026-05-10T17:19:18.535+0200","caller":"security/jwt.go:94","msg":"user valerio.vaudi@gmail.com has required authority: ROLE_USER","component":"Jwt"}
{"level":"info","ts":"2026-05-10T17:19:18.535+0200","caller":"security/jwt.go:102","msg":"authenticated user: valerio.vaudi@gmail.com\n","component":"Jwt"}
{"level":"error","ts":"2026-05-10T17:19:18.535+0200","caller":"database/databaseUtils.go:14","msg":"<nil>"}
{"level":"error","ts":"2026-05-10T17:19:18.541+0200","caller":"db/repository.go:33","msg":"<nil>","component":"PlanPostgresRepository"}
{"level":"info","ts":"2026-05-10T17:19:19.971+0200","caller":"security/jwt.go:77","msg":"authenticating user: valerio.vaudi@gmail.com\n","component":"Jwt"}
{"level":"info","ts":"2026-05-10T17:19:19.971+0200","caller":"security/jwt.go:86","msg":"user valerio.vaudi@gmail.com has those authority [ROLE_BUDGET ROLE_USER FACTOR_PASSWORD]\n","component":"Jwt"}
{"level":"info","ts":"2026-05-10T17:19:19.971+0200","caller":"security/jwt.go:94","msg":"user valerio.vaudi@gmail.com has required authority: ROLE_USER","component":"Jwt"}
{"level":"info","ts":"2026-05-10T17:19:19.971+0200","caller":"security/jwt.go:102","msg":"authenticated user: valerio.vaudi@gmail.com\n","component":"Jwt"}
{"level":"error","ts":"2026-05-10T17:19:19.971+0200","caller":"database/databaseUtils.go:14","msg":"<nil>"}
{"level":"error","ts":"2026-05-10T17:19:19.978+0200","caller":"db/repository.go:53","msg":"<nil>","component":"PlanPostgresRepository"}
{"level":"error","ts":"2026-05-10T17:19:19.978+0200","caller":"database/databaseUtils.go:14","msg":"<nil>"}
{"level":"error","ts":"2026-05-10T17:19:19.986+0200","caller":"db/repository.go:81","msg":"<nil>","component":"PlanPostgresRepository"}
{"level":"info","ts":"2026-05-10T17:19:22.678+0200","caller":"security/jwt.go:77","msg":"authenticating user: valerio.vaudi@gmail.com\n","component":"Jwt"}
{"level":"info","ts":"2026-05-10T17:19:22.678+0200","caller":"security/jwt.go:86","msg":"user valerio.vaudi@gmail.com has those authority [ROLE_BUDGET ROLE_USER FACTOR_PASSWORD]\n","component":"Jwt"}
{"level":"info","ts":"2026-05-10T17:19:22.678+0200","caller":"security/jwt.go:94","msg":"user valerio.vaudi@gmail.com has required authority: ROLE_USER","component":"Jwt"}
{"level":"info","ts":"2026-05-10T17:19:22.678+0200","caller":"security/jwt.go:102","msg":"authenticated user: valerio.vaudi@gmail.com\n","component":"Jwt"}
{"level":"error","ts":"2026-05-10T17:19:22.678+0200","caller":"database/databaseUtils.go:14","msg":"<nil>"}
{"level":"error","ts":"2026-05-10T17:19:22.684+0200","caller":"db/repository.go:33","msg":"<nil>","component":"PlanPostgresRepository"}
{"level":"info","ts":"2026-05-10T17:19:23.600+0200","caller":"security/jwt.go:77","msg":"authenticating user: valerio.vaudi@gmail.com\n","component":"Jwt"}
{"level":"info","ts":"2026-05-10T17:19:23.600+0200","caller":"security/jwt.go:86","msg":"user valerio.vaudi@gmail.com has those authority [ROLE_BUDGET ROLE_USER FACTOR_PASSWORD]\n","component":"Jwt"}
{"level":"info","ts":"2026-05-10T17:19:23.600+0200","caller":"security/jwt.go:94","msg":"user valerio.vaudi@gmail.com has required authority: ROLE_USER","component":"Jwt"}
{"level":"info","ts":"2026-05-10T17:19:23.600+0200","caller":"security/jwt.go:102","msg":"authenticated user: valerio.vaudi@gmail.com\n","component":"Jwt"}
{"level":"error","ts":"2026-05-10T17:19:23.600+0200","caller":"database/databaseUtils.go:14","msg":"<nil>"}
{"level":"error","ts":"2026-05-10T17:19:23.606+0200","caller":"db/repository.go:53","msg":"<nil>","component":"PlanPostgresRepository"}
{"level":"error","ts":"2026-05-10T17:19:23.606+0200","caller":"database/databaseUtils.go:14","msg":"<nil>"}
{"level":"error","ts":"2026-05-10T17:19:23.612+0200","caller":"db/repository.go:81","msg":"<nil>","component":"PlanPostgresRepository"}
{"level":"info","ts":"2026-05-10T17:19:26.131+0200","caller":"security/jwt.go:77","msg":"authenticating user: valerio.vaudi@gmail.com\n","component":"Jwt"}
{"level":"info","ts":"2026-05-10T17:19:26.131+0200","caller":"security/jwt.go:86","msg":"user valerio.vaudi@gmail.com has those authority [ROLE_BUDGET ROLE_USER FACTOR_PASSWORD]\n","component":"Jwt"}
{"level":"info","ts":"2026-05-10T17:19:26.132+0200","caller":"security/jwt.go:94","msg":"user valerio.vaudi@gmail.com has required authority: ROLE_USER","component":"Jwt"}
{"level":"info","ts":"2026-05-10T17:19:26.132+0200","caller":"security/jwt.go:102","msg":"authenticated user: valerio.vaudi@gmail.com\n","component":"Jwt"}
{"level":"error","ts":"2026-05-10T17:19:26.132+0200","caller":"database/databaseUtils.go:14","msg":"<nil>"}
{"level":"error","ts":"2026-05-10T17:19:26.140+0200","caller":"db/repository.go:33","msg":"<nil>","component":"PlanPostgresRepository"}
{"level":"info","ts":"2026-05-10T17:19:27.828+0200","caller":"security/jwt.go:77","msg":"authenticating user: valerio.vaudi@gmail.com\n","component":"Jwt"}
{"level":"info","ts":"2026-05-10T17:19:27.828+0200","caller":"security/jwt.go:86","msg":"user valerio.vaudi@gmail.com has those authority [ROLE_BUDGET ROLE_USER FACTOR_PASSWORD]\n","component":"Jwt"}
{"level":"info","ts":"2026-05-10T17:19:27.828+0200","caller":"security/jwt.go:94","msg":"user valerio.vaudi@gmail.com has required authority: ROLE_USER","component":"Jwt"}
{"level":"info","ts":"2026-05-10T17:19:27.828+0200","caller":"security/jwt.go:102","msg":"authenticated user: valerio.vaudi@gmail.com\n","component":"Jwt"}
{"level":"error","ts":"2026-05-10T17:19:27.828+0200","caller":"database/databaseUtils.go:14","msg":"<nil>"}
{"level":"error","ts":"2026-05-10T17:19:27.863+0200","caller":"db/repository.go:141","msg":"<nil>","component":"PlanPostgresRepository"}
{"level":"info","ts":"2026-05-10T17:19:27.871+0200","caller":"security/jwt.go:77","msg":"authenticating user: valerio.vaudi@gmail.com\n","component":"Jwt"}
{"level":"info","ts":"2026-05-10T17:19:27.871+0200","caller":"security/jwt.go:86","msg":"user valerio.vaudi@gmail.com has those authority [ROLE_BUDGET ROLE_USER FACTOR_PASSWORD]\n","component":"Jwt"}
{"level":"info","ts":"2026-05-10T17:19:27.872+0200","caller":"security/jwt.go:94","msg":"user valerio.vaudi@gmail.com has required authority: ROLE_USER","component":"Jwt"}
{"level":"info","ts":"2026-05-10T17:19:27.872+0200","caller":"security/jwt.go:102","msg":"authenticated user: valerio.vaudi@gmail.com\n","component":"Jwt"}
{"level":"error","ts":"2026-05-10T17:19:27.872+0200","caller":"database/databaseUtils.go:14","msg":"<nil>"}
{"level":"error","ts":"2026-05-10T17:19:27.892+0200","caller":"db/repository.go:33","msg":"<nil>","component":"PlanPostgresRepository"}
{"level":"info","ts":"2026-05-10T17:22:28.206+0200","caller":"security/jwt.go:77","msg":"authenticating user: valerio.vaudi@gmail.com\n","component":"Jwt"}
{"level":"info","ts":"2026-05-10T17:22:28.206+0200","caller":"security/jwt.go:86","msg":"user valerio.vaudi@gmail.com has those authority [ROLE_BUDGET ROLE_USER FACTOR_PASSWORD]\n","component":"Jwt"}
{"level":"info","ts":"2026-05-10T17:22:28.206+0200","caller":"security/jwt.go:94","msg":"user valerio.vaudi@gmail.com has required authority: ROLE_USER","component":"Jwt"}
{"level":"info","ts":"2026-05-10T17:22:28.206+0200","caller":"security/jwt.go:102","msg":"authenticated user: valerio.vaudi@gmail.com\n","component":"Jwt"}
{"level":"error","ts":"2026-05-10T17:22:28.206+0200","caller":"database/databaseUtils.go:14","msg":"<nil>"}
{"level":"error","ts":"2026-05-10T17:22:28.211+0200","caller":"db/repository.go:33","msg":"<nil>","component":"PlanPostgresRepository"}
{"level":"info","ts":"2026-05-10T17:23:55.019+0200","caller":"security/jwt.go:77","msg":"authenticating user: valerio.vaudi@gmail.com\n","component":"Jwt"}
{"level":"info","ts":"2026-05-10T17:23:55.019+0200","caller":"security/jwt.go:86","msg":"user valerio.vaudi@gmail.com has those authority [ROLE_BUDGET ROLE_USER FACTOR_PASSWORD]\n","component":"Jwt"}
{"level":"info","ts":"2026-05-10T17:23:55.019+0200","caller":"security/jwt.go:94","msg":"user valerio.vaudi@gmail.com has required authority: ROLE_USER","component":"Jwt"}
{"level":"info","ts":"2026-05-10T17:23:55.019+0200","caller":"security/jwt.go:102","msg":"authenticated user: valerio.vaudi@gmail.com\n","component":"Jwt"}
{"level":"error","ts":"2026-05-10T17:23:55.019+0200","caller":"database/databaseUtils.go:14","msg":"<nil>"}
{"level":"error","ts":"2026-05-10T17:23:55.037+0200","caller":"db/repository.go:124","msg":"<nil>","component":"PlanPostgresRepository"}
{"level":"info","ts":"2026-05-10T17:23:55.043+0200","caller":"security/jwt.go:77","msg":"authenticating user: valerio.vaudi@gmail.com\n","component":"Jwt"}
{"level":"info","ts":"2026-05-10T17:23:55.043+0200","caller":"security/jwt.go:86","msg":"user valerio.vaudi@gmail.com has those authority [ROLE_BUDGET ROLE_USER FACTOR_PASSWORD]\n","component":"Jwt"}
{"level":"info","ts":"2026-05-10T17:23:55.043+0200","caller":"security/jwt.go:94","msg":"user valerio.vaudi@gmail.com has required authority: ROLE_USER","component":"Jwt"}
{"level":"info","ts":"2026-05-10T17:23:55.043+0200","caller":"security/jwt.go:102","msg":"authenticated user: valerio.vaudi@gmail.com\n","component":"Jwt"}
{"level":"error","ts":"2026-05-10T17:23:55.043+0200","caller":"database/databaseUtils.go:14","msg":"<nil>"}
{"level":"error","ts":"2026-05-10T17:23:55.057+0200","caller":"db/repository.go:33","msg":"<nil>","component":"PlanPostgresRepository"}
{"level":"info","ts":"2026-05-10T17:24:14.034+0200","caller":"security/jwt.go:77","msg":"authenticating user: valerio.vaudi@gmail.com\n","component":"Jwt"}
{"level":"info","ts":"2026-05-10T17:24:14.034+0200","caller":"security/jwt.go:86","msg":"user valerio.vaudi@gmail.com has those authority [ROLE_BUDGET ROLE_USER FACTOR_PASSWORD]\n","component":"Jwt"}
{"level":"info","ts":"2026-05-10T17:24:14.034+0200","caller":"security/jwt.go:94","msg":"user valerio.vaudi@gmail.com has required authority: ROLE_USER","component":"Jwt"}
{"level":"info","ts":"2026-05-10T17:24:14.034+0200","caller":"security/jwt.go:102","msg":"authenticated user: valerio.vaudi@gmail.com\n","component":"Jwt"}
{"level":"error","ts":"2026-05-10T17:24:14.034+0200","caller":"database/databaseUtils.go:14","msg":"<nil>"}
{"level":"error","ts":"2026-05-10T17:24:14.040+0200","caller":"db/repository.go:53","msg":"<nil>","component":"PlanPostgresRepository"}
{"level":"error","ts":"2026-05-10T17:24:14.040+0200","caller":"database/databaseUtils.go:14","msg":"<nil>"}
{"level":"error","ts":"2026-05-10T17:24:14.047+0200","caller":"db/repository.go:81","msg":"<nil>","component":"PlanPostgresRepository"}
{"level":"info","ts":"2026-05-10T17:26:25.543+0200","caller":"security/jwt.go:77","msg":"authenticating user: valerio.vaudi@gmail.com\n","component":"Jwt"}
{"level":"info","ts":"2026-05-10T17:26:25.544+0200","caller":"security/jwt.go:86","msg":"user valerio.vaudi@gmail.com has those authority [ROLE_BUDGET ROLE_USER FACTOR_PASSWORD]\n","component":"Jwt"}
{"level":"info","ts":"2026-05-10T17:26:25.544+0200","caller":"security/jwt.go:94","msg":"user valerio.vaudi@gmail.com has required authority: ROLE_USER","component":"Jwt"}
{"level":"info","ts":"2026-05-10T17:26:25.544+0200","caller":"security/jwt.go:102","msg":"authenticated user: valerio.vaudi@gmail.com\n","component":"Jwt"}
{"level":"error","ts":"2026-05-10T17:26:25.544+0200","caller":"database/databaseUtils.go:14","msg":"<nil>"}
{"level":"error","ts":"2026-05-10T17:26:25.578+0200","caller":"db/repository.go:209","msg":"<nil>","component":"PlanPostgresRepository"}
{"level":"info","ts":"2026-05-10T17:26:25.587+0200","caller":"security/jwt.go:77","msg":"authenticating user: valerio.vaudi@gmail.com\n","component":"Jwt"}
{"level":"info","ts":"2026-05-10T17:26:25.587+0200","caller":"security/jwt.go:86","msg":"user valerio.vaudi@gmail.com has those authority [ROLE_BUDGET ROLE_USER FACTOR_PASSWORD]\n","component":"Jwt"}
{"level":"info","ts":"2026-05-10T17:26:25.587+0200","caller":"security/jwt.go:94","msg":"user valerio.vaudi@gmail.com has required authority: ROLE_USER","component":"Jwt"}
{"level":"info","ts":"2026-05-10T17:26:25.587+0200","caller":"security/jwt.go:102","msg":"authenticated user: valerio.vaudi@gmail.com\n","component":"Jwt"}
{"level":"error","ts":"2026-05-10T17:26:25.587+0200","caller":"database/databaseUtils.go:14","msg":"<nil>"}
{"level":"error","ts":"2026-05-10T17:26:25.614+0200","caller":"db/repository.go:53","msg":"<nil>","component":"PlanPostgresRepository"}
{"level":"error","ts":"2026-05-10T17:26:25.616+0200","caller":"database/databaseUtils.go:14","msg":"<nil>"}
{"level":"error","ts":"2026-05-10T17:26:25.629+0200","caller":"db/repository.go:81","msg":"<nil>","component":"PlanPostgresRepository"}
{"level":"info","ts":"2026-05-10T17:26:27.902+0200","caller":"security/jwt.go:77","msg":"authenticating user: valerio.vaudi@gmail.com\n","component":"Jwt"}
{"level":"info","ts":"2026-05-10T17:26:27.902+0200","caller":"security/jwt.go:86","msg":"user valerio.vaudi@gmail.com has those authority [ROLE_BUDGET ROLE_USER FACTOR_PASSWORD]\n","component":"Jwt"}
{"level":"info","ts":"2026-05-10T17:26:27.902+0200","caller":"security/jwt.go:94","msg":"user valerio.vaudi@gmail.com has required authority: ROLE_USER","component":"Jwt"}
{"level":"info","ts":"2026-05-10T17:26:27.902+0200","caller":"security/jwt.go:102","msg":"authenticated user: valerio.vaudi@gmail.com\n","component":"Jwt"}
{"level":"error","ts":"2026-05-10T17:26:27.902+0200","caller":"database/databaseUtils.go:14","msg":"<nil>"}
{"level":"error","ts":"2026-05-10T17:26:27.908+0200","caller":"db/repository.go:33","msg":"<nil>","component":"PlanPostgresRepository"}
{"level":"info","ts":"2026-05-10T17:26:30.295+0200","caller":"security/jwt.go:77","msg":"authenticating user: valerio.vaudi@gmail.com\n","component":"Jwt"}
{"level":"info","ts":"2026-05-10T17:26:30.295+0200","caller":"security/jwt.go:86","msg":"user valerio.vaudi@gmail.com has those authority [ROLE_BUDGET ROLE_USER FACTOR_PASSWORD]\n","component":"Jwt"}
{"level":"info","ts":"2026-05-10T17:26:30.295+0200","caller":"security/jwt.go:94","msg":"user valerio.vaudi@gmail.com has required authority: ROLE_USER","component":"Jwt"}
{"level":"info","ts":"2026-05-10T17:26:30.295+0200","caller":"security/jwt.go:102","msg":"authenticated user: valerio.vaudi@gmail.com\n","component":"Jwt"}
{"level":"error","ts":"2026-05-10T17:26:30.295+0200","caller":"database/databaseUtils.go:14","msg":"<nil>"}
{"level":"error","ts":"2026-05-10T17:26:30.328+0200","caller":"db/repository.go:141","msg":"<nil>","component":"PlanPostgresRepository"}
{"level":"info","ts":"2026-05-10T17:26:30.332+0200","caller":"security/jwt.go:77","msg":"authenticating user: valerio.vaudi@gmail.com\n","component":"Jwt"}
{"level":"info","ts":"2026-05-10T17:26:30.332+0200","caller":"security/jwt.go:86","msg":"user valerio.vaudi@gmail.com has those authority [ROLE_BUDGET ROLE_USER FACTOR_PASSWORD]\n","component":"Jwt"}
{"level":"info","ts":"2026-05-10T17:26:30.332+0200","caller":"security/jwt.go:94","msg":"user valerio.vaudi@gmail.com has required authority: ROLE_USER","component":"Jwt"}
{"level":"info","ts":"2026-05-10T17:26:30.332+0200","caller":"security/jwt.go:102","msg":"authenticated user: valerio.vaudi@gmail.com\n","component":"Jwt"}
{"level":"error","ts":"2026-05-10T17:26:30.332+0200","caller":"database/databaseUtils.go:14","msg":"<nil>"}
{"level":"error","ts":"2026-05-10T17:26:30.347+0200","caller":"db/repository.go:33","msg":"<nil>","component":"PlanPostgresRepository"}
{"level":"info","ts":"2026-05-10T17:26:31.947+0200","caller":"security/jwt.go:77","msg":"authenticating user: valerio.vaudi@gmail.com\n","component":"Jwt"}
{"level":"info","ts":"2026-05-10T17:26:31.948+0200","caller":"security/jwt.go:86","msg":"user valerio.vaudi@gmail.com has those authority [ROLE_BUDGET ROLE_USER FACTOR_PASSWORD]\n","component":"Jwt"}
{"level":"info","ts":"2026-05-10T17:26:31.948+0200","caller":"security/jwt.go:94","msg":"user valerio.vaudi@gmail.com has required authority: ROLE_USER","component":"Jwt"}
{"level":"info","ts":"2026-05-10T17:26:31.948+0200","caller":"security/jwt.go:102","msg":"authenticated user: valerio.vaudi@gmail.com\n","component":"Jwt"}
{"level":"error","ts":"2026-05-10T17:26:31.948+0200","caller":"database/databaseUtils.go:14","msg":"<nil>"}
{"level":"error","ts":"2026-05-10T17:26:31.983+0200","caller":"db/repository.go:141","msg":"<nil>","component":"PlanPostgresRepository"}
{"level":"info","ts":"2026-05-10T17:26:31.992+0200","caller":"security/jwt.go:77","msg":"authenticating user: valerio.vaudi@gmail.com\n","component":"Jwt"}
{"level":"info","ts":"2026-05-10T17:26:31.992+0200","caller":"security/jwt.go:86","msg":"user valerio.vaudi@gmail.com has those authority [ROLE_BUDGET ROLE_USER FACTOR_PASSWORD]\n","component":"Jwt"}
{"level":"info","ts":"2026-05-10T17:26:31.992+0200","caller":"security/jwt.go:94","msg":"user valerio.vaudi@gmail.com has required authority: ROLE_USER","component":"Jwt"}
{"level":"info","ts":"2026-05-10T17:26:31.992+0200","caller":"security/jwt.go:102","msg":"authenticated user: valerio.vaudi@gmail.com\n","component":"Jwt"}
{"level":"error","ts":"2026-05-10T17:26:31.992+0200","caller":"database/databaseUtils.go:14","msg":"<nil>"}
{"level":"error","ts":"2026-05-10T17:26:32.020+0200","caller":"db/repository.go:33","msg":"<nil>","component":"PlanPostgresRepository"}
{"level":"info","ts":"2026-05-10T17:26:57.737+0200","caller":"security/jwt.go:77","msg":"authenticating user: valerio.vaudi@gmail.com\n","component":"Jwt"}
{"level":"info","ts":"2026-05-10T17:26:57.737+0200","caller":"security/jwt.go:86","msg":"user valerio.vaudi@gmail.com has those authority [ROLE_BUDGET ROLE_USER FACTOR_PASSWORD]\n","component":"Jwt"}
{"level":"info","ts":"2026-05-10T17:26:57.737+0200","caller":"security/jwt.go:94","msg":"user valerio.vaudi@gmail.com has required authority: ROLE_USER","component":"Jwt"}
{"level":"info","ts":"2026-05-10T17:26:57.737+0200","caller":"security/jwt.go:102","msg":"authenticated user: valerio.vaudi@gmail.com\n","component":"Jwt"}
{"level":"error","ts":"2026-05-10T17:26:57.737+0200","caller":"database/databaseUtils.go:14","msg":"<nil>"}
{"level":"error","ts":"2026-05-10T17:26:57.743+0200","caller":"db/repository.go:33","msg":"<nil>","component":"PlanPostgresRepository"}
{"level":"info","ts":"2026-05-10T17:27:28.707+0200","caller":"security/jwt.go:77","msg":"authenticating user: valerio.vaudi@gmail.com\n","component":"Jwt"}
{"level":"info","ts":"2026-05-10T17:27:28.707+0200","caller":"security/jwt.go:86","msg":"user valerio.vaudi@gmail.com has those authority [ROLE_BUDGET ROLE_USER FACTOR_PASSWORD]\n","component":"Jwt"}
{"level":"info","ts":"2026-05-10T17:27:28.707+0200","caller":"security/jwt.go:94","msg":"user valerio.vaudi@gmail.com has required authority: ROLE_USER","component":"Jwt"}
{"level":"info","ts":"2026-05-10T17:27:28.707+0200","caller":"security/jwt.go:102","msg":"authenticated user: valerio.vaudi@gmail.com\n","component":"Jwt"}
{"level":"error","ts":"2026-05-10T17:27:28.707+0200","caller":"database/databaseUtils.go:14","msg":"<nil>"}
{"level":"error","ts":"2026-05-10T17:27:28.714+0200","caller":"db/repository.go:33","msg":"<nil>","component":"PlanPostgresRepository"}
{"level":"info","ts":"2026-05-10T17:28:06.213+0200","caller":"security/jwt.go:77","msg":"authenticating user: valerio.vaudi@gmail.com\n","component":"Jwt"}
{"level":"info","ts":"2026-05-10T17:28:06.213+0200","caller":"security/jwt.go:86","msg":"user valerio.vaudi@gmail.com has those authority [ROLE_BUDGET ROLE_USER FACTOR_PASSWORD]\n","component":"Jwt"}
{"level":"info","ts":"2026-05-10T17:28:06.213+0200","caller":"security/jwt.go:94","msg":"user valerio.vaudi@gmail.com has required authority: ROLE_USER","component":"Jwt"}
{"level":"info","ts":"2026-05-10T17:28:06.213+0200","caller":"security/jwt.go:102","msg":"authenticated user: valerio.vaudi@gmail.com\n","component":"Jwt"}
{"level":"error","ts":"2026-05-10T17:28:06.213+0200","caller":"database/databaseUtils.go:14","msg":"<nil>"}
{"level":"error","ts":"2026-05-10T17:28:06.223+0200","caller":"db/repository.go:124","msg":"<nil>","component":"PlanPostgresRepository"}
{"level":"info","ts":"2026-05-10T17:28:06.227+0200","caller":"security/jwt.go:77","msg":"authenticating user: valerio.vaudi@gmail.com\n","component":"Jwt"}
{"level":"info","ts":"2026-05-10T17:28:06.227+0200","caller":"security/jwt.go:86","msg":"user valerio.vaudi@gmail.com has those authority [ROLE_BUDGET ROLE_USER FACTOR_PASSWORD]\n","component":"Jwt"}
{"level":"info","ts":"2026-05-10T17:28:06.227+0200","caller":"security/jwt.go:94","msg":"user valerio.vaudi@gmail.com has required authority: ROLE_USER","component":"Jwt"}
{"level":"info","ts":"2026-05-10T17:28:06.227+0200","caller":"security/jwt.go:102","msg":"authenticated user: valerio.vaudi@gmail.com\n","component":"Jwt"}
{"level":"error","ts":"2026-05-10T17:28:06.227+0200","caller":"database/databaseUtils.go:14","msg":"<nil>"}
{"level":"error","ts":"2026-05-10T17:28:06.233+0200","caller":"db/repository.go:33","msg":"<nil>","component":"PlanPostgresRepository"}
{"level":"info","ts":"2026-05-10T17:28:23.945+0200","caller":"security/jwt.go:77","msg":"authenticating user: valerio.vaudi@gmail.com\n","component":"Jwt"}
{"level":"info","ts":"2026-05-10T17:28:23.945+0200","caller":"security/jwt.go:86","msg":"user valerio.vaudi@gmail.com has those authority [ROLE_BUDGET ROLE_USER FACTOR_PASSWORD]\n","component":"Jwt"}
{"level":"info","ts":"2026-05-10T17:28:23.945+0200","caller":"security/jwt.go:94","msg":"user valerio.vaudi@gmail.com has required authority: ROLE_USER","component":"Jwt"}
{"level":"info","ts":"2026-05-10T17:28:23.945+0200","caller":"security/jwt.go:102","msg":"authenticated user: valerio.vaudi@gmail.com\n","component":"Jwt"}
{"level":"error","ts":"2026-05-10T17:28:23.945+0200","caller":"database/databaseUtils.go:14","msg":"<nil>"}
{"level":"error","ts":"2026-05-10T17:28:23.952+0200","caller":"db/repository.go:53","msg":"<nil>","component":"PlanPostgresRepository"}
{"level":"error","ts":"2026-05-10T17:28:23.952+0200","caller":"database/databaseUtils.go:14","msg":"<nil>"}
{"level":"error","ts":"2026-05-10T17:28:23.958+0200","caller":"db/repository.go:81","msg":"<nil>","component":"PlanPostgresRepository"}
{"level":"info","ts":"2026-05-10T17:35:02.720+0200","caller":"security/jwt.go:77","msg":"authenticating user: valerio.vaudi@gmail.com\n","component":"Jwt"}
{"level":"info","ts":"2026-05-10T17:35:02.720+0200","caller":"security/jwt.go:86","msg":"user valerio.vaudi@gmail.com has those authority [ROLE_BUDGET ROLE_USER FACTOR_PASSWORD]\n","component":"Jwt"}
{"level":"info","ts":"2026-05-10T17:35:02.720+0200","caller":"security/jwt.go:94","msg":"user valerio.vaudi@gmail.com has required authority: ROLE_USER","component":"Jwt"}
{"level":"info","ts":"2026-05-10T17:35:02.720+0200","caller":"security/jwt.go:102","msg":"authenticated user: valerio.vaudi@gmail.com\n","component":"Jwt"}
{"level":"error","ts":"2026-05-10T17:35:02.720+0200","caller":"database/databaseUtils.go:14","msg":"<nil>"}
{"level":"error","ts":"2026-05-10T17:35:02.726+0200","caller":"db/repository.go:33","msg":"<nil>","component":"PlanPostgresRepository"}
{"level":"info","ts":"2026-05-10T17:35:19.437+0200","caller":"security/jwt.go:77","msg":"authenticating user: valerio.vaudi@gmail.com\n","component":"Jwt"}
{"level":"info","ts":"2026-05-10T17:35:19.437+0200","caller":"security/jwt.go:86","msg":"user valerio.vaudi@gmail.com has those authority [ROLE_BUDGET ROLE_USER FACTOR_PASSWORD]\n","component":"Jwt"}
{"level":"info","ts":"2026-05-10T17:35:19.438+0200","caller":"security/jwt.go:94","msg":"user valerio.vaudi@gmail.com has required authority: ROLE_USER","component":"Jwt"}
{"level":"info","ts":"2026-05-10T17:35:19.438+0200","caller":"security/jwt.go:102","msg":"authenticated user: valerio.vaudi@gmail.com\n","component":"Jwt"}
{"level":"error","ts":"2026-05-10T17:35:19.438+0200","caller":"database/databaseUtils.go:14","msg":"<nil>"}
{"level":"error","ts":"2026-05-10T17:35:19.453+0200","caller":"db/repository.go:141","msg":"<nil>","component":"PlanPostgresRepository"}
{"level":"info","ts":"2026-05-10T17:35:19.456+0200","caller":"security/jwt.go:77","msg":"authenticating user: valerio.vaudi@gmail.com\n","component":"Jwt"}
{"level":"info","ts":"2026-05-10T17:35:19.456+0200","caller":"security/jwt.go:86","msg":"user valerio.vaudi@gmail.com has those authority [ROLE_BUDGET ROLE_USER FACTOR_PASSWORD]\n","component":"Jwt"}
{"level":"info","ts":"2026-05-10T17:35:19.456+0200","caller":"security/jwt.go:94","msg":"user valerio.vaudi@gmail.com has required authority: ROLE_USER","component":"Jwt"}
{"level":"info","ts":"2026-05-10T17:35:19.456+0200","caller":"security/jwt.go:102","msg":"authenticated user: valerio.vaudi@gmail.com\n","component":"Jwt"}
{"level":"error","ts":"2026-05-10T17:35:19.456+0200","caller":"database/databaseUtils.go:14","msg":"<nil>"}
{"level":"error","ts":"2026-05-10T17:35:19.466+0200","caller":"db/repository.go:33","msg":"<nil>","component":"PlanPostgresRepository"}
{"level":"info","ts":"2026-05-10T17:35:35.343+0200","caller":"security/jwt.go:77","msg":"authenticating user: valerio.vaudi@gmail.com\n","component":"Jwt"}
{"level":"info","ts":"2026-05-10T17:35:35.343+0200","caller":"security/jwt.go:86","msg":"user valerio.vaudi@gmail.com has those authority [ROLE_BUDGET ROLE_USER FACTOR_PASSWORD]\n","component":"Jwt"}
{"level":"info","ts":"2026-05-10T17:35:35.343+0200","caller":"security/jwt.go:94","msg":"user valerio.vaudi@gmail.com has required authority: ROLE_USER","component":"Jwt"}
{"level":"info","ts":"2026-05-10T17:35:35.343+0200","caller":"security/jwt.go:102","msg":"authenticated user: valerio.vaudi@gmail.com\n","component":"Jwt"}
{"level":"error","ts":"2026-05-10T17:35:35.343+0200","caller":"database/databaseUtils.go:14","msg":"<nil>"}
{"level":"error","ts":"2026-05-10T17:35:35.351+0200","caller":"db/repository.go:33","msg":"<nil>","component":"PlanPostgresRepository"}
{"level":"info","ts":"2026-05-10T17:36:01.367+0200","caller":"security/jwt.go:77","msg":"authenticating user: valerio.vaudi@gmail.com\n","component":"Jwt"}
{"level":"info","ts":"2026-05-10T17:36:01.367+0200","caller":"security/jwt.go:86","msg":"user valerio.vaudi@gmail.com has those authority [ROLE_BUDGET ROLE_USER FACTOR_PASSWORD]\n","component":"Jwt"}
{"level":"info","ts":"2026-05-10T17:36:01.367+0200","caller":"security/jwt.go:94","msg":"user valerio.vaudi@gmail.com has required authority: ROLE_USER","component":"Jwt"}
{"level":"info","ts":"2026-05-10T17:36:01.367+0200","caller":"security/jwt.go:102","msg":"authenticated user: valerio.vaudi@gmail.com\n","component":"Jwt"}
{"level":"error","ts":"2026-05-10T17:36:01.367+0200","caller":"database/databaseUtils.go:14","msg":"<nil>"}
{"level":"error","ts":"2026-05-10T17:36:01.377+0200","caller":"db/repository.go:124","msg":"<nil>","component":"PlanPostgresRepository"}
{"level":"info","ts":"2026-05-10T17:36:01.380+0200","caller":"security/jwt.go:77","msg":"authenticating user: valerio.vaudi@gmail.com\n","component":"Jwt"}
{"level":"info","ts":"2026-05-10T17:36:01.380+0200","caller":"security/jwt.go:86","msg":"user valerio.vaudi@gmail.com has those authority [ROLE_BUDGET ROLE_USER FACTOR_PASSWORD]\n","component":"Jwt"}
{"level":"info","ts":"2026-05-10T17:36:01.380+0200","caller":"security/jwt.go:94","msg":"user valerio.vaudi@gmail.com has required authority: ROLE_USER","component":"Jwt"}
{"level":"info","ts":"2026-05-10T17:36:01.380+0200","caller":"security/jwt.go:102","msg":"authenticated user: valerio.vaudi@gmail.com\n","component":"Jwt"}
{"level":"error","ts":"2026-05-10T17:36:01.380+0200","caller":"database/databaseUtils.go:14","msg":"<nil>"}
{"level":"error","ts":"2026-05-10T17:36:01.386+0200","caller":"db/repository.go:33","msg":"<nil>","component":"PlanPostgresRepository"}
{"level":"info","ts":"2026-05-10T17:36:16.848+0200","caller":"security/jwt.go:77","msg":"authenticating user: valerio.vaudi@gmail.com\n","component":"Jwt"}
{"level":"info","ts":"2026-05-10T17:36:16.848+0200","caller":"security/jwt.go:86","msg":"user valerio.vaudi@gmail.com has those authority [ROLE_BUDGET ROLE_USER FACTOR_PASSWORD]\n","component":"Jwt"}
{"level":"info","ts":"2026-05-10T17:36:16.848+0200","caller":"security/jwt.go:94","msg":"user valerio.vaudi@gmail.com has required authority: ROLE_USER","component":"Jwt"}
{"level":"info","ts":"2026-05-10T17:36:16.848+0200","caller":"security/jwt.go:102","msg":"authenticated user: valerio.vaudi@gmail.com\n","component":"Jwt"}
{"level":"error","ts":"2026-05-10T17:36:16.848+0200","caller":"database/databaseUtils.go:14","msg":"<nil>"}
{"level":"error","ts":"2026-05-10T17:36:16.855+0200","caller":"db/repository.go:53","msg":"<nil>","component":"PlanPostgresRepository"}
{"level":"error","ts":"2026-05-10T17:36:16.855+0200","caller":"database/databaseUtils.go:14","msg":"<nil>"}
{"level":"error","ts":"2026-05-10T17:36:16.861+0200","caller":"db/repository.go:81","msg":"<nil>","component":"PlanPostgresRepository"}
{"level":"info","ts":"2026-05-10T17:36:32.382+0200","caller":"security/jwt.go:77","msg":"authenticating user: valerio.vaudi@gmail.com\n","component":"Jwt"}
{"level":"info","ts":"2026-05-10T17:36:32.382+0200","caller":"security/jwt.go:86","msg":"user valerio.vaudi@gmail.com has those authority [ROLE_BUDGET ROLE_USER FACTOR_PASSWORD]\n","component":"Jwt"}
{"level":"info","ts":"2026-05-10T17:36:32.382+0200","caller":"security/jwt.go:94","msg":"user valerio.vaudi@gmail.com has required authority: ROLE_USER","component":"Jwt"}
{"level":"info","ts":"2026-05-10T17:36:32.382+0200","caller":"security/jwt.go:102","msg":"authenticated user: valerio.vaudi@gmail.com\n","component":"Jwt"}
{"level":"error","ts":"2026-05-10T17:36:32.383+0200","caller":"database/databaseUtils.go:14","msg":"<nil>"}
{"level":"error","ts":"2026-05-10T17:36:32.392+0200","caller":"db/repository.go:33","msg":"<nil>","component":"PlanPostgresRepository"}
{"level":"info","ts":"2026-05-10T17:36:39.615+0200","caller":"security/jwt.go:77","msg":"authenticating user: valerio.vaudi@gmail.com\n","component":"Jwt"}
{"level":"info","ts":"2026-05-10T17:36:39.615+0200","caller":"security/jwt.go:86","msg":"user valerio.vaudi@gmail.com has those authority [ROLE_BUDGET ROLE_USER FACTOR_PASSWORD]\n","component":"Jwt"}
{"level":"info","ts":"2026-05-10T17:36:39.615+0200","caller":"security/jwt.go:94","msg":"user valerio.vaudi@gmail.com has required authority: ROLE_USER","component":"Jwt"}
{"level":"info","ts":"2026-05-10T17:36:39.615+0200","caller":"security/jwt.go:102","msg":"authenticated user: valerio.vaudi@gmail.com\n","component":"Jwt"}
{"level":"error","ts":"2026-05-10T17:36:39.615+0200","caller":"database/databaseUtils.go:14","msg":"<nil>"}
{"level":"error","ts":"2026-05-10T17:36:39.628+0200","caller":"db/repository.go:141","msg":"<nil>","component":"PlanPostgresRepository"}
{"level":"info","ts":"2026-05-10T17:36:39.631+0200","caller":"security/jwt.go:77","msg":"authenticating user: valerio.vaudi@gmail.com\n","component":"Jwt"}
{"level":"info","ts":"2026-05-10T17:36:39.631+0200","caller":"security/jwt.go:86","msg":"user valerio.vaudi@gmail.com has those authority [ROLE_BUDGET ROLE_USER FACTOR_PASSWORD]\n","component":"Jwt"}
{"level":"info","ts":"2026-05-10T17:36:39.631+0200","caller":"security/jwt.go:94","msg":"user valerio.vaudi@gmail.com has required authority: ROLE_USER","component":"Jwt"}
{"level":"info","ts":"2026-05-10T17:36:39.631+0200","caller":"security/jwt.go:102","msg":"authenticated user: valerio.vaudi@gmail.com\n","component":"Jwt"}
{"level":"error","ts":"2026-05-10T17:36:39.631+0200","caller":"database/databaseUtils.go:14","msg":"<nil>"}
{"level":"error","ts":"2026-05-10T17:36:39.639+0200","caller":"db/repository.go:33","msg":"<nil>","component":"PlanPostgresRepository"}
{"level":"info","ts":"2026-05-10T19:43:41.821+0200","caller":"server/web_server.go:161","msg":"shutdown signal received, draining connections","component":"WebServerProvisioner"}
{"level":"info","ts":"2026-05-10T19:43:41.821+0200","caller":"server/web_server.go:97","msg":"Server Shutdown has been started ....","component":"WebServerProvisioner"}
{"level":"info","ts":"2026-05-10T19:43:41.821+0200","caller":"server/web_server.go:98","msg":"There are 3 configurer to be disposed","component":"WebServerProvisioner"}
{"level":"info","ts":"2026-05-10T19:43:41.822+0200","caller":"server/web_server.go:108","msg":"Server Shutdown completed ....","component":"WebServerProvisioner"}
{"level":"info","ts":"2026-05-10T19:43:41.822+0200","caller":"server/web_server.go:97","msg":"Server Shutdown has been started ....","component":"WebServerProvisioner"}
{"level":"info","ts":"2026-05-10T19:43:41.822+0200","caller":"server/web_server.go:98","msg":"There are 0 configurer to be disposed","component":"WebServerProvisioner"}
{"level":"info","ts":"2026-05-10T19:43:41.822+0200","caller":"server/web_server.go:108","msg":"Server Shutdown completed ....","component":"WebServerProvisioner"}
{"level":"info","ts":"2026-05-10T19:43:43.250+0200","caller":"server/web_server.go:65","msg":"configuring otel","component":"WebServerProvisioner"}
{"level":"info","ts":"2026-05-10T19:43:43.250+0200","caller":"otel/provider.go:65","msg":"OTel disabled","component":"OtelProvider"}
{"level":"info","ts":"2026-05-10T19:43:43.250+0200","caller":"server/web_server.go:65","msg":"configuring standard-middleware","component":"WebServerProvisioner"}
{"level":"info","ts":"2026-05-10T19:43:43.250+0200","caller":"server/web_server.go:65","msg":"configuring oauth2","component":"WebServerProvisioner"}
{"level":"info","ts":"2026-05-10T19:43:43.255+0200","caller":"security/jwt.go:30","msg":"OAuth2 middleware set up with role: ROLE_USER","component":"Jwt"}
{"level":"info","ts":"2026-05-10T19:43:43.255+0200","caller":"server/web_server.go:142","msg":"listening on 0.0.0.0:5050","component":"WebServerProvisioner"}
{"level":"info","ts":"2026-05-10T19:45:00.738+0200","caller":"security/jwt.go:77","msg":"authenticating user: valerio.vaudi@gmail.com\n","component":"Jwt"}
{"level":"info","ts":"2026-05-10T19:45:00.738+0200","caller":"security/jwt.go:86","msg":"user valerio.vaudi@gmail.com has those authority [ROLE_BUDGET ROLE_USER FACTOR_PASSWORD]\n","component":"Jwt"}
{"level":"info","ts":"2026-05-10T19:45:00.738+0200","caller":"security/jwt.go:94","msg":"user valerio.vaudi@gmail.com has required authority: ROLE_USER","component":"Jwt"}
{"level":"info","ts":"2026-05-10T19:45:00.738+0200","caller":"security/jwt.go:102","msg":"authenticated user: valerio.vaudi@gmail.com\n","component":"Jwt"}
{"level":"error","ts":"2026-05-10T19:45:00.738+0200","caller":"database/databaseUtils.go:14","msg":"<nil>"}
{"level":"error","ts":"2026-05-10T19:45:00.766+0200","caller":"db/repository.go:33","msg":"<nil>","component":"PlanPostgresRepository"}
{"level":"info","ts":"2026-05-10T19:45:08.880+0200","caller":"security/jwt.go:77","msg":"authenticating user: valerio.vaudi@gmail.com\n","component":"Jwt"}
{"level":"info","ts":"2026-05-10T19:45:08.880+0200","caller":"security/jwt.go:86","msg":"user valerio.vaudi@gmail.com has those authority [ROLE_BUDGET ROLE_USER FACTOR_PASSWORD]\n","component":"Jwt"}
{"level":"info","ts":"2026-05-10T19:45:08.880+0200","caller":"security/jwt.go:94","msg":"user valerio.vaudi@gmail.com has required authority: ROLE_USER","component":"Jwt"}
{"level":"info","ts":"2026-05-10T19:45:08.880+0200","caller":"security/jwt.go:102","msg":"authenticated user: valerio.vaudi@gmail.com\n","component":"Jwt"}
{"level":"error","ts":"2026-05-10T19:45:08.880+0200","caller":"database/databaseUtils.go:14","msg":"<nil>"}
{"level":"error","ts":"2026-05-10T19:45:08.909+0200","caller":"db/repository.go:124","msg":"<nil>","component":"PlanPostgresRepository"}
{"level":"info","ts":"2026-05-10T19:45:08.919+0200","caller":"security/jwt.go:77","msg":"authenticating user: valerio.vaudi@gmail.com\n","component":"Jwt"}
{"level":"info","ts":"2026-05-10T19:45:08.919+0200","caller":"security/jwt.go:86","msg":"user valerio.vaudi@gmail.com has those authority [ROLE_BUDGET ROLE_USER FACTOR_PASSWORD]\n","component":"Jwt"}
{"level":"info","ts":"2026-05-10T19:45:08.919+0200","caller":"security/jwt.go:94","msg":"user valerio.vaudi@gmail.com has required authority: ROLE_USER","component":"Jwt"}
{"level":"info","ts":"2026-05-10T19:45:08.919+0200","caller":"security/jwt.go:102","msg":"authenticated user: valerio.vaudi@gmail.com\n","component":"Jwt"}
{"level":"error","ts":"2026-05-10T19:45:08.919+0200","caller":"database/databaseUtils.go:14","msg":"<nil>"}
{"level":"error","ts":"2026-05-10T19:45:08.946+0200","caller":"db/repository.go:33","msg":"<nil>","component":"PlanPostgresRepository"}
{"level":"info","ts":"2026-05-10T19:45:10.249+0200","caller":"security/jwt.go:77","msg":"authenticating user: valerio.vaudi@gmail.com\n","component":"Jwt"}
{"level":"info","ts":"2026-05-10T19:45:10.249+0200","caller":"security/jwt.go:86","msg":"user valerio.vaudi@gmail.com has those authority [ROLE_BUDGET ROLE_USER FACTOR_PASSWORD]\n","component":"Jwt"}
{"level":"info","ts":"2026-05-10T19:45:10.249+0200","caller":"security/jwt.go:94","msg":"user valerio.vaudi@gmail.com has required authority: ROLE_USER","component":"Jwt"}
{"level":"info","ts":"2026-05-10T19:45:10.249+0200","caller":"security/jwt.go:102","msg":"authenticated user: valerio.vaudi@gmail.com\n","component":"Jwt"}
{"level":"error","ts":"2026-05-10T19:45:10.249+0200","caller":"database/databaseUtils.go:14","msg":"<nil>"}
{"level":"error","ts":"2026-05-10T19:45:10.255+0200","caller":"db/repository.go:53","msg":"<nil>","component":"PlanPostgresRepository"}
{"level":"error","ts":"2026-05-10T19:45:10.255+0200","caller":"database/databaseUtils.go:14","msg":"<nil>"}
{"level":"error","ts":"2026-05-10T19:45:10.261+0200","caller":"db/repository.go:81","msg":"<nil>","component":"PlanPostgresRepository"}
{"level":"info","ts":"2026-05-10T19:45:21.292+0200","caller":"security/jwt.go:77","msg":"authenticating user: valerio.vaudi@gmail.com\n","component":"Jwt"}
{"level":"info","ts":"2026-05-10T19:45:21.292+0200","caller":"security/jwt.go:86","msg":"user valerio.vaudi@gmail.com has those authority [ROLE_BUDGET ROLE_USER FACTOR_PASSWORD]\n","component":"Jwt"}
{"level":"info","ts":"2026-05-10T19:45:21.292+0200","caller":"security/jwt.go:94","msg":"user valerio.vaudi@gmail.com has required authority: ROLE_USER","component":"Jwt"}
{"level":"info","ts":"2026-05-10T19:45:21.292+0200","caller":"security/jwt.go:102","msg":"authenticated user: valerio.vaudi@gmail.com\n","component":"Jwt"}
{"level":"error","ts":"2026-05-10T19:45:21.292+0200","caller":"database/databaseUtils.go:14","msg":"<nil>"}
{"level":"error","ts":"2026-05-10T19:45:21.324+0200","caller":"db/repository.go:158","msg":"<nil>","component":"PlanPostgresRepository"}
{"level":"info","ts":"2026-05-10T19:45:21.333+0200","caller":"security/jwt.go:77","msg":"authenticating user: valerio.vaudi@gmail.com\n","component":"Jwt"}
{"level":"info","ts":"2026-05-10T19:45:21.333+0200","caller":"security/jwt.go:86","msg":"user valerio.vaudi@gmail.com has those authority [ROLE_BUDGET ROLE_USER FACTOR_PASSWORD]\n","component":"Jwt"}
{"level":"info","ts":"2026-05-10T19:45:21.333+0200","caller":"security/jwt.go:94","msg":"user valerio.vaudi@gmail.com has required authority: ROLE_USER","component":"Jwt"}
{"level":"info","ts":"2026-05-10T19:45:21.334+0200","caller":"security/jwt.go:102","msg":"authenticated user: valerio.vaudi@gmail.com\n","component":"Jwt"}
{"level":"error","ts":"2026-05-10T19:45:21.334+0200","caller":"database/databaseUtils.go:14","msg":"<nil>"}
{"level":"error","ts":"2026-05-10T19:45:21.353+0200","caller":"db/repository.go:53","msg":"<nil>","component":"PlanPostgresRepository"}
{"level":"error","ts":"2026-05-10T19:45:21.353+0200","caller":"database/databaseUtils.go:14","msg":"<nil>"}
{"level":"error","ts":"2026-05-10T19:45:21.364+0200","caller":"db/repository.go:81","msg":"<nil>","component":"PlanPostgresRepository"}
{"level":"info","ts":"2026-05-10T19:45:24.251+0200","caller":"security/jwt.go:77","msg":"authenticating user: valerio.vaudi@gmail.com\n","component":"Jwt"}
{"level":"info","ts":"2026-05-10T19:45:24.251+0200","caller":"security/jwt.go:86","msg":"user valerio.vaudi@gmail.com has those authority [ROLE_BUDGET ROLE_USER FACTOR_PASSWORD]\n","component":"Jwt"}
{"level":"info","ts":"2026-05-10T19:45:24.251+0200","caller":"security/jwt.go:94","msg":"user valerio.vaudi@gmail.com has required authority: ROLE_USER","component":"Jwt"}
{"level":"info","ts":"2026-05-10T19:45:24.251+0200","caller":"security/jwt.go:102","msg":"authenticated user: valerio.vaudi@gmail.com\n","component":"Jwt"}
{"level":"error","ts":"2026-05-10T19:45:24.251+0200","caller":"database/databaseUtils.go:14","msg":"<nil>"}
{"level":"error","ts":"2026-05-10T19:45:24.279+0200","caller":"db/repository.go:53","msg":"<nil>","component":"PlanPostgresRepository"}
{"level":"error","ts":"2026-05-10T19:45:24.280+0200","caller":"database/databaseUtils.go:14","msg":"<nil>"}
{"level":"error","ts":"2026-05-10T19:45:24.312+0200","caller":"db/repository.go:81","msg":"<nil>","component":"PlanPostgresRepository"}
{"level":"error","ts":"2026-05-10T19:45:24.312+0200","caller":"database/databaseUtils.go:14","msg":"<nil>"}
{"level":"error","ts":"2026-05-10T19:45:24.349+0200","caller":"db/repository.go:192","msg":"<nil>","component":"PlanPostgresRepository"}
{"level":"info","ts":"2026-05-10T19:45:24.358+0200","caller":"security/jwt.go:77","msg":"authenticating user: valerio.vaudi@gmail.com\n","component":"Jwt"}
{"level":"info","ts":"2026-05-10T19:45:24.358+0200","caller":"security/jwt.go:86","msg":"user valerio.vaudi@gmail.com has those authority [ROLE_BUDGET ROLE_USER FACTOR_PASSWORD]\n","component":"Jwt"}
{"level":"info","ts":"2026-05-10T19:45:24.358+0200","caller":"security/jwt.go:94","msg":"user valerio.vaudi@gmail.com has required authority: ROLE_USER","component":"Jwt"}
{"level":"info","ts":"2026-05-10T19:45:24.358+0200","caller":"security/jwt.go:102","msg":"authenticated user: valerio.vaudi@gmail.com\n","component":"Jwt"}
{"level":"error","ts":"2026-05-10T19:45:24.358+0200","caller":"database/databaseUtils.go:14","msg":"<nil>"}
{"level":"error","ts":"2026-05-10T19:45:24.384+0200","caller":"db/repository.go:53","msg":"<nil>","component":"PlanPostgresRepository"}
{"level":"error","ts":"2026-05-10T19:45:24.385+0200","caller":"database/databaseUtils.go:14","msg":"<nil>"}
{"level":"error","ts":"2026-05-10T19:45:24.404+0200","caller":"db/repository.go:81","msg":"<nil>","component":"PlanPostgresRepository"}
{"level":"info","ts":"2026-05-10T19:45:28.557+0200","caller":"security/jwt.go:77","msg":"authenticating user: valerio.vaudi@gmail.com\n","component":"Jwt"}
{"level":"info","ts":"2026-05-10T19:45:28.557+0200","caller":"security/jwt.go:86","msg":"user valerio.vaudi@gmail.com has those authority [ROLE_BUDGET ROLE_USER FACTOR_PASSWORD]\n","component":"Jwt"}
{"level":"info","ts":"2026-05-10T19:45:28.557+0200","caller":"security/jwt.go:94","msg":"user valerio.vaudi@gmail.com has required authority: ROLE_USER","component":"Jwt"}
{"level":"info","ts":"2026-05-10T19:45:28.557+0200","caller":"security/jwt.go:102","msg":"authenticated user: valerio.vaudi@gmail.com\n","component":"Jwt"}
{"level":"error","ts":"2026-05-10T19:45:28.557+0200","caller":"database/databaseUtils.go:14","msg":"<nil>"}
{"level":"error","ts":"2026-05-10T19:45:28.585+0200","caller":"db/repository.go:53","msg":"<nil>","component":"PlanPostgresRepository"}
{"level":"error","ts":"2026-05-10T19:45:28.585+0200","caller":"database/databaseUtils.go:14","msg":"<nil>"}
{"level":"error","ts":"2026-05-10T19:45:28.598+0200","caller":"db/repository.go:81","msg":"<nil>","component":"PlanPostgresRepository"}
{"level":"error","ts":"2026-05-10T19:45:28.598+0200","caller":"database/databaseUtils.go:14","msg":"<nil>"}
{"level":"error","ts":"2026-05-10T19:45:28.614+0200","caller":"db/repository.go:192","msg":"<nil>","component":"PlanPostgresRepository"}
{"level":"info","ts":"2026-05-10T19:45:28.617+0200","caller":"security/jwt.go:77","msg":"authenticating user: valerio.vaudi@gmail.com\n","component":"Jwt"}
{"level":"info","ts":"2026-05-10T19:45:28.618+0200","caller":"security/jwt.go:86","msg":"user valerio.vaudi@gmail.com has those authority [ROLE_BUDGET ROLE_USER FACTOR_PASSWORD]\n","component":"Jwt"}
{"level":"info","ts":"2026-05-10T19:45:28.618+0200","caller":"security/jwt.go:94","msg":"user valerio.vaudi@gmail.com has required authority: ROLE_USER","component":"Jwt"}
{"level":"info","ts":"2026-05-10T19:45:28.618+0200","caller":"security/jwt.go:102","msg":"authenticated user: valerio.vaudi@gmail.com\n","component":"Jwt"}
{"level":"error","ts":"2026-05-10T19:45:28.618+0200","caller":"database/databaseUtils.go:14","msg":"<nil>"}
{"level":"error","ts":"2026-05-10T19:45:28.628+0200","caller":"db/repository.go:53","msg":"<nil>","component":"PlanPostgresRepository"}
{"level":"error","ts":"2026-05-10T19:45:28.628+0200","caller":"database/databaseUtils.go:14","msg":"<nil>"}
{"level":"error","ts":"2026-05-10T19:45:28.638+0200","caller":"db/repository.go:81","msg":"<nil>","component":"PlanPostgresRepository"}
{"level":"info","ts":"2026-05-10T19:45:30.613+0200","caller":"security/jwt.go:77","msg":"authenticating user: valerio.vaudi@gmail.com\n","component":"Jwt"}
{"level":"info","ts":"2026-05-10T19:45:30.613+0200","caller":"security/jwt.go:86","msg":"user valerio.vaudi@gmail.com has those authority [ROLE_BUDGET ROLE_USER FACTOR_PASSWORD]\n","component":"Jwt"}
{"level":"info","ts":"2026-05-10T19:45:30.613+0200","caller":"security/jwt.go:94","msg":"user valerio.vaudi@gmail.com has required authority: ROLE_USER","component":"Jwt"}
{"level":"info","ts":"2026-05-10T19:45:30.613+0200","caller":"security/jwt.go:102","msg":"authenticated user: valerio.vaudi@gmail.com\n","component":"Jwt"}
{"level":"error","ts":"2026-05-10T19:45:30.613+0200","caller":"database/databaseUtils.go:14","msg":"<nil>"}
{"level":"error","ts":"2026-05-10T19:45:30.641+0200","caller":"db/repository.go:53","msg":"<nil>","component":"PlanPostgresRepository"}
{"level":"error","ts":"2026-05-10T19:45:30.642+0200","caller":"database/databaseUtils.go:14","msg":"<nil>"}
{"level":"error","ts":"2026-05-10T19:45:30.670+0200","caller":"db/repository.go:81","msg":"<nil>","component":"PlanPostgresRepository"}
{"level":"error","ts":"2026-05-10T19:45:30.671+0200","caller":"database/databaseUtils.go:14","msg":"<nil>"}
{"level":"error","ts":"2026-05-10T19:45:30.703+0200","caller":"db/repository.go:192","msg":"<nil>","component":"PlanPostgresRepository"}
{"level":"info","ts":"2026-05-10T19:45:30.707+0200","caller":"security/jwt.go:77","msg":"authenticating user: valerio.vaudi@gmail.com\n","component":"Jwt"}
{"level":"info","ts":"2026-05-10T19:45:30.707+0200","caller":"security/jwt.go:86","msg":"user valerio.vaudi@gmail.com has those authority [ROLE_BUDGET ROLE_USER FACTOR_PASSWORD]\n","component":"Jwt"}
{"level":"info","ts":"2026-05-10T19:45:30.707+0200","caller":"security/jwt.go:94","msg":"user valerio.vaudi@gmail.com has required authority: ROLE_USER","component":"Jwt"}
{"level":"info","ts":"2026-05-10T19:45:30.707+0200","caller":"security/jwt.go:102","msg":"authenticated user: valerio.vaudi@gmail.com\n","component":"Jwt"}
{"level":"error","ts":"2026-05-10T19:45:30.707+0200","caller":"database/databaseUtils.go:14","msg":"<nil>"}
{"level":"error","ts":"2026-05-10T19:45:30.716+0200","caller":"db/repository.go:53","msg":"<nil>","component":"PlanPostgresRepository"}
{"level":"error","ts":"2026-05-10T19:45:30.716+0200","caller":"database/databaseUtils.go:14","msg":"<nil>"}
{"level":"error","ts":"2026-05-10T19:45:30.724+0200","caller":"db/repository.go:81","msg":"<nil>","component":"PlanPostgresRepository"}
{"level":"info","ts":"2026-05-10T19:45:33.901+0200","caller":"security/jwt.go:77","msg":"authenticating user: valerio.vaudi@gmail.com\n","component":"Jwt"}
{"level":"info","ts":"2026-05-10T19:45:33.901+0200","caller":"security/jwt.go:86","msg":"user valerio.vaudi@gmail.com has those authority [ROLE_BUDGET ROLE_USER FACTOR_PASSWORD]\n","component":"Jwt"}
{"level":"info","ts":"2026-05-10T19:45:33.901+0200","caller":"security/jwt.go:94","msg":"user valerio.vaudi@gmail.com has required authority: ROLE_USER","component":"Jwt"}
{"level":"info","ts":"2026-05-10T19:45:33.902+0200","caller":"security/jwt.go:102","msg":"authenticated user: valerio.vaudi@gmail.com\n","component":"Jwt"}
{"level":"error","ts":"2026-05-10T19:45:33.902+0200","caller":"database/databaseUtils.go:14","msg":"<nil>"}
{"level":"error","ts":"2026-05-10T19:45:33.930+0200","caller":"db/repository.go:53","msg":"<nil>","component":"PlanPostgresRepository"}
{"level":"error","ts":"2026-05-10T19:45:33.931+0200","caller":"database/databaseUtils.go:14","msg":"<nil>"}
{"level":"error","ts":"2026-05-10T19:45:33.959+0200","caller":"db/repository.go:81","msg":"<nil>","component":"PlanPostgresRepository"}
{"level":"error","ts":"2026-05-10T19:45:33.960+0200","caller":"database/databaseUtils.go:14","msg":"<nil>"}
{"level":"error","ts":"2026-05-10T19:45:33.991+0200","caller":"db/repository.go:192","msg":"<nil>","component":"PlanPostgresRepository"}
{"level":"info","ts":"2026-05-10T19:45:33.998+0200","caller":"security/jwt.go:77","msg":"authenticating user: valerio.vaudi@gmail.com\n","component":"Jwt"}
{"level":"info","ts":"2026-05-10T19:45:33.998+0200","caller":"security/jwt.go:86","msg":"user valerio.vaudi@gmail.com has those authority [ROLE_BUDGET ROLE_USER FACTOR_PASSWORD]\n","component":"Jwt"}
{"level":"info","ts":"2026-05-10T19:45:33.998+0200","caller":"security/jwt.go:94","msg":"user valerio.vaudi@gmail.com has required authority: ROLE_USER","component":"Jwt"}
{"level":"info","ts":"2026-05-10T19:45:33.998+0200","caller":"security/jwt.go:102","msg":"authenticated user: valerio.vaudi@gmail.com\n","component":"Jwt"}
{"level":"error","ts":"2026-05-10T19:45:33.998+0200","caller":"database/databaseUtils.go:14","msg":"<nil>"}
{"level":"error","ts":"2026-05-10T19:45:34.018+0200","caller":"db/repository.go:53","msg":"<nil>","component":"PlanPostgresRepository"}
{"level":"error","ts":"2026-05-10T19:45:34.018+0200","caller":"database/databaseUtils.go:14","msg":"<nil>"}
{"level":"error","ts":"2026-05-10T19:45:34.038+0200","caller":"db/repository.go:81","msg":"<nil>","component":"PlanPostgresRepository"}
{"level":"info","ts":"2026-05-10T21:32:33.065+0200","caller":"security/jwt.go:77","msg":"authenticating user: valerio.vaudi@gmail.com\n","component":"Jwt"}
{"level":"info","ts":"2026-05-10T21:32:33.065+0200","caller":"security/jwt.go:86","msg":"user valerio.vaudi@gmail.com has those authority [ROLE_BUDGET ROLE_USER FACTOR_PASSWORD]\n","component":"Jwt"}
{"level":"info","ts":"2026-05-10T21:32:33.065+0200","caller":"security/jwt.go:94","msg":"user valerio.vaudi@gmail.com has required authority: ROLE_USER","component":"Jwt"}
{"level":"info","ts":"2026-05-10T21:32:33.065+0200","caller":"security/jwt.go:102","msg":"authenticated user: valerio.vaudi@gmail.com\n","component":"Jwt"}
{"level":"error","ts":"2026-05-10T21:32:33.065+0200","caller":"database/databaseUtils.go:14","msg":"<nil>"}
{"level":"error","ts":"2026-05-10T21:32:33.088+0200","caller":"db/repository.go:33","msg":"<nil>","component":"PlanPostgresRepository"}
{"level":"info","ts":"2026-05-10T21:34:24.908+0200","caller":"security/jwt.go:77","msg":"authenticating user: valerio.vaudi@gmail.com\n","component":"Jwt"}
{"level":"info","ts":"2026-05-10T21:34:24.908+0200","caller":"security/jwt.go:86","msg":"user valerio.vaudi@gmail.com has those authority [ROLE_BUDGET ROLE_USER FACTOR_PASSWORD]\n","component":"Jwt"}
{"level":"info","ts":"2026-05-10T21:34:24.908+0200","caller":"security/jwt.go:94","msg":"user valerio.vaudi@gmail.com has required authority: ROLE_USER","component":"Jwt"}
{"level":"info","ts":"2026-05-10T21:34:24.908+0200","caller":"security/jwt.go:102","msg":"authenticated user: valerio.vaudi@gmail.com\n","component":"Jwt"}
{"level":"error","ts":"2026-05-10T21:34:24.908+0200","caller":"database/databaseUtils.go:14","msg":"<nil>"}
{"level":"error","ts":"2026-05-10T21:34:24.918+0200","caller":"db/repository.go:124","msg":"<nil>","component":"PlanPostgresRepository"}
{"level":"info","ts":"2026-05-10T21:34:24.921+0200","caller":"security/jwt.go:77","msg":"authenticating user: valerio.vaudi@gmail.com\n","component":"Jwt"}
{"level":"info","ts":"2026-05-10T21:34:24.921+0200","caller":"security/jwt.go:86","msg":"user valerio.vaudi@gmail.com has those authority [ROLE_BUDGET ROLE_USER FACTOR_PASSWORD]\n","component":"Jwt"}
{"level":"info","ts":"2026-05-10T21:34:24.921+0200","caller":"security/jwt.go:94","msg":"user valerio.vaudi@gmail.com has required authority: ROLE_USER","component":"Jwt"}
{"level":"info","ts":"2026-05-10T21:34:24.921+0200","caller":"security/jwt.go:102","msg":"authenticated user: valerio.vaudi@gmail.com\n","component":"Jwt"}
{"level":"error","ts":"2026-05-10T21:34:24.921+0200","caller":"database/databaseUtils.go:14","msg":"<nil>"}
{"level":"error","ts":"2026-05-10T21:34:24.927+0200","caller":"db/repository.go:33","msg":"<nil>","component":"PlanPostgresRepository"}
{"level":"info","ts":"2026-05-10T21:35:02.355+0200","caller":"server/web_server.go:161","msg":"shutdown signal received, draining connections","component":"WebServerProvisioner"}
{"level":"info","ts":"2026-05-10T21:35:02.355+0200","caller":"server/web_server.go:97","msg":"Server Shutdown has been started ....","component":"WebServerProvisioner"}
{"level":"info","ts":"2026-05-10T21:35:02.355+0200","caller":"server/web_server.go:98","msg":"There are 3 configurer to be disposed","component":"WebServerProvisioner"}
{"level":"info","ts":"2026-05-10T21:35:02.356+0200","caller":"server/web_server.go:108","msg":"Server Shutdown completed ....","component":"WebServerProvisioner"}
{"level":"info","ts":"2026-05-10T21:35:02.356+0200","caller":"server/web_server.go:97","msg":"Server Shutdown has been started ....","component":"WebServerProvisioner"}
{"level":"info","ts":"2026-05-10T21:35:02.356+0200","caller":"server/web_server.go:98","msg":"There are 0 configurer to be disposed","component":"WebServerProvisioner"}
{"level":"info","ts":"2026-05-10T21:35:02.356+0200","caller":"server/web_server.go:108","msg":"Server Shutdown completed ....","component":"WebServerProvisioner"}
{"level":"info","ts":"2026-05-10T21:35:03.922+0200","caller":"server/web_server.go:65","msg":"configuring otel","component":"WebServerProvisioner"}
{"level":"info","ts":"2026-05-10T21:35:03.922+0200","caller":"otel/provider.go:65","msg":"OTel disabled","component":"OtelProvider"}
{"level":"info","ts":"2026-05-10T21:35:03.922+0200","caller":"server/web_server.go:65","msg":"configuring standard-middleware","component":"WebServerProvisioner"}
{"level":"info","ts":"2026-05-10T21:35:03.922+0200","caller":"server/web_server.go:65","msg":"configuring oauth2","component":"WebServerProvisioner"}
{"level":"info","ts":"2026-05-10T21:35:03.925+0200","caller":"security/jwt.go:30","msg":"OAuth2 middleware set up with role: ROLE_USER","component":"Jwt"}
{"level":"info","ts":"2026-05-10T21:35:03.925+0200","caller":"server/web_server.go:142","msg":"listening on 0.0.0.0:5050","component":"WebServerProvisioner"}
{"level":"info","ts":"2026-05-10T21:35:17.003+0200","caller":"security/jwt.go:77","msg":"authenticating user: valerio.vaudi@gmail.com\n","component":"Jwt"}
{"level":"info","ts":"2026-05-10T21:35:17.003+0200","caller":"security/jwt.go:86","msg":"user valerio.vaudi@gmail.com has those authority [ROLE_BUDGET ROLE_USER FACTOR_PASSWORD]\n","component":"Jwt"}
{"level":"info","ts":"2026-05-10T21:35:17.003+0200","caller":"security/jwt.go:94","msg":"user valerio.vaudi@gmail.com has required authority: ROLE_USER","component":"Jwt"}
{"level":"info","ts":"2026-05-10T21:35:17.003+0200","caller":"security/jwt.go:102","msg":"authenticated user: valerio.vaudi@gmail.com\n","component":"Jwt"}
{"level":"error","ts":"2026-05-10T21:35:17.003+0200","caller":"database/databaseUtils.go:14","msg":"<nil>"}
{"level":"error","ts":"2026-05-10T21:35:17.009+0200","caller":"db/repository.go:60","msg":"<nil>","component":"PlanPostgresRepository"}
{"level":"error","ts":"2026-05-10T21:35:17.009+0200","caller":"database/databaseUtils.go:14","msg":"<nil>"}
{"level":"error","ts":"2026-05-10T21:35:17.014+0200","caller":"db/repository.go:88","msg":"<nil>","component":"PlanPostgresRepository"}
{"level":"info","ts":"2026-05-10T21:35:57.933+0200","caller":"security/jwt.go:77","msg":"authenticating user: valerio.vaudi@gmail.com\n","component":"Jwt"}
{"level":"info","ts":"2026-05-10T21:35:57.933+0200","caller":"security/jwt.go:86","msg":"user valerio.vaudi@gmail.com has those authority [ROLE_BUDGET ROLE_USER FACTOR_PASSWORD]\n","component":"Jwt"}
{"level":"info","ts":"2026-05-10T21:35:57.933+0200","caller":"security/jwt.go:94","msg":"user valerio.vaudi@gmail.com has required authority: ROLE_USER","component":"Jwt"}
{"level":"info","ts":"2026-05-10T21:35:57.933+0200","caller":"security/jwt.go:102","msg":"authenticated user: valerio.vaudi@gmail.com\n","component":"Jwt"}
{"level":"error","ts":"2026-05-10T21:35:57.933+0200","caller":"database/databaseUtils.go:14","msg":"<nil>"}
{"level":"error","ts":"2026-05-10T21:35:57.940+0200","caller":"db/repository.go:33","msg":"<nil>","component":"PlanPostgresRepository"}
{"level":"error","ts":"2026-05-10T21:35:57.940+0200","caller":"database/databaseUtils.go:14","msg":"<nil>"}
{"level":"error","ts":"2026-05-10T21:35:57.945+0200","caller":"db/repository.go:88","msg":"<nil>","component":"PlanPostgresRepository"}
{"level":"info","ts":"2026-05-10T21:37:13.718+0200","caller":"security/jwt.go:77","msg":"authenticating user: valerio.vaudi@gmail.com\n","component":"Jwt"}
{"level":"info","ts":"2026-05-10T21:37:13.718+0200","caller":"security/jwt.go:86","msg":"user valerio.vaudi@gmail.com has those authority [ROLE_BUDGET ROLE_USER FACTOR_PASSWORD]\n","component":"Jwt"}
{"level":"info","ts":"2026-05-10T21:37:13.718+0200","caller":"security/jwt.go:94","msg":"user valerio.vaudi@gmail.com has required authority: ROLE_USER","component":"Jwt"}
{"level":"info","ts":"2026-05-10T21:37:13.718+0200","caller":"security/jwt.go:102","msg":"authenticated user: valerio.vaudi@gmail.com\n","component":"Jwt"}
{"level":"error","ts":"2026-05-10T21:37:13.718+0200","caller":"database/databaseUtils.go:14","msg":"<nil>"}
{"level":"error","ts":"2026-05-10T21:37:13.730+0200","caller":"db/repository.go:148","msg":"<nil>","component":"PlanPostgresRepository"}
{"level":"info","ts":"2026-05-10T21:37:13.732+0200","caller":"security/jwt.go:77","msg":"authenticating user: valerio.vaudi@gmail.com\n","component":"Jwt"}
{"level":"info","ts":"2026-05-10T21:37:13.732+0200","caller":"security/jwt.go:86","msg":"user valerio.vaudi@gmail.com has those authority [ROLE_BUDGET ROLE_USER FACTOR_PASSWORD]\n","component":"Jwt"}
{"level":"info","ts":"2026-05-10T21:37:13.732+0200","caller":"security/jwt.go:94","msg":"user valerio.vaudi@gmail.com has required authority: ROLE_USER","component":"Jwt"}
{"level":"info","ts":"2026-05-10T21:37:13.732+0200","caller":"security/jwt.go:102","msg":"authenticated user: valerio.vaudi@gmail.com\n","component":"Jwt"}
{"level":"error","ts":"2026-05-10T21:37:13.732+0200","caller":"database/databaseUtils.go:14","msg":"<nil>"}
{"level":"error","ts":"2026-05-10T21:37:13.738+0200","caller":"db/repository.go:33","msg":"<nil>","component":"PlanPostgresRepository"}
{"level":"info","ts":"2026-05-10T21:41:03.094+0200","caller":"security/jwt.go:77","msg":"authenticating user: valerio.vaudi@gmail.com\n","component":"Jwt"}
{"level":"info","ts":"2026-05-10T21:41:03.094+0200","caller":"security/jwt.go:86","msg":"user valerio.vaudi@gmail.com has those authority [ROLE_BUDGET ROLE_USER FACTOR_PASSWORD]\n","component":"Jwt"}
{"level":"info","ts":"2026-05-10T21:41:03.094+0200","caller":"security/jwt.go:94","msg":"user valerio.vaudi@gmail.com has required authority: ROLE_USER","component":"Jwt"}
{"level":"info","ts":"2026-05-10T21:41:03.094+0200","caller":"security/jwt.go:102","msg":"authenticated user: valerio.vaudi@gmail.com\n","component":"Jwt"}
{"level":"error","ts":"2026-05-10T21:41:03.094+0200","caller":"database/databaseUtils.go:14","msg":"<nil>"}
{"level":"error","ts":"2026-05-10T21:41:03.100+0200","caller":"db/repository.go:33","msg":"<nil>","component":"PlanPostgresRepository"}
{"level":"info","ts":"2026-05-10T21:41:05.345+0200","caller":"security/jwt.go:77","msg":"authenticating user: valerio.vaudi@gmail.com\n","component":"Jwt"}
{"level":"info","ts":"2026-05-10T21:41:05.345+0200","caller":"security/jwt.go:86","msg":"user valerio.vaudi@gmail.com has those authority [ROLE_BUDGET ROLE_USER FACTOR_PASSWORD]\n","component":"Jwt"}
{"level":"info","ts":"2026-05-10T21:41:05.345+0200","caller":"security/jwt.go:94","msg":"user valerio.vaudi@gmail.com has required authority: ROLE_USER","component":"Jwt"}
{"level":"info","ts":"2026-05-10T21:41:05.345+0200","caller":"security/jwt.go:102","msg":"authenticated user: valerio.vaudi@gmail.com\n","component":"Jwt"}
{"level":"error","ts":"2026-05-10T21:41:05.345+0200","caller":"database/databaseUtils.go:14","msg":"<nil>"}
{"level":"error","ts":"2026-05-10T21:41:05.363+0200","caller":"db/repository.go:131","msg":"<nil>","component":"PlanPostgresRepository"}
{"level":"info","ts":"2026-05-10T21:41:05.367+0200","caller":"security/jwt.go:77","msg":"authenticating user: valerio.vaudi@gmail.com\n","component":"Jwt"}
{"level":"info","ts":"2026-05-10T21:41:05.367+0200","caller":"security/jwt.go:86","msg":"user valerio.vaudi@gmail.com has those authority [ROLE_BUDGET ROLE_USER FACTOR_PASSWORD]\n","component":"Jwt"}
{"level":"info","ts":"2026-05-10T21:41:05.367+0200","caller":"security/jwt.go:94","msg":"user valerio.vaudi@gmail.com has required authority: ROLE_USER","component":"Jwt"}
{"level":"info","ts":"2026-05-10T21:41:05.367+0200","caller":"security/jwt.go:102","msg":"authenticated user: valerio.vaudi@gmail.com\n","component":"Jwt"}
{"level":"error","ts":"2026-05-10T21:41:05.367+0200","caller":"database/databaseUtils.go:14","msg":"<nil>"}
{"level":"error","ts":"2026-05-10T21:41:05.376+0200","caller":"db/repository.go:33","msg":"<nil>","component":"PlanPostgresRepository"}
{"level":"error","ts":"2026-05-10T21:41:05.376+0200","caller":"database/databaseUtils.go:14","msg":"<nil>"}
{"level":"error","ts":"2026-05-10T21:41:05.384+0200","caller":"db/repository.go:88","msg":"<nil>","component":"PlanPostgresRepository"}
{"level":"info","ts":"2026-05-10T21:41:06.172+0200","caller":"security/jwt.go:77","msg":"authenticating user: valerio.vaudi@gmail.com\n","component":"Jwt"}
{"level":"info","ts":"2026-05-10T21:41:06.172+0200","caller":"security/jwt.go:86","msg":"user valerio.vaudi@gmail.com has those authority [ROLE_BUDGET ROLE_USER FACTOR_PASSWORD]\n","component":"Jwt"}
{"level":"info","ts":"2026-05-10T21:41:06.172+0200","caller":"security/jwt.go:94","msg":"user valerio.vaudi@gmail.com has required authority: ROLE_USER","component":"Jwt"}
{"level":"info","ts":"2026-05-10T21:41:06.172+0200","caller":"security/jwt.go:102","msg":"authenticated user: valerio.vaudi@gmail.com\n","component":"Jwt"}
{"level":"error","ts":"2026-05-10T21:41:06.172+0200","caller":"database/databaseUtils.go:14","msg":"<nil>"}
{"level":"error","ts":"2026-05-10T21:41:06.178+0200","caller":"db/repository.go:60","msg":"<nil>","component":"PlanPostgresRepository"}
{"level":"error","ts":"2026-05-10T21:41:06.178+0200","caller":"database/databaseUtils.go:14","msg":"<nil>"}
{"level":"error","ts":"2026-05-10T21:41:06.184+0200","caller":"db/repository.go:88","msg":"<nil>","component":"PlanPostgresRepository"}
{"level":"info","ts":"2026-05-10T21:41:07.614+0200","caller":"security/jwt.go:77","msg":"authenticating user: valerio.vaudi@gmail.com\n","component":"Jwt"}
{"level":"info","ts":"2026-05-10T21:41:07.614+0200","caller":"security/jwt.go:86","msg":"user valerio.vaudi@gmail.com has those authority [ROLE_BUDGET ROLE_USER FACTOR_PASSWORD]\n","component":"Jwt"}
{"level":"info","ts":"2026-05-10T21:41:07.614+0200","caller":"security/jwt.go:94","msg":"user valerio.vaudi@gmail.com has required authority: ROLE_USER","component":"Jwt"}
{"level":"info","ts":"2026-05-10T21:41:07.614+0200","caller":"security/jwt.go:102","msg":"authenticated user: valerio.vaudi@gmail.com\n","component":"Jwt"}
{"level":"error","ts":"2026-05-10T21:41:07.614+0200","caller":"database/databaseUtils.go:14","msg":"<nil>"}
{"level":"error","ts":"2026-05-10T21:41:07.621+0200","caller":"db/repository.go:33","msg":"<nil>","component":"PlanPostgresRepository"}
{"level":"error","ts":"2026-05-10T21:41:07.621+0200","caller":"database/databaseUtils.go:14","msg":"<nil>"}
{"level":"error","ts":"2026-05-10T21:41:07.627+0200","caller":"db/repository.go:88","msg":"<nil>","component":"PlanPostgresRepository"}
{"level":"info","ts":"2026-05-10T21:41:09.358+0200","caller":"security/jwt.go:77","msg":"authenticating user: valerio.vaudi@gmail.com\n","component":"Jwt"}
{"level":"info","ts":"2026-05-10T21:41:09.358+0200","caller":"security/jwt.go:86","msg":"user valerio.vaudi@gmail.com has those authority [ROLE_BUDGET ROLE_USER FACTOR_PASSWORD]\n","component":"Jwt"}
{"level":"info","ts":"2026-05-10T21:41:09.358+0200","caller":"security/jwt.go:94","msg":"user valerio.vaudi@gmail.com has required authority: ROLE_USER","component":"Jwt"}
{"level":"info","ts":"2026-05-10T21:41:09.358+0200","caller":"security/jwt.go:102","msg":"authenticated user: valerio.vaudi@gmail.com\n","component":"Jwt"}
{"level":"error","ts":"2026-05-10T21:41:09.358+0200","caller":"database/databaseUtils.go:14","msg":"<nil>"}
{"level":"error","ts":"2026-05-10T21:41:09.376+0200","caller":"db/repository.go:148","msg":"<nil>","component":"PlanPostgresRepository"}
{"level":"info","ts":"2026-05-10T21:41:09.380+0200","caller":"security/jwt.go:77","msg":"authenticating user: valerio.vaudi@gmail.com\n","component":"Jwt"}
{"level":"info","ts":"2026-05-10T21:41:09.380+0200","caller":"security/jwt.go:86","msg":"user valerio.vaudi@gmail.com has those authority [ROLE_BUDGET ROLE_USER FACTOR_PASSWORD]\n","component":"Jwt"}
{"level":"info","ts":"2026-05-10T21:41:09.380+0200","caller":"security/jwt.go:94","msg":"user valerio.vaudi@gmail.com has required authority: ROLE_USER","component":"Jwt"}
{"level":"info","ts":"2026-05-10T21:41:09.380+0200","caller":"security/jwt.go:102","msg":"authenticated user: valerio.vaudi@gmail.com\n","component":"Jwt"}
{"level":"error","ts":"2026-05-10T21:41:09.380+0200","caller":"database/databaseUtils.go:14","msg":"<nil>"}
{"level":"error","ts":"2026-05-10T21:41:09.393+0200","caller":"db/repository.go:33","msg":"<nil>","component":"PlanPostgresRepository"}
{"level":"info","ts":"2026-05-10T21:41:58.560+0200","caller":"security/jwt.go:77","msg":"authenticating user: valerio.vaudi@gmail.com\n","component":"Jwt"}
{"level":"info","ts":"2026-05-10T21:41:58.560+0200","caller":"security/jwt.go:86","msg":"user valerio.vaudi@gmail.com has those authority [ROLE_BUDGET ROLE_USER FACTOR_PASSWORD]\n","component":"Jwt"}
{"level":"info","ts":"2026-05-10T21:41:58.560+0200","caller":"security/jwt.go:94","msg":"user valerio.vaudi@gmail.com has required authority: ROLE_USER","component":"Jwt"}
{"level":"info","ts":"2026-05-10T21:41:58.560+0200","caller":"security/jwt.go:102","msg":"authenticated user: valerio.vaudi@gmail.com\n","component":"Jwt"}
{"level":"error","ts":"2026-05-10T21:41:58.560+0200","caller":"database/databaseUtils.go:14","msg":"<nil>"}
{"level":"error","ts":"2026-05-10T21:41:58.566+0200","caller":"db/repository.go:33","msg":"<nil>","component":"PlanPostgresRepository"}
{"level":"info","ts":"2026-05-10T21:42:03.766+0200","caller":"security/jwt.go:77","msg":"authenticating user: valerio.vaudi@gmail.com\n","component":"Jwt"}
{"level":"info","ts":"2026-05-10T21:42:03.766+0200","caller":"security/jwt.go:86","msg":"user valerio.vaudi@gmail.com has those authority [ROLE_BUDGET ROLE_USER FACTOR_PASSWORD]\n","component":"Jwt"}
{"level":"info","ts":"2026-05-10T21:42:03.766+0200","caller":"security/jwt.go:94","msg":"user valerio.vaudi@gmail.com has required authority: ROLE_USER","component":"Jwt"}
{"level":"info","ts":"2026-05-10T21:42:03.766+0200","caller":"security/jwt.go:102","msg":"authenticated user: valerio.vaudi@gmail.com\n","component":"Jwt"}
{"level":"error","ts":"2026-05-10T21:42:03.766+0200","caller":"database/databaseUtils.go:14","msg":"<nil>"}
{"level":"error","ts":"2026-05-10T21:42:03.788+0200","caller":"db/repository.go:131","msg":"<nil>","component":"PlanPostgresRepository"}
{"level":"info","ts":"2026-05-10T21:42:03.795+0200","caller":"security/jwt.go:77","msg":"authenticating user: valerio.vaudi@gmail.com\n","component":"Jwt"}
{"level":"info","ts":"2026-05-10T21:42:03.795+0200","caller":"security/jwt.go:86","msg":"user valerio.vaudi@gmail.com has those authority [ROLE_BUDGET ROLE_USER FACTOR_PASSWORD]\n","component":"Jwt"}
{"level":"info","ts":"2026-05-10T21:42:03.795+0200","caller":"security/jwt.go:94","msg":"user valerio.vaudi@gmail.com has required authority: ROLE_USER","component":"Jwt"}
{"level":"info","ts":"2026-05-10T21:42:03.795+0200","caller":"security/jwt.go:102","msg":"authenticated user: valerio.vaudi@gmail.com\n","component":"Jwt"}
{"level":"error","ts":"2026-05-10T21:42:03.795+0200","caller":"database/databaseUtils.go:14","msg":"<nil>"}
{"level":"error","ts":"2026-05-10T21:42:03.807+0200","caller":"db/repository.go:33","msg":"<nil>","component":"PlanPostgresRepository"}
{"level":"error","ts":"2026-05-10T21:42:03.807+0200","caller":"database/databaseUtils.go:14","msg":"<nil>"}
{"level":"error","ts":"2026-05-10T21:42:03.816+0200","caller":"db/repository.go:88","msg":"<nil>","component":"PlanPostgresRepository"}
{"level":"info","ts":"2026-05-10T21:42:05.126+0200","caller":"security/jwt.go:77","msg":"authenticating user: valerio.vaudi@gmail.com\n","component":"Jwt"}
{"level":"info","ts":"2026-05-10T21:42:05.126+0200","caller":"security/jwt.go:86","msg":"user valerio.vaudi@gmail.com has those authority [ROLE_BUDGET ROLE_USER FACTOR_PASSWORD]\n","component":"Jwt"}
{"level":"info","ts":"2026-05-10T21:42:05.126+0200","caller":"security/jwt.go:94","msg":"user valerio.vaudi@gmail.com has required authority: ROLE_USER","component":"Jwt"}
{"level":"info","ts":"2026-05-10T21:42:05.126+0200","caller":"security/jwt.go:102","msg":"authenticated user: valerio.vaudi@gmail.com\n","component":"Jwt"}
{"level":"error","ts":"2026-05-10T21:42:05.126+0200","caller":"database/databaseUtils.go:14","msg":"<nil>"}
{"level":"error","ts":"2026-05-10T21:42:05.132+0200","caller":"db/repository.go:60","msg":"<nil>","component":"PlanPostgresRepository"}
{"level":"error","ts":"2026-05-10T21:42:05.132+0200","caller":"database/databaseUtils.go:14","msg":"<nil>"}
{"level":"error","ts":"2026-05-10T21:42:05.138+0200","caller":"db/repository.go:88","msg":"<nil>","component":"PlanPostgresRepository"}
{"level":"info","ts":"2026-05-10T21:42:09.841+0200","caller":"security/jwt.go:77","msg":"authenticating user: valerio.vaudi@gmail.com\n","component":"Jwt"}
{"level":"info","ts":"2026-05-10T21:42:09.841+0200","caller":"security/jwt.go:86","msg":"user valerio.vaudi@gmail.com has those authority [ROLE_BUDGET ROLE_USER FACTOR_PASSWORD]\n","component":"Jwt"}
{"level":"info","ts":"2026-05-10T21:42:09.841+0200","caller":"security/jwt.go:94","msg":"user valerio.vaudi@gmail.com has required authority: ROLE_USER","component":"Jwt"}
{"level":"info","ts":"2026-05-10T21:42:09.841+0200","caller":"security/jwt.go:102","msg":"authenticated user: valerio.vaudi@gmail.com\n","component":"Jwt"}
{"level":"error","ts":"2026-05-10T21:42:09.841+0200","caller":"database/databaseUtils.go:14","msg":"<nil>"}
{"level":"error","ts":"2026-05-10T21:42:09.857+0200","caller":"db/repository.go:165","msg":"<nil>","component":"PlanPostgresRepository"}
{"level":"info","ts":"2026-05-10T21:42:09.860+0200","caller":"security/jwt.go:77","msg":"authenticating user: valerio.vaudi@gmail.com\n","component":"Jwt"}
{"level":"info","ts":"2026-05-10T21:42:09.860+0200","caller":"security/jwt.go:86","msg":"user valerio.vaudi@gmail.com has those authority [ROLE_BUDGET ROLE_USER FACTOR_PASSWORD]\n","component":"Jwt"}
{"level":"info","ts":"2026-05-10T21:42:09.860+0200","caller":"security/jwt.go:94","msg":"user valerio.vaudi@gmail.com has required authority: ROLE_USER","component":"Jwt"}
{"level":"info","ts":"2026-05-10T21:42:09.860+0200","caller":"security/jwt.go:102","msg":"authenticated user: valerio.vaudi@gmail.com\n","component":"Jwt"}
{"level":"error","ts":"2026-05-10T21:42:09.860+0200","caller":"database/databaseUtils.go:14","msg":"<nil>"}
{"level":"error","ts":"2026-05-10T21:42:09.869+0200","caller":"db/repository.go:60","msg":"<nil>","component":"PlanPostgresRepository"}
{"level":"error","ts":"2026-05-10T21:42:09.869+0200","caller":"database/databaseUtils.go:14","msg":"<nil>"}
{"level":"error","ts":"2026-05-10T21:42:09.878+0200","caller":"db/repository.go:88","msg":"<nil>","component":"PlanPostgresRepository"}
{"level":"info","ts":"2026-05-10T21:42:13.457+0200","caller":"security/jwt.go:77","msg":"authenticating user: valerio.vaudi@gmail.com\n","component":"Jwt"}
{"level":"info","ts":"2026-05-10T21:42:13.457+0200","caller":"security/jwt.go:86","msg":"user valerio.vaudi@gmail.com has those authority [ROLE_BUDGET ROLE_USER FACTOR_PASSWORD]\n","component":"Jwt"}
{"level":"info","ts":"2026-05-10T21:42:13.457+0200","caller":"security/jwt.go:94","msg":"user valerio.vaudi@gmail.com has required authority: ROLE_USER","component":"Jwt"}
{"level":"info","ts":"2026-05-10T21:42:13.457+0200","caller":"security/jwt.go:102","msg":"authenticated user: valerio.vaudi@gmail.com\n","component":"Jwt"}
{"level":"error","ts":"2026-05-10T21:42:13.457+0200","caller":"database/databaseUtils.go:14","msg":"<nil>"}
{"level":"error","ts":"2026-05-10T21:42:13.479+0200","caller":"db/repository.go:165","msg":"<nil>","component":"PlanPostgresRepository"}
{"level":"info","ts":"2026-05-10T21:42:13.485+0200","caller":"security/jwt.go:77","msg":"authenticating user: valerio.vaudi@gmail.com\n","component":"Jwt"}
{"level":"info","ts":"2026-05-10T21:42:13.485+0200","caller":"security/jwt.go:86","msg":"user valerio.vaudi@gmail.com has those authority [ROLE_BUDGET ROLE_USER FACTOR_PASSWORD]\n","component":"Jwt"}
{"level":"info","ts":"2026-05-10T21:42:13.485+0200","caller":"security/jwt.go:94","msg":"user valerio.vaudi@gmail.com has required authority: ROLE_USER","component":"Jwt"}
{"level":"info","ts":"2026-05-10T21:42:13.485+0200","caller":"security/jwt.go:102","msg":"authenticated user: valerio.vaudi@gmail.com\n","component":"Jwt"}
{"level":"error","ts":"2026-05-10T21:42:13.485+0200","caller":"database/databaseUtils.go:14","msg":"<nil>"}
{"level":"error","ts":"2026-05-10T21:42:13.504+0200","caller":"db/repository.go:60","msg":"<nil>","component":"PlanPostgresRepository"}
{"level":"error","ts":"2026-05-10T21:42:13.504+0200","caller":"database/databaseUtils.go:14","msg":"<nil>"}
{"level":"error","ts":"2026-05-10T21:42:13.523+0200","caller":"db/repository.go:88","msg":"<nil>","component":"PlanPostgresRepository"}
{"level":"info","ts":"2026-05-10T21:42:16.353+0200","caller":"security/jwt.go:77","msg":"authenticating user: valerio.vaudi@gmail.com\n","component":"Jwt"}
{"level":"info","ts":"2026-05-10T21:42:16.353+0200","caller":"security/jwt.go:86","msg":"user valerio.vaudi@gmail.com has those authority [ROLE_BUDGET ROLE_USER FACTOR_PASSWORD]\n","component":"Jwt"}
{"level":"info","ts":"2026-05-10T21:42:16.353+0200","caller":"security/jwt.go:94","msg":"user valerio.vaudi@gmail.com has required authority: ROLE_USER","component":"Jwt"}
{"level":"info","ts":"2026-05-10T21:42:16.353+0200","caller":"security/jwt.go:102","msg":"authenticated user: valerio.vaudi@gmail.com\n","component":"Jwt"}
{"level":"error","ts":"2026-05-10T21:42:16.353+0200","caller":"database/databaseUtils.go:14","msg":"<nil>"}
{"level":"error","ts":"2026-05-10T21:42:16.359+0200","caller":"db/repository.go:33","msg":"<nil>","component":"PlanPostgresRepository"}
{"level":"error","ts":"2026-05-10T21:42:16.360+0200","caller":"database/databaseUtils.go:14","msg":"<nil>"}
{"level":"error","ts":"2026-05-10T21:42:16.366+0200","caller":"db/repository.go:88","msg":"<nil>","component":"PlanPostgresRepository"}
{"level":"info","ts":"2026-05-10T21:42:19.286+0200","caller":"security/jwt.go:77","msg":"authenticating user: valerio.vaudi@gmail.com\n","component":"Jwt"}
{"level":"info","ts":"2026-05-10T21:42:19.286+0200","caller":"security/jwt.go:86","msg":"user valerio.vaudi@gmail.com has those authority [ROLE_BUDGET ROLE_USER FACTOR_PASSWORD]\n","component":"Jwt"}
{"level":"info","ts":"2026-05-10T21:42:19.286+0200","caller":"security/jwt.go:94","msg":"user valerio.vaudi@gmail.com has required authority: ROLE_USER","component":"Jwt"}
{"level":"info","ts":"2026-05-10T21:42:19.286+0200","caller":"security/jwt.go:102","msg":"authenticated user: valerio.vaudi@gmail.com\n","component":"Jwt"}
{"level":"error","ts":"2026-05-10T21:42:19.286+0200","caller":"database/databaseUtils.go:14","msg":"<nil>"}
{"level":"error","ts":"2026-05-10T21:42:19.307+0200","caller":"db/repository.go:148","msg":"<nil>","component":"PlanPostgresRepository"}
{"level":"info","ts":"2026-05-10T21:42:19.311+0200","caller":"security/jwt.go:77","msg":"authenticating user: valerio.vaudi@gmail.com\n","component":"Jwt"}
{"level":"info","ts":"2026-05-10T21:42:19.311+0200","caller":"security/jwt.go:86","msg":"user valerio.vaudi@gmail.com has those authority [ROLE_BUDGET ROLE_USER FACTOR_PASSWORD]\n","component":"Jwt"}
{"level":"info","ts":"2026-05-10T21:42:19.311+0200","caller":"security/jwt.go:94","msg":"user valerio.vaudi@gmail.com has required authority: ROLE_USER","component":"Jwt"}
{"level":"info","ts":"2026-05-10T21:42:19.311+0200","caller":"security/jwt.go:102","msg":"authenticated user: valerio.vaudi@gmail.com\n","component":"Jwt"}
{"level":"error","ts":"2026-05-10T21:42:19.311+0200","caller":"database/databaseUtils.go:14","msg":"<nil>"}
{"level":"error","ts":"2026-05-10T21:42:19.324+0200","caller":"db/repository.go:33","msg":"<nil>","component":"PlanPostgresRepository"}
{"level":"info","ts":"2026-05-11T21:12:04.457+0200","caller":"security/jwt.go:77","msg":"authenticating user: valerio.vaudi@gmail.com\n","component":"Jwt"}
{"level":"info","ts":"2026-05-11T21:12:04.458+0200","caller":"security/jwt.go:86","msg":"user valerio.vaudi@gmail.com has those authority [ROLE_BUDGET ROLE_USER FACTOR_PASSWORD]\n","component":"Jwt"}
{"level":"info","ts":"2026-05-11T21:12:04.459+0200","caller":"security/jwt.go:94","msg":"user valerio.vaudi@gmail.com has required authority: ROLE_USER","component":"Jwt"}
{"level":"info","ts":"2026-05-11T21:12:04.459+0200","caller":"security/jwt.go:102","msg":"authenticated user: valerio.vaudi@gmail.com\n","component":"Jwt"}
{"level":"error","ts":"2026-05-11T21:12:04.459+0200","caller":"database/databaseUtils.go:14","msg":"<nil>"}
{"level":"error","ts":"2026-05-11T21:12:04.465+0200","caller":"db/repository.go:33","msg":"<nil>","component":"PlanPostgresRepository"}
{"level":"info","ts":"2026-05-11T21:12:34.983+0200","caller":"security/jwt.go:77","msg":"authenticating user: valerio.vaudi@gmail.com\n","component":"Jwt"}
{"level":"info","ts":"2026-05-11T21:12:34.983+0200","caller":"security/jwt.go:86","msg":"user valerio.vaudi@gmail.com has those authority [ROLE_BUDGET ROLE_USER FACTOR_PASSWORD]\n","component":"Jwt"}
{"level":"info","ts":"2026-05-11T21:12:34.983+0200","caller":"security/jwt.go:94","msg":"user valerio.vaudi@gmail.com has required authority: ROLE_USER","component":"Jwt"}
{"level":"info","ts":"2026-05-11T21:12:34.983+0200","caller":"security/jwt.go:102","msg":"authenticated user: valerio.vaudi@gmail.com\n","component":"Jwt"}
{"level":"error","ts":"2026-05-11T21:12:34.983+0200","caller":"database/databaseUtils.go:14","msg":"<nil>"}
{"level":"error","ts":"2026-05-11T21:12:34.995+0200","caller":"db/repository.go:131","msg":"<nil>","component":"PlanPostgresRepository"}
{"level":"info","ts":"2026-05-11T21:12:34.999+0200","caller":"security/jwt.go:77","msg":"authenticating user: valerio.vaudi@gmail.com\n","component":"Jwt"}
{"level":"info","ts":"2026-05-11T21:12:34.999+0200","caller":"security/jwt.go:86","msg":"user valerio.vaudi@gmail.com has those authority [ROLE_BUDGET ROLE_USER FACTOR_PASSWORD]\n","component":"Jwt"}
{"level":"info","ts":"2026-05-11T21:12:34.999+0200","caller":"security/jwt.go:94","msg":"user valerio.vaudi@gmail.com has required authority: ROLE_USER","component":"Jwt"}
{"level":"info","ts":"2026-05-11T21:12:34.999+0200","caller":"security/jwt.go:102","msg":"authenticated user: valerio.vaudi@gmail.com\n","component":"Jwt"}
{"level":"error","ts":"2026-05-11T21:12:34.999+0200","caller":"database/databaseUtils.go:14","msg":"<nil>"}
{"level":"error","ts":"2026-05-11T21:12:35.006+0200","caller":"db/repository.go:33","msg":"<nil>","component":"PlanPostgresRepository"}
{"level":"error","ts":"2026-05-11T21:12:35.007+0200","caller":"database/databaseUtils.go:14","msg":"<nil>"}
{"level":"error","ts":"2026-05-11T21:12:35.013+0200","caller":"db/repository.go:88","msg":"<nil>","component":"PlanPostgresRepository"}
{"level":"info","ts":"2026-05-11T21:12:47.730+0200","caller":"security/jwt.go:77","msg":"authenticating user: valerio.vaudi@gmail.com\n","component":"Jwt"}
{"level":"info","ts":"2026-05-11T21:12:47.730+0200","caller":"security/jwt.go:86","msg":"user valerio.vaudi@gmail.com has those authority [ROLE_BUDGET ROLE_USER FACTOR_PASSWORD]\n","component":"Jwt"}
{"level":"info","ts":"2026-05-11T21:12:47.730+0200","caller":"security/jwt.go:94","msg":"user valerio.vaudi@gmail.com has required authority: ROLE_USER","component":"Jwt"}
{"level":"info","ts":"2026-05-11T21:12:47.730+0200","caller":"security/jwt.go:102","msg":"authenticated user: valerio.vaudi@gmail.com\n","component":"Jwt"}
{"level":"error","ts":"2026-05-11T21:12:47.730+0200","caller":"database/databaseUtils.go:14","msg":"<nil>"}
{"level":"error","ts":"2026-05-11T21:12:47.736+0200","caller":"db/repository.go:60","msg":"<nil>","component":"PlanPostgresRepository"}
{"level":"error","ts":"2026-05-11T21:12:47.739+0200","caller":"database/databaseUtils.go:14","msg":"<nil>"}
{"level":"error","ts":"2026-05-11T21:12:47.747+0200","caller":"db/repository.go:88","msg":"<nil>","component":"PlanPostgresRepository"}
{"level":"info","ts":"2026-05-11T21:12:58.315+0200","caller":"security/jwt.go:77","msg":"authenticating user: valerio.vaudi@gmail.com\n","component":"Jwt"}
{"level":"info","ts":"2026-05-11T21:12:58.315+0200","caller":"security/jwt.go:86","msg":"user valerio.vaudi@gmail.com has those authority [ROLE_BUDGET ROLE_USER FACTOR_PASSWORD]\n","component":"Jwt"}
{"level":"info","ts":"2026-05-11T21:12:58.315+0200","caller":"security/jwt.go:94","msg":"user valerio.vaudi@gmail.com has required authority: ROLE_USER","component":"Jwt"}
{"level":"info","ts":"2026-05-11T21:12:58.315+0200","caller":"security/jwt.go:102","msg":"authenticated user: valerio.vaudi@gmail.com\n","component":"Jwt"}
{"level":"error","ts":"2026-05-11T21:12:58.315+0200","caller":"database/databaseUtils.go:14","msg":"<nil>"}
{"level":"error","ts":"2026-05-11T21:12:58.325+0200","caller":"db/repository.go:33","msg":"<nil>","component":"PlanPostgresRepository"}
{"level":"error","ts":"2026-05-11T21:12:58.325+0200","caller":"database/databaseUtils.go:14","msg":"<nil>"}
{"level":"error","ts":"2026-05-11T21:12:58.334+0200","caller":"db/repository.go:88","msg":"<nil>","component":"PlanPostgresRepository"}
{"level":"info","ts":"2026-05-11T21:13:14.178+0200","caller":"security/jwt.go:77","msg":"authenticating user: valerio.vaudi@gmail.com\n","component":"Jwt"}
{"level":"info","ts":"2026-05-11T21:13:14.178+0200","caller":"security/jwt.go:86","msg":"user valerio.vaudi@gmail.com has those authority [ROLE_BUDGET ROLE_USER FACTOR_PASSWORD]\n","component":"Jwt"}
{"level":"info","ts":"2026-05-11T21:13:14.178+0200","caller":"security/jwt.go:94","msg":"user valerio.vaudi@gmail.com has required authority: ROLE_USER","component":"Jwt"}
{"level":"info","ts":"2026-05-11T21:13:14.178+0200","caller":"security/jwt.go:102","msg":"authenticated user: valerio.vaudi@gmail.com\n","component":"Jwt"}
{"level":"error","ts":"2026-05-11T21:13:14.178+0200","caller":"database/databaseUtils.go:14","msg":"<nil>"}
{"level":"error","ts":"2026-05-11T21:13:14.187+0200","caller":"db/repository.go:148","msg":"<nil>","component":"PlanPostgresRepository"}
{"level":"info","ts":"2026-05-11T21:13:14.190+0200","caller":"security/jwt.go:77","msg":"authenticating user: valerio.vaudi@gmail.com\n","component":"Jwt"}
{"level":"info","ts":"2026-05-11T21:13:14.190+0200","caller":"security/jwt.go:86","msg":"user valerio.vaudi@gmail.com has those authority [ROLE_BUDGET ROLE_USER FACTOR_PASSWORD]\n","component":"Jwt"}
{"level":"info","ts":"2026-05-11T21:13:14.190+0200","caller":"security/jwt.go:94","msg":"user valerio.vaudi@gmail.com has required authority: ROLE_USER","component":"Jwt"}
{"level":"info","ts":"2026-05-11T21:13:14.190+0200","caller":"security/jwt.go:102","msg":"authenticated user: valerio.vaudi@gmail.com\n","component":"Jwt"}
{"level":"error","ts":"2026-05-11T21:13:14.190+0200","caller":"database/databaseUtils.go:14","msg":"<nil>"}
{"level":"error","ts":"2026-05-11T21:13:14.197+0200","caller":"db/repository.go:33","msg":"<nil>","component":"PlanPostgresRepository"}
{"level":"info","ts":"2026-05-11T21:17:08.820+0200","caller":"security/jwt.go:77","msg":"authenticating user: valerio.vaudi@gmail.com\n","component":"Jwt"}
{"level":"info","ts":"2026-05-11T21:17:08.820+0200","caller":"security/jwt.go:86","msg":"user valerio.vaudi@gmail.com has those authority [ROLE_BUDGET ROLE_USER FACTOR_PASSWORD]\n","component":"Jwt"}
{"level":"info","ts":"2026-05-11T21:17:08.820+0200","caller":"security/jwt.go:94","msg":"user valerio.vaudi@gmail.com has required authority: ROLE_USER","component":"Jwt"}
{"level":"info","ts":"2026-05-11T21:17:08.820+0200","caller":"security/jwt.go:102","msg":"authenticated user: valerio.vaudi@gmail.com\n","component":"Jwt"}
{"level":"error","ts":"2026-05-11T21:17:08.820+0200","caller":"database/databaseUtils.go:14","msg":"<nil>"}
{"level":"error","ts":"2026-05-11T21:17:08.827+0200","caller":"db/repository.go:33","msg":"<nil>","component":"PlanPostgresRepository"}
{"level":"info","ts":"2026-05-11T21:17:53.866+0200","caller":"security/jwt.go:77","msg":"authenticating user: valerio.vaudi@gmail.com\n","component":"Jwt"}
{"level":"info","ts":"2026-05-11T21:17:53.866+0200","caller":"security/jwt.go:86","msg":"user valerio.vaudi@gmail.com has those authority [ROLE_BUDGET ROLE_USER FACTOR_PASSWORD]\n","component":"Jwt"}
{"level":"info","ts":"2026-05-11T21:17:53.866+0200","caller":"security/jwt.go:94","msg":"user valerio.vaudi@gmail.com has required authority: ROLE_USER","component":"Jwt"}
{"level":"info","ts":"2026-05-11T21:17:53.866+0200","caller":"security/jwt.go:102","msg":"authenticated user: valerio.vaudi@gmail.com\n","component":"Jwt"}
{"level":"error","ts":"2026-05-11T21:17:53.866+0200","caller":"database/databaseUtils.go:14","msg":"<nil>"}
{"level":"error","ts":"2026-05-11T21:17:53.880+0200","caller":"db/repository.go:131","msg":"<nil>","component":"PlanPostgresRepository"}
{"level":"info","ts":"2026-05-11T21:17:53.884+0200","caller":"security/jwt.go:77","msg":"authenticating user: valerio.vaudi@gmail.com\n","component":"Jwt"}
{"level":"info","ts":"2026-05-11T21:17:53.884+0200","caller":"security/jwt.go:86","msg":"user valerio.vaudi@gmail.com has those authority [ROLE_BUDGET ROLE_USER FACTOR_PASSWORD]\n","component":"Jwt"}
{"level":"info","ts":"2026-05-11T21:17:53.884+0200","caller":"security/jwt.go:94","msg":"user valerio.vaudi@gmail.com has required authority: ROLE_USER","component":"Jwt"}
{"level":"info","ts":"2026-05-11T21:17:53.884+0200","caller":"security/jwt.go:102","msg":"authenticated user: valerio.vaudi@gmail.com\n","component":"Jwt"}
{"level":"error","ts":"2026-05-11T21:17:53.884+0200","caller":"database/databaseUtils.go:14","msg":"<nil>"}
{"level":"error","ts":"2026-05-11T21:17:53.890+0200","caller":"db/repository.go:33","msg":"<nil>","component":"PlanPostgresRepository"}
{"level":"error","ts":"2026-05-11T21:17:53.891+0200","caller":"database/databaseUtils.go:14","msg":"<nil>"}
{"level":"error","ts":"2026-05-11T21:17:53.897+0200","caller":"db/repository.go:88","msg":"<nil>","component":"PlanPostgresRepository"}
{"level":"info","ts":"2026-05-11T21:18:12.601+0200","caller":"security/jwt.go:77","msg":"authenticating user: valerio.vaudi@gmail.com\n","component":"Jwt"}
{"level":"info","ts":"2026-05-11T21:18:12.601+0200","caller":"security/jwt.go:86","msg":"user valerio.vaudi@gmail.com has those authority [ROLE_BUDGET ROLE_USER FACTOR_PASSWORD]\n","component":"Jwt"}
{"level":"info","ts":"2026-05-11T21:18:12.601+0200","caller":"security/jwt.go:94","msg":"user valerio.vaudi@gmail.com has required authority: ROLE_USER","component":"Jwt"}
{"level":"info","ts":"2026-05-11T21:18:12.601+0200","caller":"security/jwt.go:102","msg":"authenticated user: valerio.vaudi@gmail.com\n","component":"Jwt"}
{"level":"error","ts":"2026-05-11T21:18:12.601+0200","caller":"database/databaseUtils.go:14","msg":"<nil>"}
{"level":"error","ts":"2026-05-11T21:18:12.609+0200","caller":"db/repository.go:60","msg":"<nil>","component":"PlanPostgresRepository"}
{"level":"error","ts":"2026-05-11T21:18:12.611+0200","caller":"database/databaseUtils.go:14","msg":"<nil>"}
{"level":"error","ts":"2026-05-11T21:18:12.620+0200","caller":"db/repository.go:88","msg":"<nil>","component":"PlanPostgresRepository"}
{"level":"info","ts":"2026-05-11T21:18:25.029+0200","caller":"security/jwt.go:77","msg":"authenticating user: valerio.vaudi@gmail.com\n","component":"Jwt"}
{"level":"info","ts":"2026-05-11T21:18:25.029+0200","caller":"security/jwt.go:86","msg":"user valerio.vaudi@gmail.com has those authority [ROLE_BUDGET ROLE_USER FACTOR_PASSWORD]\n","component":"Jwt"}
{"level":"info","ts":"2026-05-11T21:18:25.029+0200","caller":"security/jwt.go:94","msg":"user valerio.vaudi@gmail.com has required authority: ROLE_USER","component":"Jwt"}
{"level":"info","ts":"2026-05-11T21:18:25.029+0200","caller":"security/jwt.go:102","msg":"authenticated user: valerio.vaudi@gmail.com\n","component":"Jwt"}
{"level":"error","ts":"2026-05-11T21:18:25.029+0200","caller":"database/databaseUtils.go:14","msg":"<nil>"}
{"level":"error","ts":"2026-05-11T21:18:25.034+0200","caller":"db/repository.go:33","msg":"<nil>","component":"PlanPostgresRepository"}
{"level":"error","ts":"2026-05-11T21:18:25.036+0200","caller":"database/databaseUtils.go:14","msg":"<nil>"}
{"level":"error","ts":"2026-05-11T21:18:25.043+0200","caller":"db/repository.go:88","msg":"<nil>","component":"PlanPostgresRepository"}
{"level":"info","ts":"2026-05-11T21:18:44.734+0200","caller":"security/jwt.go:77","msg":"authenticating user: valerio.vaudi@gmail.com\n","component":"Jwt"}
{"level":"info","ts":"2026-05-11T21:18:44.734+0200","caller":"security/jwt.go:86","msg":"user valerio.vaudi@gmail.com has those authority [ROLE_BUDGET ROLE_USER FACTOR_PASSWORD]\n","component":"Jwt"}
{"level":"info","ts":"2026-05-11T21:18:44.734+0200","caller":"security/jwt.go:94","msg":"user valerio.vaudi@gmail.com has required authority: ROLE_USER","component":"Jwt"}
{"level":"info","ts":"2026-05-11T21:18:44.734+0200","caller":"security/jwt.go:102","msg":"authenticated user: valerio.vaudi@gmail.com\n","component":"Jwt"}
{"level":"error","ts":"2026-05-11T21:18:44.734+0200","caller":"database/databaseUtils.go:14","msg":"<nil>"}
{"level":"error","ts":"2026-05-11T21:18:44.746+0200","caller":"db/repository.go:148","msg":"<nil>","component":"PlanPostgresRepository"}
{"level":"info","ts":"2026-05-11T21:18:44.749+0200","caller":"security/jwt.go:77","msg":"authenticating user: valerio.vaudi@gmail.com\n","component":"Jwt"}
{"level":"info","ts":"2026-05-11T21:18:44.749+0200","caller":"security/jwt.go:86","msg":"user valerio.vaudi@gmail.com has those authority [ROLE_BUDGET ROLE_USER FACTOR_PASSWORD]\n","component":"Jwt"}
{"level":"info","ts":"2026-05-11T21:18:44.749+0200","caller":"security/jwt.go:94","msg":"user valerio.vaudi@gmail.com has required authority: ROLE_USER","component":"Jwt"}
{"level":"info","ts":"2026-05-11T21:18:44.749+0200","caller":"security/jwt.go:102","msg":"authenticated user: valerio.vaudi@gmail.com\n","component":"Jwt"}
{"level":"error","ts":"2026-05-11T21:18:44.749+0200","caller":"database/databaseUtils.go:14","msg":"<nil>"}
{"level":"error","ts":"2026-05-11T21:18:44.755+0200","caller":"db/repository.go:33","msg":"<nil>","component":"PlanPostgresRepository"}
{"level":"info","ts":"2026-05-11T21:21:12.542+0200","caller":"security/jwt.go:77","msg":"authenticating user: valerio.vaudi@gmail.com\n","component":"Jwt"}
{"level":"info","ts":"2026-05-11T21:21:12.542+0200","caller":"security/jwt.go:86","msg":"user valerio.vaudi@gmail.com has those authority [ROLE_BUDGET ROLE_USER FACTOR_PASSWORD]\n","component":"Jwt"}
{"level":"info","ts":"2026-05-11T21:21:12.542+0200","caller":"security/jwt.go:94","msg":"user valerio.vaudi@gmail.com has required authority: ROLE_USER","component":"Jwt"}
{"level":"info","ts":"2026-05-11T21:21:12.542+0200","caller":"security/jwt.go:102","msg":"authenticated user: valerio.vaudi@gmail.com\n","component":"Jwt"}
{"level":"error","ts":"2026-05-11T21:21:12.542+0200","caller":"database/databaseUtils.go:14","msg":"<nil>"}
{"level":"error","ts":"2026-05-11T21:21:12.548+0200","caller":"db/repository.go:33","msg":"<nil>","component":"PlanPostgresRepository"}
{"level":"info","ts":"2026-05-11T21:21:18.763+0200","caller":"security/jwt.go:77","msg":"authenticating user: valerio.vaudi@gmail.com\n","component":"Jwt"}
{"level":"info","ts":"2026-05-11T21:21:18.763+0200","caller":"security/jwt.go:86","msg":"user valerio.vaudi@gmail.com has those authority [ROLE_BUDGET ROLE_USER FACTOR_PASSWORD]\n","component":"Jwt"}
{"level":"info","ts":"2026-05-11T21:21:18.763+0200","caller":"security/jwt.go:94","msg":"user valerio.vaudi@gmail.com has required authority: ROLE_USER","component":"Jwt"}
{"level":"info","ts":"2026-05-11T21:21:18.763+0200","caller":"security/jwt.go:102","msg":"authenticated user: valerio.vaudi@gmail.com\n","component":"Jwt"}
{"level":"error","ts":"2026-05-11T21:21:18.763+0200","caller":"database/databaseUtils.go:14","msg":"<nil>"}
{"level":"error","ts":"2026-05-11T21:21:18.791+0200","caller":"db/repository.go:131","msg":"<nil>","component":"PlanPostgresRepository"}
{"level":"info","ts":"2026-05-11T21:21:18.802+0200","caller":"security/jwt.go:77","msg":"authenticating user: valerio.vaudi@gmail.com\n","component":"Jwt"}
{"level":"info","ts":"2026-05-11T21:21:18.802+0200","caller":"security/jwt.go:86","msg":"user valerio.vaudi@gmail.com has those authority [ROLE_BUDGET ROLE_USER FACTOR_PASSWORD]\n","component":"Jwt"}
{"level":"info","ts":"2026-05-11T21:21:18.802+0200","caller":"security/jwt.go:94","msg":"user valerio.vaudi@gmail.com has required authority: ROLE_USER","component":"Jwt"}
{"level":"info","ts":"2026-05-11T21:21:18.802+0200","caller":"security/jwt.go:102","msg":"authenticated user: valerio.vaudi@gmail.com\n","component":"Jwt"}
{"level":"error","ts":"2026-05-11T21:21:18.803+0200","caller":"database/databaseUtils.go:14","msg":"<nil>"}
{"level":"error","ts":"2026-05-11T21:21:18.827+0200","caller":"db/repository.go:33","msg":"<nil>","component":"PlanPostgresRepository"}
{"level":"error","ts":"2026-05-11T21:21:18.827+0200","caller":"database/databaseUtils.go:14","msg":"<nil>"}
{"level":"error","ts":"2026-05-11T21:21:18.840+0200","caller":"db/repository.go:88","msg":"<nil>","component":"PlanPostgresRepository"}
{"level":"info","ts":"2026-05-11T21:21:20.075+0200","caller":"security/jwt.go:77","msg":"authenticating user: valerio.vaudi@gmail.com\n","component":"Jwt"}
{"level":"info","ts":"2026-05-11T21:21:20.076+0200","caller":"security/jwt.go:86","msg":"user valerio.vaudi@gmail.com has those authority [ROLE_BUDGET ROLE_USER FACTOR_PASSWORD]\n","component":"Jwt"}
{"level":"info","ts":"2026-05-11T21:21:20.076+0200","caller":"security/jwt.go:94","msg":"user valerio.vaudi@gmail.com has required authority: ROLE_USER","component":"Jwt"}
{"level":"info","ts":"2026-05-11T21:21:20.076+0200","caller":"security/jwt.go:102","msg":"authenticated user: valerio.vaudi@gmail.com\n","component":"Jwt"}
{"level":"error","ts":"2026-05-11T21:21:20.076+0200","caller":"database/databaseUtils.go:14","msg":"<nil>"}
{"level":"error","ts":"2026-05-11T21:21:20.082+0200","caller":"db/repository.go:60","msg":"<nil>","component":"PlanPostgresRepository"}
{"level":"error","ts":"2026-05-11T21:21:20.082+0200","caller":"database/databaseUtils.go:14","msg":"<nil>"}
{"level":"error","ts":"2026-05-11T21:21:20.088+0200","caller":"db/repository.go:88","msg":"<nil>","component":"PlanPostgresRepository"}
{"level":"info","ts":"2026-05-11T21:21:21.945+0200","caller":"security/jwt.go:77","msg":"authenticating user: valerio.vaudi@gmail.com\n","component":"Jwt"}
{"level":"info","ts":"2026-05-11T21:21:21.945+0200","caller":"security/jwt.go:86","msg":"user valerio.vaudi@gmail.com has those authority [ROLE_BUDGET ROLE_USER FACTOR_PASSWORD]\n","component":"Jwt"}
{"level":"info","ts":"2026-05-11T21:21:21.945+0200","caller":"security/jwt.go:94","msg":"user valerio.vaudi@gmail.com has required authority: ROLE_USER","component":"Jwt"}
{"level":"info","ts":"2026-05-11T21:21:21.945+0200","caller":"security/jwt.go:102","msg":"authenticated user: valerio.vaudi@gmail.com\n","component":"Jwt"}
{"level":"error","ts":"2026-05-11T21:21:21.945+0200","caller":"database/databaseUtils.go:14","msg":"<nil>"}
{"level":"error","ts":"2026-05-11T21:21:21.951+0200","caller":"db/repository.go:33","msg":"<nil>","component":"PlanPostgresRepository"}
{"level":"error","ts":"2026-05-11T21:21:21.951+0200","caller":"database/databaseUtils.go:14","msg":"<nil>"}
{"level":"error","ts":"2026-05-11T21:21:21.957+0200","caller":"db/repository.go:88","msg":"<nil>","component":"PlanPostgresRepository"}
{"level":"info","ts":"2026-05-11T21:21:23.245+0200","caller":"security/jwt.go:77","msg":"authenticating user: valerio.vaudi@gmail.com\n","component":"Jwt"}
{"level":"info","ts":"2026-05-11T21:21:23.245+0200","caller":"security/jwt.go:86","msg":"user valerio.vaudi@gmail.com has those authority [ROLE_BUDGET ROLE_USER FACTOR_PASSWORD]\n","component":"Jwt"}
{"level":"info","ts":"2026-05-11T21:21:23.245+0200","caller":"security/jwt.go:94","msg":"user valerio.vaudi@gmail.com has required authority: ROLE_USER","component":"Jwt"}
{"level":"info","ts":"2026-05-11T21:21:23.245+0200","caller":"security/jwt.go:102","msg":"authenticated user: valerio.vaudi@gmail.com\n","component":"Jwt"}
{"level":"error","ts":"2026-05-11T21:21:23.245+0200","caller":"database/databaseUtils.go:14","msg":"<nil>"}
{"level":"error","ts":"2026-05-11T21:21:23.251+0200","caller":"db/repository.go:60","msg":"<nil>","component":"PlanPostgresRepository"}
{"level":"error","ts":"2026-05-11T21:21:23.251+0200","caller":"database/databaseUtils.go:14","msg":"<nil>"}
{"level":"error","ts":"2026-05-11T21:21:23.257+0200","caller":"db/repository.go:88","msg":"<nil>","component":"PlanPostgresRepository"}
{"level":"info","ts":"2026-05-11T21:21:26.854+0200","caller":"security/jwt.go:77","msg":"authenticating user: valerio.vaudi@gmail.com\n","component":"Jwt"}
{"level":"info","ts":"2026-05-11T21:21:26.854+0200","caller":"security/jwt.go:86","msg":"user valerio.vaudi@gmail.com has those authority [ROLE_BUDGET ROLE_USER FACTOR_PASSWORD]\n","component":"Jwt"}
{"level":"info","ts":"2026-05-11T21:21:26.854+0200","caller":"security/jwt.go:94","msg":"user valerio.vaudi@gmail.com has required authority: ROLE_USER","component":"Jwt"}
{"level":"info","ts":"2026-05-11T21:21:26.854+0200","caller":"security/jwt.go:102","msg":"authenticated user: valerio.vaudi@gmail.com\n","component":"Jwt"}
{"level":"error","ts":"2026-05-11T21:21:26.854+0200","caller":"database/databaseUtils.go:14","msg":"<nil>"}
{"level":"error","ts":"2026-05-11T21:21:26.884+0200","caller":"db/repository.go:165","msg":"<nil>","component":"PlanPostgresRepository"}
{"level":"info","ts":"2026-05-11T21:21:26.893+0200","caller":"security/jwt.go:77","msg":"authenticating user: valerio.vaudi@gmail.com\n","component":"Jwt"}
{"level":"info","ts":"2026-05-11T21:21:26.893+0200","caller":"security/jwt.go:86","msg":"user valerio.vaudi@gmail.com has those authority [ROLE_BUDGET ROLE_USER FACTOR_PASSWORD]\n","component":"Jwt"}
{"level":"info","ts":"2026-05-11T21:21:26.893+0200","caller":"security/jwt.go:94","msg":"user valerio.vaudi@gmail.com has required authority: ROLE_USER","component":"Jwt"}
{"level":"info","ts":"2026-05-11T21:21:26.893+0200","caller":"security/jwt.go:102","msg":"authenticated user: valerio.vaudi@gmail.com\n","component":"Jwt"}
{"level":"error","ts":"2026-05-11T21:21:26.894+0200","caller":"database/databaseUtils.go:14","msg":"<nil>"}
{"level":"error","ts":"2026-05-11T21:21:26.915+0200","caller":"db/repository.go:60","msg":"<nil>","component":"PlanPostgresRepository"}
{"level":"error","ts":"2026-05-11T21:21:26.916+0200","caller":"database/databaseUtils.go:14","msg":"<nil>"}
{"level":"error","ts":"2026-05-11T21:21:26.927+0200","caller":"db/repository.go:88","msg":"<nil>","component":"PlanPostgresRepository"}
{"level":"info","ts":"2026-05-11T21:21:32.591+0200","caller":"security/jwt.go:77","msg":"authenticating user: valerio.vaudi@gmail.com\n","component":"Jwt"}
{"level":"info","ts":"2026-05-11T21:21:32.591+0200","caller":"security/jwt.go:86","msg":"user valerio.vaudi@gmail.com has those authority [ROLE_BUDGET ROLE_USER FACTOR_PASSWORD]\n","component":"Jwt"}
{"level":"info","ts":"2026-05-11T21:21:32.591+0200","caller":"security/jwt.go:94","msg":"user valerio.vaudi@gmail.com has required authority: ROLE_USER","component":"Jwt"}
{"level":"info","ts":"2026-05-11T21:21:32.591+0200","caller":"security/jwt.go:102","msg":"authenticated user: valerio.vaudi@gmail.com\n","component":"Jwt"}
{"level":"error","ts":"2026-05-11T21:21:32.591+0200","caller":"database/databaseUtils.go:14","msg":"<nil>"}
{"level":"error","ts":"2026-05-11T21:21:32.597+0200","caller":"db/repository.go:33","msg":"<nil>","component":"PlanPostgresRepository"}
{"level":"error","ts":"2026-05-11T21:21:32.597+0200","caller":"database/databaseUtils.go:14","msg":"<nil>"}
{"level":"error","ts":"2026-05-11T21:21:32.607+0200","caller":"db/repository.go:88","msg":"<nil>","component":"PlanPostgresRepository"}
{"level":"info","ts":"2026-05-13T18:23:41.100+0200","caller":"server/web_server.go:65","msg":"configuring otel","component":"WebServerProvisioner"}
{"level":"info","ts":"2026-05-13T18:23:41.100+0200","caller":"otel/provider.go:65","msg":"OTel disabled","component":"OtelProvider"}
{"level":"info","ts":"2026-05-13T18:23:41.100+0200","caller":"server/web_server.go:65","msg":"configuring standard-middleware","component":"WebServerProvisioner"}
{"level":"info","ts":"2026-05-13T18:23:41.100+0200","caller":"server/web_server.go:65","msg":"configuring oauth2","component":"WebServerProvisioner"}
{"level":"info","ts":"2026-05-13T18:23:41.105+0200","caller":"security/jwt.go:30","msg":"OAuth2 middleware set up with role: ROLE_USER","component":"Jwt"}
{"level":"info","ts":"2026-05-13T18:23:41.105+0200","caller":"server/web_server.go:142","msg":"listening on 0.0.0.0:5050","component":"WebServerProvisioner"}
{"level":"info","ts":"2026-05-20T22:16:28.685+0200","caller":"server/web_server.go:65","msg":"configuring otel","component":"WebServerProvisioner"}
{"level":"info","ts":"2026-05-20T22:16:28.685+0200","caller":"otel/provider.go:65","msg":"OTel disabled","component":"OtelProvider"}
{"level":"info","ts":"2026-05-20T22:16:28.685+0200","caller":"server/web_server.go:65","msg":"configuring standard-middleware","component":"WebServerProvisioner"}
{"level":"info","ts":"2026-05-20T22:16:28.685+0200","caller":"server/web_server.go:65","msg":"configuring oauth2","component":"WebServerProvisioner"}
{"level":"info","ts":"2026-05-20T22:16:28.691+0200","caller":"security/jwt.go:30","msg":"OAuth2 middleware set up with role: ROLE_USER","component":"Jwt"}
{"level":"info","ts":"2026-05-20T22:16:28.691+0200","caller":"server/web_server.go:142","msg":"listening on 0.0.0.0:5050","component":"WebServerProvisioner"}
{"level":"info","ts":"2026-05-22T22:35:07.130+0200","caller":"security/jwt.go:77","msg":"authenticating user: valerio.vaudi@gmail.com\n","component":"Jwt"}
{"level":"info","ts":"2026-05-22T22:35:07.130+0200","caller":"security/jwt.go:86","msg":"user valerio.vaudi@gmail.com has those authority [ROLE_BUDGET ROLE_USER FACTOR_PASSWORD]\n","component":"Jwt"}
{"level":"info","ts":"2026-05-22T22:35:07.130+0200","caller":"security/jwt.go:94","msg":"user valerio.vaudi@gmail.com has required authority: ROLE_USER","component":"Jwt"}
{"level":"info","ts":"2026-05-22T22:35:07.130+0200","caller":"security/jwt.go:102","msg":"authenticated user: valerio.vaudi@gmail.com\n","component":"Jwt"}
{"level":"error","ts":"2026-05-22T22:35:07.130+0200","caller":"database/databaseUtils.go:14","msg":"<nil>"}
{"level":"error","ts":"2026-05-22T22:35:07.134+0200","caller":"plan/endpoints.go:44","msg":"pq: relation \"plan\" does not exist","component":"PlanEndpoints"}
{"level":"info","ts":"2026-05-22T22:51:40.194+0200","caller":"server/web_server.go:161","msg":"shutdown signal received, draining connections","component":"WebServerProvisioner"}
{"level":"info","ts":"2026-05-22T22:51:40.194+0200","caller":"server/web_server.go:97","msg":"Server Shutdown has been started ....","component":"WebServerProvisioner"}
{"level":"info","ts":"2026-05-22T22:51:40.196+0200","caller":"server/web_server.go:98","msg":"There are 3 configurer to be disposed","component":"WebServerProvisioner"}
{"level":"info","ts":"2026-05-22T22:51:40.198+0200","caller":"server/web_server.go:108","msg":"Server Shutdown completed ....","component":"WebServerProvisioner"}
{"level":"info","ts":"2026-05-22T22:51:40.215+0200","caller":"server/web_server.go:97","msg":"Server Shutdown has been started ....","component":"WebServerProvisioner"}
{"level":"info","ts":"2026-05-22T22:51:40.215+0200","caller":"server/web_server.go:98","msg":"There are 0 configurer to be disposed","component":"WebServerProvisioner"}
{"level":"info","ts":"2026-05-22T22:51:40.215+0200","caller":"server/web_server.go:108","msg":"Server Shutdown completed ....","component":"WebServerProvisioner"}
{"level":"info","ts":"2026-05-26T14:43:04.601+0200","caller":"server/web_server.go:65","msg":"configuring otel","component":"WebServerProvisioner"}
{"level":"info","ts":"2026-05-26T14:43:04.606+0200","caller":"otel/provider.go:65","msg":"OTel disabled","component":"OtelProvider"}
{"level":"info","ts":"2026-05-26T14:43:04.606+0200","caller":"server/web_server.go:65","msg":"configuring standard-middleware","component":"WebServerProvisioner"}
{"level":"info","ts":"2026-05-26T14:43:04.606+0200","caller":"server/web_server.go:65","msg":"configuring oauth2","component":"WebServerProvisioner"}
{"level":"info","ts":"2026-05-26T14:43:04.647+0200","caller":"security/jwt.go:30","msg":"OAuth2 middleware set up with role: ROLE_USER","component":"Jwt"}
{"level":"info","ts":"2026-05-26T14:43:04.647+0200","caller":"server/web_server.go:142","msg":"listening on 0.0.0.0:5050","component":"WebServerProvisioner"}
{"level":"info","ts":"2026-05-26T23:24:21.080+0200","caller":"server/web_server.go:161","msg":"shutdown signal received, draining connections","component":"WebServerProvisioner"}
{"level":"info","ts":"2026-05-26T23:24:21.081+0200","caller":"server/web_server.go:97","msg":"Server Shutdown has been started ....","component":"WebServerProvisioner"}
{"level":"info","ts":"2026-05-26T23:24:21.081+0200","caller":"server/web_server.go:98","msg":"There are 3 configurer to be disposed","component":"WebServerProvisioner"}
{"level":"info","ts":"2026-05-26T23:24:21.081+0200","caller":"server/web_server.go:108","msg":"Server Shutdown completed ....","component":"WebServerProvisioner"}
{"level":"info","ts":"2026-05-26T23:24:21.082+0200","caller":"server/web_server.go:97","msg":"Server Shutdown has been started ....","component":"WebServerProvisioner"}
{"level":"info","ts":"2026-05-26T23:24:21.082+0200","caller":"server/web_server.go:98","msg":"There are 0 configurer to be disposed","component":"WebServerProvisioner"}
{"level":"info","ts":"2026-05-26T23:24:21.082+0200","caller":"server/web_server.go:108","msg":"Server Shutdown completed ....","component":"WebServerProvisioner"}
{"level":"info","ts":"2026-05-27T07:36:46.664+0200","caller":"server/web_server.go:65","msg":"configuring otel","component":"WebServerProvisioner"}
{"level":"info","ts":"2026-05-27T07:36:46.667+0200","caller":"otel/provider.go:65","msg":"OTel disabled","component":"OtelProvider"}
{"level":"info","ts":"2026-05-27T07:36:46.667+0200","caller":"server/web_server.go:65","msg":"configuring standard-middleware","component":"WebServerProvisioner"}
{"level":"info","ts":"2026-05-27T07:36:46.668+0200","caller":"server/web_server.go:65","msg":"configuring oauth2","component":"WebServerProvisioner"}
{"level":"info","ts":"2026-05-27T07:36:46.705+0200","caller":"security/jwt.go:30","msg":"OAuth2 middleware set up with role: ROLE_USER","component":"Jwt"}
{"level":"info","ts":"2026-05-27T07:36:46.707+0200","caller":"server/web_server.go:142","msg":"listening on 0.0.0.0:5050","component":"WebServerProvisioner"}
{"level":"info","ts":"2026-06-02T13:41:31.917+0200","caller":"security/jwt.go:77","msg":"authenticating user: valerio.vaudi@gmail.com\n","component":"Jwt"}
{"level":"info","ts":"2026-06-02T13:41:31.917+0200","caller":"security/jwt.go:86","msg":"user valerio.vaudi@gmail.com has those authority [ROLE_BUDGET ROLE_USER FACTOR_PASSWORD]\n","component":"Jwt"}
{"level":"info","ts":"2026-06-02T13:41:31.917+0200","caller":"security/jwt.go:94","msg":"user valerio.vaudi@gmail.com has required authority: ROLE_USER","component":"Jwt"}
{"level":"info","ts":"2026-06-02T13:41:31.917+0200","caller":"security/jwt.go:102","msg":"authenticated user: valerio.vaudi@gmail.com\n","component":"Jwt"}
{"level":"error","ts":"2026-06-02T13:41:31.917+0200","caller":"database/databaseUtils.go:14","msg":"<nil>"}
{"level":"error","ts":"2026-06-02T13:41:31.940+0200","caller":"plan/endpoints.go:44","msg":"pq: relation \"plan\" does not exist","component":"PlanEndpoints"}
{"level":"info","ts":"2026-06-02T15:57:59.651+0200","caller":"server/web_server.go:161","msg":"shutdown signal received, draining connections","component":"WebServerProvisioner"}
{"level":"info","ts":"2026-06-02T15:57:59.658+0200","caller":"server/web_server.go:97","msg":"Server Shutdown has been started ....","component":"WebServerProvisioner"}
{"level":"info","ts":"2026-06-02T15:57:59.658+0200","caller":"server/web_server.go:98","msg":"There are 3 configurer to be disposed","component":"WebServerProvisioner"}
{"level":"info","ts":"2026-06-02T15:57:59.658+0200","caller":"server/web_server.go:108","msg":"Server Shutdown completed ....","component":"WebServerProvisioner"}
{"level":"info","ts":"2026-06-02T15:57:59.658+0200","caller":"server/web_server.go:97","msg":"Server Shutdown has been started ....","component":"WebServerProvisioner"}
{"level":"info","ts":"2026-06-02T15:57:59.658+0200","caller":"server/web_server.go:98","msg":"There are 0 configurer to be disposed","component":"WebServerProvisioner"}
{"level":"info","ts":"2026-06-02T15:57:59.658+0200","caller":"server/web_server.go:108","msg":"Server Shutdown completed ....","component":"WebServerProvisioner"}
{"level":"info","ts":"2026-06-02T16:07:02.010+0200","caller":"server/web_server.go:65","msg":"configuring otel","component":"WebServerProvisioner"}
{"level":"info","ts":"2026-06-02T16:07:02.010+0200","caller":"otel/provider.go:65","msg":"OTel disabled","component":"OtelProvider"}
{"level":"info","ts":"2026-06-02T16:07:02.010+0200","caller":"server/web_server.go:65","msg":"configuring standard-middleware","component":"WebServerProvisioner"}
{"level":"info","ts":"2026-06-02T16:07:02.011+0200","caller":"server/web_server.go:65","msg":"configuring oauth2","component":"WebServerProvisioner"}
{"level":"info","ts":"2026-06-02T16:07:02.016+0200","caller":"security/jwt.go:30","msg":"OAuth2 middleware set up with role: ROLE_USER","component":"Jwt"}
{"level":"info","ts":"2026-06-02T16:07:02.017+0200","caller":"server/web_server.go:142","msg":"listening on 0.0.0.0:5050","component":"WebServerProvisioner"}
{"level":"error","ts":"2026-06-02T16:52:41.325+0200","caller":"security/jwt.go:64","msg":"failed to verify jwt token: jwt.Parse: failed to parse token: unknown payload type (payload is not JWT?)\n","component":"Jwt"}
{"level":"info","ts":"2026-06-02T16:52:41.336+0200","caller":"security/jwt.go:77","msg":"authenticating user: valerio.vaudi@gmail.com\n","component":"Jwt"}
{"level":"info","ts":"2026-06-02T16:52:41.336+0200","caller":"security/jwt.go:86","msg":"user valerio.vaudi@gmail.com has those authority [ROLE_BUDGET ROLE_USER FACTOR_PASSWORD]\n","component":"Jwt"}
{"level":"info","ts":"2026-06-02T16:52:41.336+0200","caller":"security/jwt.go:94","msg":"user valerio.vaudi@gmail.com has required authority: ROLE_USER","component":"Jwt"}
{"level":"info","ts":"2026-06-02T16:52:41.336+0200","caller":"security/jwt.go:102","msg":"authenticated user: valerio.vaudi@gmail.com\n","component":"Jwt"}
{"level":"error","ts":"2026-06-02T16:52:41.336+0200","caller":"database/databaseUtils.go:14","msg":"<nil>"}
{"level":"error","ts":"2026-06-02T16:52:41.341+0200","caller":"plan/endpoints.go:44","msg":"pq: relation \"plan\" does not exist","component":"PlanEndpoints"}
{"level":"error","ts":"2026-06-02T17:33:25.811+0200","caller":"security/jwt.go:64","msg":"failed to verify jwt token: jwt.Parse: failed to parse token: unknown payload type (payload is not JWT?)\n","component":"Jwt"}
{"level":"info","ts":"2026-06-02T17:33:25.839+0200","caller":"security/jwt.go:77","msg":"authenticating user: valerio.vaudi@gmail.com\n","component":"Jwt"}
{"level":"info","ts":"2026-06-02T17:33:25.839+0200","caller":"security/jwt.go:86","msg":"user valerio.vaudi@gmail.com has those authority [ROLE_BUDGET ROLE_USER FACTOR_PASSWORD]\n","component":"Jwt"}
{"level":"info","ts":"2026-06-02T17:33:25.839+0200","caller":"security/jwt.go:94","msg":"user valerio.vaudi@gmail.com has required authority: ROLE_USER","component":"Jwt"}
{"level":"info","ts":"2026-06-02T17:33:25.839+0200","caller":"security/jwt.go:102","msg":"authenticated user: valerio.vaudi@gmail.com\n","component":"Jwt"}
{"level":"error","ts":"2026-06-02T17:33:25.839+0200","caller":"database/databaseUtils.go:14","msg":"<nil>"}
{"level":"error","ts":"2026-06-02T17:33:25.845+0200","caller":"plan/endpoints.go:44","msg":"pq: relation \"plan\" does not exist","component":"PlanEndpoints"}
{"level":"info","ts":"2026-06-02T17:34:04.373+0200","caller":"security/jwt.go:77","msg":"authenticating user: valerio.vaudi@gmail.com\n","component":"Jwt"}
{"level":"info","ts":"2026-06-02T17:34:04.373+0200","caller":"security/jwt.go:86","msg":"user valerio.vaudi@gmail.com has those authority [ROLE_BUDGET ROLE_USER FACTOR_PASSWORD]\n","component":"Jwt"}
{"level":"info","ts":"2026-06-02T17:34:04.374+0200","caller":"security/jwt.go:94","msg":"user valerio.vaudi@gmail.com has required authority: ROLE_USER","component":"Jwt"}
{"level":"info","ts":"2026-06-02T17:34:04.374+0200","caller":"security/jwt.go:102","msg":"authenticated user: valerio.vaudi@gmail.com\n","component":"Jwt"}
{"level":"error","ts":"2026-06-02T17:34:04.374+0200","caller":"database/databaseUtils.go:14","msg":"<nil>"}
{"level":"error","ts":"2026-06-02T17:34:04.386+0200","caller":"plan/endpoints.go:81","msg":"pq: relation \"plan\" does not exist","component":"PlanEndpoints"}
{"level":"info","ts":"2026-06-02T17:34:06.205+0200","caller":"security/jwt.go:77","msg":"authenticating user: valerio.vaudi@gmail.com\n","component":"Jwt"}
{"level":"info","ts":"2026-06-02T17:34:06.205+0200","caller":"security/jwt.go:86","msg":"user valerio.vaudi@gmail.com has those authority [ROLE_BUDGET ROLE_USER FACTOR_PASSWORD]\n","component":"Jwt"}
{"level":"info","ts":"2026-06-02T17:34:06.205+0200","caller":"security/jwt.go:94","msg":"user valerio.vaudi@gmail.com has required authority: ROLE_USER","component":"Jwt"}
{"level":"info","ts":"2026-06-02T17:34:06.205+0200","caller":"security/jwt.go:102","msg":"authenticated user: valerio.vaudi@gmail.com\n","component":"Jwt"}
{"level":"error","ts":"2026-06-02T17:34:06.205+0200","caller":"database/databaseUtils.go:14","msg":"<nil>"}
{"level":"error","ts":"2026-06-02T17:34:06.214+0200","caller":"plan/endpoints.go:81","msg":"pq: relation \"plan\" does not exist","component":"PlanEndpoints"}
{"level":"info","ts":"2026-06-02T17:36:30.437+0200","caller":"security/jwt.go:77","msg":"authenticating user: valerio.vaudi@gmail.com\n","component":"Jwt"}
{"level":"info","ts":"2026-06-02T17:36:30.437+0200","caller":"security/jwt.go:86","msg":"user valerio.vaudi@gmail.com has those authority [ROLE_BUDGET ROLE_USER FACTOR_PASSWORD]\n","component":"Jwt"}
{"level":"info","ts":"2026-06-02T17:36:30.437+0200","caller":"security/jwt.go:94","msg":"user valerio.vaudi@gmail.com has required authority: ROLE_USER","component":"Jwt"}
{"level":"info","ts":"2026-06-02T17:36:30.437+0200","caller":"security/jwt.go:102","msg":"authenticated user: valerio.vaudi@gmail.com\n","component":"Jwt"}
{"level":"error","ts":"2026-06-02T17:36:30.438+0200","caller":"database/databaseUtils.go:14","msg":"<nil>"}
{"level":"error","ts":"2026-06-02T17:36:30.466+0200","caller":"db/repository.go:131","msg":"<nil>","component":"PlanPostgresRepository"}
{"level":"info","ts":"2026-06-02T17:36:30.472+0200","caller":"security/jwt.go:77","msg":"authenticating user: valerio.vaudi@gmail.com\n","component":"Jwt"}
{"level":"info","ts":"2026-06-02T17:36:30.472+0200","caller":"security/jwt.go:86","msg":"user valerio.vaudi@gmail.com has those authority [ROLE_BUDGET ROLE_USER FACTOR_PASSWORD]\n","component":"Jwt"}
{"level":"info","ts":"2026-06-02T17:36:30.472+0200","caller":"security/jwt.go:94","msg":"user valerio.vaudi@gmail.com has required authority: ROLE_USER","component":"Jwt"}
{"level":"info","ts":"2026-06-02T17:36:30.472+0200","caller":"security/jwt.go:102","msg":"authenticated user: valerio.vaudi@gmail.com\n","component":"Jwt"}
{"level":"error","ts":"2026-06-02T17:36:30.472+0200","caller":"database/databaseUtils.go:14","msg":"<nil>"}
{"level":"error","ts":"2026-06-02T17:36:30.482+0200","caller":"db/repository.go:33","msg":"<nil>","component":"PlanPostgresRepository"}
{"level":"error","ts":"2026-06-02T17:36:30.482+0200","caller":"database/databaseUtils.go:14","msg":"<nil>"}
{"level":"error","ts":"2026-06-02T17:36:30.490+0200","caller":"db/repository.go:88","msg":"<nil>","component":"PlanPostgresRepository"}
{"level":"info","ts":"2026-06-02T17:36:31.706+0200","caller":"security/jwt.go:77","msg":"authenticating user: valerio.vaudi@gmail.com\n","component":"Jwt"}
{"level":"info","ts":"2026-06-02T17:36:31.706+0200","caller":"security/jwt.go:86","msg":"user valerio.vaudi@gmail.com has those authority [ROLE_BUDGET ROLE_USER FACTOR_PASSWORD]\n","component":"Jwt"}
{"level":"info","ts":"2026-06-02T17:36:31.706+0200","caller":"security/jwt.go:94","msg":"user valerio.vaudi@gmail.com has required authority: ROLE_USER","component":"Jwt"}
{"level":"info","ts":"2026-06-02T17:36:31.706+0200","caller":"security/jwt.go:102","msg":"authenticated user: valerio.vaudi@gmail.com\n","component":"Jwt"}
{"level":"error","ts":"2026-06-02T17:36:31.706+0200","caller":"database/databaseUtils.go:14","msg":"<nil>"}
{"level":"error","ts":"2026-06-02T17:36:31.711+0200","caller":"db/repository.go:60","msg":"<nil>","component":"PlanPostgresRepository"}
{"level":"error","ts":"2026-06-02T17:36:31.711+0200","caller":"database/databaseUtils.go:14","msg":"<nil>"}
{"level":"error","ts":"2026-06-02T17:36:31.717+0200","caller":"db/repository.go:88","msg":"<nil>","component":"PlanPostgresRepository"}
{"level":"info","ts":"2026-06-02T17:36:34.824+0200","caller":"security/jwt.go:77","msg":"authenticating user: valerio.vaudi@gmail.com\n","component":"Jwt"}
{"level":"info","ts":"2026-06-02T17:36:34.825+0200","caller":"security/jwt.go:86","msg":"user valerio.vaudi@gmail.com has those authority [ROLE_BUDGET ROLE_USER FACTOR_PASSWORD]\n","component":"Jwt"}
{"level":"info","ts":"2026-06-02T17:36:34.825+0200","caller":"security/jwt.go:94","msg":"user valerio.vaudi@gmail.com has required authority: ROLE_USER","component":"Jwt"}
{"level":"info","ts":"2026-06-02T17:36:34.825+0200","caller":"security/jwt.go:102","msg":"authenticated user: valerio.vaudi@gmail.com\n","component":"Jwt"}
{"level":"error","ts":"2026-06-02T17:36:34.825+0200","caller":"database/databaseUtils.go:14","msg":"<nil>"}
{"level":"error","ts":"2026-06-02T17:36:34.831+0200","caller":"db/repository.go:33","msg":"<nil>","component":"PlanPostgresRepository"}
{"level":"error","ts":"2026-06-02T17:36:34.831+0200","caller":"database/databaseUtils.go:14","msg":"<nil>"}
{"level":"error","ts":"2026-06-02T17:36:34.837+0200","caller":"db/repository.go:88","msg":"<nil>","component":"PlanPostgresRepository"}
{"level":"info","ts":"2026-06-02T17:36:36.172+0200","caller":"security/jwt.go:77","msg":"authenticating user: valerio.vaudi@gmail.com\n","component":"Jwt"}
{"level":"info","ts":"2026-06-02T17:36:36.172+0200","caller":"security/jwt.go:86","msg":"user valerio.vaudi@gmail.com has those authority [ROLE_BUDGET ROLE_USER FACTOR_PASSWORD]\n","component":"Jwt"}
{"level":"info","ts":"2026-06-02T17:36:36.172+0200","caller":"security/jwt.go:94","msg":"user valerio.vaudi@gmail.com has required authority: ROLE_USER","component":"Jwt"}
{"level":"info","ts":"2026-06-02T17:36:36.172+0200","caller":"security/jwt.go:102","msg":"authenticated user: valerio.vaudi@gmail.com\n","component":"Jwt"}
{"level":"error","ts":"2026-06-02T17:36:36.172+0200","caller":"database/databaseUtils.go:14","msg":"<nil>"}
{"level":"error","ts":"2026-06-02T17:36:36.179+0200","caller":"db/repository.go:60","msg":"<nil>","component":"PlanPostgresRepository"}
{"level":"error","ts":"2026-06-02T17:36:36.179+0200","caller":"database/databaseUtils.go:14","msg":"<nil>"}
{"level":"error","ts":"2026-06-02T17:36:36.185+0200","caller":"db/repository.go:88","msg":"<nil>","component":"PlanPostgresRepository"}
{"level":"info","ts":"2026-06-02T17:36:43.888+0200","caller":"security/jwt.go:77","msg":"authenticating user: valerio.vaudi@gmail.com\n","component":"Jwt"}
{"level":"info","ts":"2026-06-02T17:36:43.889+0200","caller":"security/jwt.go:86","msg":"user valerio.vaudi@gmail.com has those authority [ROLE_BUDGET ROLE_USER FACTOR_PASSWORD]\n","component":"Jwt"}
{"level":"info","ts":"2026-06-02T17:36:43.889+0200","caller":"security/jwt.go:94","msg":"user valerio.vaudi@gmail.com has required authority: ROLE_USER","component":"Jwt"}
{"level":"info","ts":"2026-06-02T17:36:43.889+0200","caller":"security/jwt.go:102","msg":"authenticated user: valerio.vaudi@gmail.com\n","component":"Jwt"}
{"level":"error","ts":"2026-06-02T17:36:43.889+0200","caller":"database/databaseUtils.go:14","msg":"<nil>"}
{"level":"error","ts":"2026-06-02T17:36:43.923+0200","caller":"db/repository.go:165","msg":"<nil>","component":"PlanPostgresRepository"}
{"level":"info","ts":"2026-06-02T17:36:43.928+0200","caller":"security/jwt.go:77","msg":"authenticating user: valerio.vaudi@gmail.com\n","component":"Jwt"}
{"level":"info","ts":"2026-06-02T17:36:43.928+0200","caller":"security/jwt.go:86","msg":"user valerio.vaudi@gmail.com has those authority [ROLE_BUDGET ROLE_USER FACTOR_PASSWORD]\n","component":"Jwt"}
{"level":"info","ts":"2026-06-02T17:36:43.928+0200","caller":"security/jwt.go:94","msg":"user valerio.vaudi@gmail.com has required authority: ROLE_USER","component":"Jwt"}
{"level":"info","ts":"2026-06-02T17:36:43.928+0200","caller":"security/jwt.go:102","msg":"authenticated user: valerio.vaudi@gmail.com\n","component":"Jwt"}
{"level":"error","ts":"2026-06-02T17:36:43.928+0200","caller":"database/databaseUtils.go:14","msg":"<nil>"}
{"level":"error","ts":"2026-06-02T17:36:43.939+0200","caller":"db/repository.go:60","msg":"<nil>","component":"PlanPostgresRepository"}
{"level":"error","ts":"2026-06-02T17:36:43.940+0200","caller":"database/databaseUtils.go:14","msg":"<nil>"}
{"level":"error","ts":"2026-06-02T17:36:43.948+0200","caller":"db/repository.go:88","msg":"<nil>","component":"PlanPostgresRepository"}
{"level":"info","ts":"2026-06-02T17:36:58.864+0200","caller":"security/jwt.go:77","msg":"authenticating user: valerio.vaudi@gmail.com\n","component":"Jwt"}
{"level":"info","ts":"2026-06-02T17:36:58.864+0200","caller":"security/jwt.go:86","msg":"user valerio.vaudi@gmail.com has those authority [ROLE_BUDGET ROLE_USER FACTOR_PASSWORD]\n","component":"Jwt"}
{"level":"info","ts":"2026-06-02T17:36:58.864+0200","caller":"security/jwt.go:94","msg":"user valerio.vaudi@gmail.com has required authority: ROLE_USER","component":"Jwt"}
{"level":"info","ts":"2026-06-02T17:36:58.864+0200","caller":"security/jwt.go:102","msg":"authenticated user: valerio.vaudi@gmail.com\n","component":"Jwt"}
{"level":"error","ts":"2026-06-02T17:36:58.864+0200","caller":"database/databaseUtils.go:14","msg":"<nil>"}
{"level":"error","ts":"2026-06-02T17:36:58.870+0200","caller":"db/repository.go:33","msg":"<nil>","component":"PlanPostgresRepository"}
{"level":"error","ts":"2026-06-02T17:36:58.870+0200","caller":"database/databaseUtils.go:14","msg":"<nil>"}
{"level":"error","ts":"2026-06-02T17:36:58.876+0200","caller":"db/repository.go:88","msg":"<nil>","component":"PlanPostgresRepository"}
{"level":"error","ts":"2026-06-02T18:43:46.362+0200","caller":"security/jwt.go:64","msg":"failed to verify jwt token: jwt.Parse: failed to parse token: unknown payload type (payload is not JWT?)\n","component":"Jwt"}
{"level":"info","ts":"2026-06-02T18:43:46.363+0200","caller":"security/jwt.go:77","msg":"authenticating user: valerio.vaudi@gmail.com\n","component":"Jwt"}
{"level":"info","ts":"2026-06-02T18:43:46.363+0200","caller":"security/jwt.go:86","msg":"user valerio.vaudi@gmail.com has those authority [ROLE_BUDGET ROLE_USER FACTOR_PASSWORD]\n","component":"Jwt"}
{"level":"info","ts":"2026-06-02T18:43:46.363+0200","caller":"security/jwt.go:94","msg":"user valerio.vaudi@gmail.com has required authority: ROLE_USER","component":"Jwt"}
{"level":"info","ts":"2026-06-02T18:43:46.363+0200","caller":"security/jwt.go:102","msg":"authenticated user: valerio.vaudi@gmail.com\n","component":"Jwt"}
{"level":"error","ts":"2026-06-02T18:43:46.363+0200","caller":"database/databaseUtils.go:14","msg":"<nil>"}
{"level":"error","ts":"2026-06-02T18:43:46.369+0200","caller":"db/repository.go:33","msg":"<nil>","component":"PlanPostgresRepository"}
{"level":"error","ts":"2026-06-02T18:43:46.369+0200","caller":"database/databaseUtils.go:14","msg":"<nil>"}
{"level":"error","ts":"2026-06-02T18:43:46.375+0200","caller":"db/repository.go:88","msg":"<nil>","component":"PlanPostgresRepository"}
{"level":"info","ts":"2026-06-02T19:09:49.188+0200","caller":"security/jwt.go:77","msg":"authenticating user: valerio.vaudi@gmail.com\n","component":"Jwt"}
{"level":"info","ts":"2026-06-02T19:09:49.189+0200","caller":"security/jwt.go:86","msg":"user valerio.vaudi@gmail.com has those authority [ROLE_BUDGET ROLE_USER FACTOR_PASSWORD]\n","component":"Jwt"}
{"level":"info","ts":"2026-06-02T19:09:49.189+0200","caller":"security/jwt.go:94","msg":"user valerio.vaudi@gmail.com has required authority: ROLE_USER","component":"Jwt"}
{"level":"info","ts":"2026-06-02T19:09:49.189+0200","caller":"security/jwt.go:102","msg":"authenticated user: valerio.vaudi@gmail.com\n","component":"Jwt"}
{"level":"error","ts":"2026-06-02T19:09:49.189+0200","caller":"database/databaseUtils.go:14","msg":"<nil>"}
{"level":"error","ts":"2026-06-02T19:09:49.200+0200","caller":"db/repository.go:33","msg":"<nil>","component":"PlanPostgresRepository"}
{"level":"error","ts":"2026-06-02T19:09:49.200+0200","caller":"database/databaseUtils.go:14","msg":"<nil>"}
{"level":"error","ts":"2026-06-02T19:09:49.209+0200","caller":"db/repository.go:88","msg":"<nil>","component":"PlanPostgresRepository"}
{"level":"info","ts":"2026-06-02T19:09:50.518+0200","caller":"security/jwt.go:77","msg":"authenticating user: valerio.vaudi@gmail.com\n","component":"Jwt"}
{"level":"info","ts":"2026-06-02T19:09:50.518+0200","caller":"security/jwt.go:86","msg":"user valerio.vaudi@gmail.com has those authority [ROLE_BUDGET ROLE_USER FACTOR_PASSWORD]\n","component":"Jwt"}
{"level":"info","ts":"2026-06-02T19:09:50.518+0200","caller":"security/jwt.go:94","msg":"user valerio.vaudi@gmail.com has required authority: ROLE_USER","component":"Jwt"}
{"level":"info","ts":"2026-06-02T19:09:50.518+0200","caller":"security/jwt.go:102","msg":"authenticated user: valerio.vaudi@gmail.com\n","component":"Jwt"}
{"level":"error","ts":"2026-06-02T19:09:50.518+0200","caller":"database/databaseUtils.go:14","msg":"<nil>"}
{"level":"error","ts":"2026-06-02T19:09:50.524+0200","caller":"db/repository.go:60","msg":"<nil>","component":"PlanPostgresRepository"}
{"level":"error","ts":"2026-06-02T19:09:50.525+0200","caller":"database/databaseUtils.go:14","msg":"<nil>"}
{"level":"error","ts":"2026-06-02T19:09:50.531+0200","caller":"db/repository.go:88","msg":"<nil>","component":"PlanPostgresRepository"}
{"level":"info","ts":"2026-06-02T19:09:53.937+0200","caller":"security/jwt.go:77","msg":"authenticating user: valerio.vaudi@gmail.com\n","component":"Jwt"}
{"level":"info","ts":"2026-06-02T19:09:53.937+0200","caller":"security/jwt.go:86","msg":"user valerio.vaudi@gmail.com has those authority [ROLE_BUDGET ROLE_USER FACTOR_PASSWORD]\n","component":"Jwt"}
{"level":"info","ts":"2026-06-02T19:09:53.937+0200","caller":"security/jwt.go:94","msg":"user valerio.vaudi@gmail.com has required authority: ROLE_USER","component":"Jwt"}
{"level":"info","ts":"2026-06-02T19:09:53.937+0200","caller":"security/jwt.go:102","msg":"authenticated user: valerio.vaudi@gmail.com\n","component":"Jwt"}
{"level":"error","ts":"2026-06-02T19:09:53.938+0200","caller":"database/databaseUtils.go:14","msg":"<nil>"}
{"level":"error","ts":"2026-06-02T19:09:53.966+0200","caller":"db/repository.go:60","msg":"<nil>","component":"PlanPostgresRepository"}
{"level":"error","ts":"2026-06-02T19:09:53.967+0200","caller":"database/databaseUtils.go:14","msg":"<nil>"}
{"level":"error","ts":"2026-06-02T19:09:53.994+0200","caller":"db/repository.go:88","msg":"<nil>","component":"PlanPostgresRepository"}
{"level":"error","ts":"2026-06-02T19:09:53.994+0200","caller":"database/databaseUtils.go:14","msg":"<nil>"}
{"level":"error","ts":"2026-06-02T19:09:54.011+0200","caller":"db/repository.go:199","msg":"<nil>","component":"PlanPostgresRepository"}
{"level":"info","ts":"2026-06-02T19:09:54.015+0200","caller":"security/jwt.go:77","msg":"authenticating user: valerio.vaudi@gmail.com\n","component":"Jwt"}
{"level":"info","ts":"2026-06-02T19:09:54.015+0200","caller":"security/jwt.go:86","msg":"user valerio.vaudi@gmail.com has those authority [ROLE_BUDGET ROLE_USER FACTOR_PASSWORD]\n","component":"Jwt"}
{"level":"info","ts":"2026-06-02T19:09:54.015+0200","caller":"security/jwt.go:94","msg":"user valerio.vaudi@gmail.com has required authority: ROLE_USER","component":"Jwt"}
{"level":"info","ts":"2026-06-02T19:09:54.015+0200","caller":"security/jwt.go:102","msg":"authenticated user: valerio.vaudi@gmail.com\n","component":"Jwt"}
{"level":"error","ts":"2026-06-02T19:09:54.015+0200","caller":"database/databaseUtils.go:14","msg":"<nil>"}
{"level":"error","ts":"2026-06-02T19:09:54.023+0200","caller":"db/repository.go:60","msg":"<nil>","component":"PlanPostgresRepository"}
{"level":"error","ts":"2026-06-02T19:09:54.024+0200","caller":"database/databaseUtils.go:14","msg":"<nil>"}
{"level":"error","ts":"2026-06-02T19:09:54.033+0200","caller":"db/repository.go:88","msg":"<nil>","component":"PlanPostgresRepository"}
{"level":"info","ts":"2026-06-02T19:09:56.839+0200","caller":"security/jwt.go:77","msg":"authenticating user: valerio.vaudi@gmail.com\n","component":"Jwt"}
{"level":"info","ts":"2026-06-02T19:09:56.839+0200","caller":"security/jwt.go:86","msg":"user valerio.vaudi@gmail.com has those authority [ROLE_BUDGET ROLE_USER FACTOR_PASSWORD]\n","component":"Jwt"}
{"level":"info","ts":"2026-06-02T19:09:56.839+0200","caller":"security/jwt.go:94","msg":"user valerio.vaudi@gmail.com has required authority: ROLE_USER","component":"Jwt"}
{"level":"info","ts":"2026-06-02T19:09:56.839+0200","caller":"security/jwt.go:102","msg":"authenticated user: valerio.vaudi@gmail.com\n","component":"Jwt"}
{"level":"error","ts":"2026-06-02T19:09:56.839+0200","caller":"database/databaseUtils.go:14","msg":"<nil>"}
{"level":"error","ts":"2026-06-02T19:09:56.845+0200","caller":"db/repository.go:60","msg":"<nil>","component":"PlanPostgresRepository"}
{"level":"error","ts":"2026-06-02T19:09:56.845+0200","caller":"database/databaseUtils.go:14","msg":"<nil>"}
{"level":"error","ts":"2026-06-02T19:09:56.851+0200","caller":"db/repository.go:88","msg":"<nil>","component":"PlanPostgresRepository"}
{"level":"error","ts":"2026-06-02T19:09:56.851+0200","caller":"database/databaseUtils.go:14","msg":"<nil>"}
{"level":"error","ts":"2026-06-02T19:09:56.862+0200","caller":"db/repository.go:199","msg":"<nil>","component":"PlanPostgresRepository"}
{"level":"info","ts":"2026-06-02T19:09:56.864+0200","caller":"security/jwt.go:77","msg":"authenticating user: valerio.vaudi@gmail.com\n","component":"Jwt"}
{"level":"info","ts":"2026-06-02T19:09:56.865+0200","caller":"security/jwt.go:86","msg":"user valerio.vaudi@gmail.com has those authority [ROLE_BUDGET ROLE_USER FACTOR_PASSWORD]\n","component":"Jwt"}
{"level":"info","ts":"2026-06-02T19:09:56.865+0200","caller":"security/jwt.go:94","msg":"user valerio.vaudi@gmail.com has required authority: ROLE_USER","component":"Jwt"}
{"level":"info","ts":"2026-06-02T19:09:56.865+0200","caller":"security/jwt.go:102","msg":"authenticated user: valerio.vaudi@gmail.com\n","component":"Jwt"}
{"level":"error","ts":"2026-06-02T19:09:56.865+0200","caller":"database/databaseUtils.go:14","msg":"<nil>"}
{"level":"error","ts":"2026-06-02T19:09:56.870+0200","caller":"db/repository.go:60","msg":"<nil>","component":"PlanPostgresRepository"}
{"level":"error","ts":"2026-06-02T19:09:56.870+0200","caller":"database/databaseUtils.go:14","msg":"<nil>"}
{"level":"error","ts":"2026-06-02T19:09:56.876+0200","caller":"db/repository.go:88","msg":"<nil>","component":"PlanPostgresRepository"}
{"level":"info","ts":"2026-06-02T19:18:56.473+0200","caller":"security/jwt.go:77","msg":"authenticating user: valerio.vaudi@gmail.com\n","component":"Jwt"}
{"level":"info","ts":"2026-06-02T19:18:56.473+0200","caller":"security/jwt.go:86","msg":"user valerio.vaudi@gmail.com has those authority [ROLE_BUDGET ROLE_USER FACTOR_PASSWORD]\n","component":"Jwt"}
{"level":"info","ts":"2026-06-02T19:18:56.474+0200","caller":"security/jwt.go:94","msg":"user valerio.vaudi@gmail.com has required authority: ROLE_USER","component":"Jwt"}
{"level":"info","ts":"2026-06-02T19:18:56.474+0200","caller":"security/jwt.go:102","msg":"authenticated user: valerio.vaudi@gmail.com\n","component":"Jwt"}
{"level":"error","ts":"2026-06-02T19:18:56.474+0200","caller":"database/databaseUtils.go:14","msg":"<nil>"}
{"level":"error","ts":"2026-06-02T19:18:56.480+0200","caller":"db/repository.go:33","msg":"<nil>","component":"PlanPostgresRepository"}
{"level":"error","ts":"2026-06-02T19:18:56.482+0200","caller":"database/databaseUtils.go:14","msg":"<nil>"}
{"level":"error","ts":"2026-06-02T19:18:56.488+0200","caller":"db/repository.go:88","msg":"<nil>","component":"PlanPostgresRepository"}
{"level":"info","ts":"2026-06-02T19:18:57.583+0200","caller":"security/jwt.go:77","msg":"authenticating user: valerio.vaudi@gmail.com\n","component":"Jwt"}
{"level":"info","ts":"2026-06-02T19:18:57.583+0200","caller":"security/jwt.go:86","msg":"user valerio.vaudi@gmail.com has those authority [ROLE_BUDGET ROLE_USER FACTOR_PASSWORD]\n","component":"Jwt"}
{"level":"info","ts":"2026-06-02T19:18:57.583+0200","caller":"security/jwt.go:94","msg":"user valerio.vaudi@gmail.com has required authority: ROLE_USER","component":"Jwt"}
{"level":"info","ts":"2026-06-02T19:18:57.583+0200","caller":"security/jwt.go:102","msg":"authenticated user: valerio.vaudi@gmail.com\n","component":"Jwt"}
{"level":"error","ts":"2026-06-02T19:18:57.583+0200","caller":"database/databaseUtils.go:14","msg":"<nil>"}
{"level":"error","ts":"2026-06-02T19:18:57.593+0200","caller":"db/repository.go:60","msg":"<nil>","component":"PlanPostgresRepository"}
{"level":"error","ts":"2026-06-02T19:18:57.595+0200","caller":"database/databaseUtils.go:14","msg":"<nil>"}
{"level":"error","ts":"2026-06-02T19:18:57.605+0200","caller":"db/repository.go:88","msg":"<nil>","component":"PlanPostgresRepository"}
{"level":"info","ts":"2026-06-02T19:19:00.177+0200","caller":"security/jwt.go:77","msg":"authenticating user: valerio.vaudi@gmail.com\n","component":"Jwt"}
{"level":"info","ts":"2026-06-02T19:19:00.177+0200","caller":"security/jwt.go:86","msg":"user valerio.vaudi@gmail.com has those authority [ROLE_BUDGET ROLE_USER FACTOR_PASSWORD]\n","component":"Jwt"}
{"level":"info","ts":"2026-06-02T19:19:00.178+0200","caller":"security/jwt.go:94","msg":"user valerio.vaudi@gmail.com has required authority: ROLE_USER","component":"Jwt"}
{"level":"info","ts":"2026-06-02T19:19:00.178+0200","caller":"security/jwt.go:102","msg":"authenticated user: valerio.vaudi@gmail.com\n","component":"Jwt"}
{"level":"error","ts":"2026-06-02T19:19:00.178+0200","caller":"database/databaseUtils.go:14","msg":"<nil>"}
{"level":"error","ts":"2026-06-02T19:19:00.209+0200","caller":"db/repository.go:60","msg":"<nil>","component":"PlanPostgresRepository"}
{"level":"error","ts":"2026-06-02T19:19:00.210+0200","caller":"database/databaseUtils.go:14","msg":"<nil>"}
{"level":"error","ts":"2026-06-02T19:19:00.246+0200","caller":"db/repository.go:88","msg":"<nil>","component":"PlanPostgresRepository"}
{"level":"error","ts":"2026-06-02T19:19:00.247+0200","caller":"database/databaseUtils.go:14","msg":"<nil>"}
{"level":"error","ts":"2026-06-02T19:19:00.281+0200","caller":"db/repository.go:199","msg":"<nil>","component":"PlanPostgresRepository"}
{"level":"info","ts":"2026-06-02T19:19:00.295+0200","caller":"security/jwt.go:77","msg":"authenticating user: valerio.vaudi@gmail.com\n","component":"Jwt"}
{"level":"info","ts":"2026-06-02T19:19:00.295+0200","caller":"security/jwt.go:86","msg":"user valerio.vaudi@gmail.com has those authority [ROLE_BUDGET ROLE_USER FACTOR_PASSWORD]\n","component":"Jwt"}
{"level":"info","ts":"2026-06-02T19:19:00.295+0200","caller":"security/jwt.go:94","msg":"user valerio.vaudi@gmail.com has required authority: ROLE_USER","component":"Jwt"}
{"level":"info","ts":"2026-06-02T19:19:00.296+0200","caller":"security/jwt.go:102","msg":"authenticated user: valerio.vaudi@gmail.com\n","component":"Jwt"}
{"level":"error","ts":"2026-06-02T19:19:00.296+0200","caller":"database/databaseUtils.go:14","msg":"<nil>"}
{"level":"error","ts":"2026-06-02T19:19:00.312+0200","caller":"db/repository.go:60","msg":"<nil>","component":"PlanPostgresRepository"}
{"level":"error","ts":"2026-06-02T19:19:00.313+0200","caller":"database/databaseUtils.go:14","msg":"<nil>"}
{"level":"error","ts":"2026-06-02T19:19:00.330+0200","caller":"db/repository.go:88","msg":"<nil>","component":"PlanPostgresRepository"}
{"level":"info","ts":"2026-06-02T19:19:02.654+0200","caller":"security/jwt.go:77","msg":"authenticating user: valerio.vaudi@gmail.com\n","component":"Jwt"}
{"level":"info","ts":"2026-06-02T19:19:02.655+0200","caller":"security/jwt.go:86","msg":"user valerio.vaudi@gmail.com has those authority [ROLE_BUDGET ROLE_USER FACTOR_PASSWORD]\n","component":"Jwt"}
{"level":"info","ts":"2026-06-02T19:19:02.658+0200","caller":"security/jwt.go:94","msg":"user valerio.vaudi@gmail.com has required authority: ROLE_USER","component":"Jwt"}
{"level":"info","ts":"2026-06-02T19:19:02.659+0200","caller":"security/jwt.go:102","msg":"authenticated user: valerio.vaudi@gmail.com\n","component":"Jwt"}
{"level":"error","ts":"2026-06-02T19:19:02.661+0200","caller":"database/databaseUtils.go:14","msg":"<nil>"}
{"level":"error","ts":"2026-06-02T19:19:02.703+0200","caller":"db/repository.go:216","msg":"<nil>","component":"PlanPostgresRepository"}
{"level":"info","ts":"2026-06-02T19:19:02.724+0200","caller":"security/jwt.go:77","msg":"authenticating user: valerio.vaudi@gmail.com\n","component":"Jwt"}
{"level":"info","ts":"2026-06-02T19:19:02.724+0200","caller":"security/jwt.go:86","msg":"user valerio.vaudi@gmail.com has those authority [ROLE_BUDGET ROLE_USER FACTOR_PASSWORD]\n","component":"Jwt"}
{"level":"info","ts":"2026-06-02T19:19:02.724+0200","caller":"security/jwt.go:94","msg":"user valerio.vaudi@gmail.com has required authority: ROLE_USER","component":"Jwt"}
{"level":"info","ts":"2026-06-02T19:19:02.724+0200","caller":"security/jwt.go:102","msg":"authenticated user: valerio.vaudi@gmail.com\n","component":"Jwt"}
{"level":"error","ts":"2026-06-02T19:19:02.724+0200","caller":"database/databaseUtils.go:14","msg":"<nil>"}
{"level":"error","ts":"2026-06-02T19:19:02.742+0200","caller":"db/repository.go:60","msg":"<nil>","component":"PlanPostgresRepository"}
{"level":"error","ts":"2026-06-02T19:19:02.744+0200","caller":"database/databaseUtils.go:14","msg":"<nil>"}
{"level":"error","ts":"2026-06-02T19:19:02.756+0200","caller":"db/repository.go:88","msg":"<nil>","component":"PlanPostgresRepository"}
